"sector_id","sector_nombre","variable_id","actividad_producto_nombre","indicador","unidad_de_medida","fuente","frecuencia_nombre","cobertura_nombre","alcance_tipo","alcance_id","alcance_nombre","indice_tiempo","valor"
26,"Industrias Metálicas Básicas, Siderurgia y aluminio",449,"Acero crudo","Producción","miles de tn","Cámara Argentina del Acero","Mensual","Nacional","PAIS","200","Argentina",1993-01-01,214.5
26,"Industrias Metálicas Básicas, Siderurgia y aluminio",449,"Acero crudo","Producción","miles de tn","Cámara Argentina del Acero","Mensual","Nacional","PAIS","200","Argentina",1993-02-01,169
26,"Industrias Metálicas Básicas, Siderurgia y aluminio",449,"Acero crudo","Producción","miles de tn","Cámara Argentina del Acero","Mensual","Nacional","PAIS","200","Argentina",1993-03-01,238.7
26,"Industrias Metálicas Básicas, Siderurgia y aluminio",449,"Acero crudo","Producción","miles de tn","Cámara Argentina del Acero","Mensual","Nacional","PAIS","200","Argentina",1993-04-01,250.2
26,"Industrias Metálicas Básicas, Siderurgia y aluminio",449,"Acero crudo","Producción","miles de tn","Cámara Argentina del Acero","Mensual","Nacional","PAIS","200","Argentina",1993-05-01,261.2
26,"Industrias Metálicas Básicas, Siderurgia y aluminio",449,"Acero crudo","Producción","miles de tn","Cámara Argentina del Acero","Mensual","Nacional","PAIS","200","Argentina",1993-06-01,256.5
26,"Industrias Metálicas Básicas, Siderurgia y aluminio",449,"Acero crudo","Producción","miles de tn","Cámara Argentina del Acero","Mensual","Nacional","PAIS","200","Argentina",1993-07-01,251.3
26,"Industrias Metálicas Básicas, Siderurgia y aluminio",449,"Acero crudo","Producción","miles de tn","Cámara Argentina del Acero","Mensual","Nacional","PAIS","200","Argentina",1993-08-01,267
26,"Industrias Metálicas Básicas, Siderurgia y aluminio",449,"Acero crudo","Producción","miles de tn","Cámara Argentina del Acero","Mensual","Nacional","PAIS","200","Argentina",1993-09-01,260.7
26,"Industrias Metálicas Básicas, Siderurgia y aluminio",449,"Acero crudo","Producción","miles de tn","Cámara Argentina del Acero","Mensual","Nacional","PAIS","200","Argentina",1993-10-01,266.9
26,"Industrias Metálicas Básicas, Siderurgia y aluminio",449,"Acero crudo","Producción","miles de tn","Cámara Argentina del Acero","Mensual","Nacional","PAIS","200","Argentina",1993-11-01,247.4
26,"Industrias Metálicas Básicas, Siderurgia y aluminio",449,"Acero crudo","Producción","miles de tn","Cámara Argentina del Acero","Mensual","Nacional","PAIS","200","Argentina",1993-12-01,202
26,"Industrias Metálicas Básicas, Siderurgia y aluminio",449,"Acero crudo","Producción","miles de tn","Cámara Argentina del Acero","Mensual","Nacional","PAIS","200","Argentina",1994-01-01,229.2
26,"Industrias Metálicas Básicas, Siderurgia y aluminio",449,"Acero crudo","Producción","miles de tn","Cámara Argentina del Acero","Mensual","Nacional","PAIS","200","Argentina",1994-02-01,185.8
26,"Industrias Metálicas Básicas, Siderurgia y aluminio",449,"Acero crudo","Producción","miles de tn","Cámara Argentina del Acero","Mensual","Nacional","PAIS","200","Argentina",1994-03-01,277.9
26,"Industrias Metálicas Básicas, Siderurgia y aluminio",449,"Acero crudo","Producción","miles de tn","Cámara Argentina del Acero","Mensual","Nacional","PAIS","200","Argentina",1994-04-01,291.9
26,"Industrias Metálicas Básicas, Siderurgia y aluminio",449,"Acero crudo","Producción","miles de tn","Cámara Argentina del Acero","Mensual","Nacional","PAIS","200","Argentina",1994-05-01,276.5
26,"Industrias Metálicas Básicas, Siderurgia y aluminio",449,"Acero crudo","Producción","miles de tn","Cámara Argentina del Acero","Mensual","Nacional","PAIS","200","Argentina",1994-06-01,268.4
26,"Industrias Metálicas Básicas, Siderurgia y aluminio",449,"Acero crudo","Producción","miles de tn","Cámara Argentina del Acero","Mensual","Nacional","PAIS","200","Argentina",1994-07-01,283.5
26,"Industrias Metálicas Básicas, Siderurgia y aluminio",449,"Acero crudo","Producción","miles de tn","Cámara Argentina del Acero","Mensual","Nacional","PAIS","200","Argentina",1994-08-01,312
26,"Industrias Metálicas Básicas, Siderurgia y aluminio",449,"Acero crudo","Producción","miles de tn","Cámara Argentina del Acero","Mensual","Nacional","PAIS","200","Argentina",1994-09-01,294.3
26,"Industrias Metálicas Básicas, Siderurgia y aluminio",449,"Acero crudo","Producción","miles de tn","Cámara Argentina del Acero","Mensual","Nacional","PAIS","200","Argentina",1994-10-01,327.1
26,"Industrias Metálicas Básicas, Siderurgia y aluminio",449,"Acero crudo","Producción","miles de tn","Cámara Argentina del Acero","Mensual","Nacional","PAIS","200","Argentina",1994-11-01,286.1
26,"Industrias Metálicas Básicas, Siderurgia y aluminio",449,"Acero crudo","Producción","miles de tn","Cámara Argentina del Acero","Mensual","Nacional","PAIS","200","Argentina",1994-12-01,272.3
26,"Industrias Metálicas Básicas, Siderurgia y aluminio",449,"Acero crudo","Producción","miles de tn","Cámara Argentina del Acero","Mensual","Nacional","PAIS","200","Argentina",1995-01-01,262.1
26,"Industrias Metálicas Básicas, Siderurgia y aluminio",449,"Acero crudo","Producción","miles de tn","Cámara Argentina del Acero","Mensual","Nacional","PAIS","200","Argentina",1995-02-01,230.8
26,"Industrias Metálicas Básicas, Siderurgia y aluminio",449,"Acero crudo","Producción","miles de tn","Cámara Argentina del Acero","Mensual","Nacional","PAIS","200","Argentina",1995-03-01,306.7
26,"Industrias Metálicas Básicas, Siderurgia y aluminio",449,"Acero crudo","Producción","miles de tn","Cámara Argentina del Acero","Mensual","Nacional","PAIS","200","Argentina",1995-04-01,293.9
26,"Industrias Metálicas Básicas, Siderurgia y aluminio",449,"Acero crudo","Producción","miles de tn","Cámara Argentina del Acero","Mensual","Nacional","PAIS","200","Argentina",1995-05-01,305
26,"Industrias Metálicas Básicas, Siderurgia y aluminio",449,"Acero crudo","Producción","miles de tn","Cámara Argentina del Acero","Mensual","Nacional","PAIS","200","Argentina",1995-06-01,300.4
26,"Industrias Metálicas Básicas, Siderurgia y aluminio",449,"Acero crudo","Producción","miles de tn","Cámara Argentina del Acero","Mensual","Nacional","PAIS","200","Argentina",1995-07-01,322.4
26,"Industrias Metálicas Básicas, Siderurgia y aluminio",449,"Acero crudo","Producción","miles de tn","Cámara Argentina del Acero","Mensual","Nacional","PAIS","200","Argentina",1995-08-01,317
26,"Industrias Metálicas Básicas, Siderurgia y aluminio",449,"Acero crudo","Producción","miles de tn","Cámara Argentina del Acero","Mensual","Nacional","PAIS","200","Argentina",1995-09-01,302.8
26,"Industrias Metálicas Básicas, Siderurgia y aluminio",449,"Acero crudo","Producción","miles de tn","Cámara Argentina del Acero","Mensual","Nacional","PAIS","200","Argentina",1995-10-01,333.7
26,"Industrias Metálicas Básicas, Siderurgia y aluminio",449,"Acero crudo","Producción","miles de tn","Cámara Argentina del Acero","Mensual","Nacional","PAIS","200","Argentina",1995-11-01,330.6
26,"Industrias Metálicas Básicas, Siderurgia y aluminio",449,"Acero crudo","Producción","miles de tn","Cámara Argentina del Acero","Mensual","Nacional","PAIS","200","Argentina",1995-12-01,263.1
26,"Industrias Metálicas Básicas, Siderurgia y aluminio",449,"Acero crudo","Producción","miles de tn","Cámara Argentina del Acero","Mensual","Nacional","PAIS","200","Argentina",1996-01-01,271.2
26,"Industrias Metálicas Básicas, Siderurgia y aluminio",449,"Acero crudo","Producción","miles de tn","Cámara Argentina del Acero","Mensual","Nacional","PAIS","200","Argentina",1996-02-01,305.7
26,"Industrias Metálicas Básicas, Siderurgia y aluminio",449,"Acero crudo","Producción","miles de tn","Cámara Argentina del Acero","Mensual","Nacional","PAIS","200","Argentina",1996-03-01,361.5
26,"Industrias Metálicas Básicas, Siderurgia y aluminio",449,"Acero crudo","Producción","miles de tn","Cámara Argentina del Acero","Mensual","Nacional","PAIS","200","Argentina",1996-04-01,336.1
26,"Industrias Metálicas Básicas, Siderurgia y aluminio",449,"Acero crudo","Producción","miles de tn","Cámara Argentina del Acero","Mensual","Nacional","PAIS","200","Argentina",1996-05-01,345.6
26,"Industrias Metálicas Básicas, Siderurgia y aluminio",449,"Acero crudo","Producción","miles de tn","Cámara Argentina del Acero","Mensual","Nacional","PAIS","200","Argentina",1996-06-01,350.1
26,"Industrias Metálicas Básicas, Siderurgia y aluminio",449,"Acero crudo","Producción","miles de tn","Cámara Argentina del Acero","Mensual","Nacional","PAIS","200","Argentina",1996-07-01,352.7
26,"Industrias Metálicas Básicas, Siderurgia y aluminio",449,"Acero crudo","Producción","miles de tn","Cámara Argentina del Acero","Mensual","Nacional","PAIS","200","Argentina",1996-08-01,353
26,"Industrias Metálicas Básicas, Siderurgia y aluminio",449,"Acero crudo","Producción","miles de tn","Cámara Argentina del Acero","Mensual","Nacional","PAIS","200","Argentina",1996-09-01,339.1
26,"Industrias Metálicas Básicas, Siderurgia y aluminio",449,"Acero crudo","Producción","miles de tn","Cámara Argentina del Acero","Mensual","Nacional","PAIS","200","Argentina",1996-10-01,373.3
26,"Industrias Metálicas Básicas, Siderurgia y aluminio",449,"Acero crudo","Producción","miles de tn","Cámara Argentina del Acero","Mensual","Nacional","PAIS","200","Argentina",1996-11-01,364.2
26,"Industrias Metálicas Básicas, Siderurgia y aluminio",449,"Acero crudo","Producción","miles de tn","Cámara Argentina del Acero","Mensual","Nacional","PAIS","200","Argentina",1996-12-01,322.6
26,"Industrias Metálicas Básicas, Siderurgia y aluminio",449,"Acero crudo","Producción","miles de tn","Cámara Argentina del Acero","Mensual","Nacional","PAIS","200","Argentina",1997-01-01,272.326
26,"Industrias Metálicas Básicas, Siderurgia y aluminio",449,"Acero crudo","Producción","miles de tn","Cámara Argentina del Acero","Mensual","Nacional","PAIS","200","Argentina",1997-02-01,280.148
26,"Industrias Metálicas Básicas, Siderurgia y aluminio",449,"Acero crudo","Producción","miles de tn","Cámara Argentina del Acero","Mensual","Nacional","PAIS","200","Argentina",1997-03-01,355.406
26,"Industrias Metálicas Básicas, Siderurgia y aluminio",449,"Acero crudo","Producción","miles de tn","Cámara Argentina del Acero","Mensual","Nacional","PAIS","200","Argentina",1997-04-01,366.247
26,"Industrias Metálicas Básicas, Siderurgia y aluminio",449,"Acero crudo","Producción","miles de tn","Cámara Argentina del Acero","Mensual","Nacional","PAIS","200","Argentina",1997-05-01,353.631
26,"Industrias Metálicas Básicas, Siderurgia y aluminio",449,"Acero crudo","Producción","miles de tn","Cámara Argentina del Acero","Mensual","Nacional","PAIS","200","Argentina",1997-06-01,357.742
26,"Industrias Metálicas Básicas, Siderurgia y aluminio",449,"Acero crudo","Producción","miles de tn","Cámara Argentina del Acero","Mensual","Nacional","PAIS","200","Argentina",1997-07-01,380.354
26,"Industrias Metálicas Básicas, Siderurgia y aluminio",449,"Acero crudo","Producción","miles de tn","Cámara Argentina del Acero","Mensual","Nacional","PAIS","200","Argentina",1997-08-01,358.874
26,"Industrias Metálicas Básicas, Siderurgia y aluminio",449,"Acero crudo","Producción","miles de tn","Cámara Argentina del Acero","Mensual","Nacional","PAIS","200","Argentina",1997-09-01,359.424
26,"Industrias Metálicas Básicas, Siderurgia y aluminio",449,"Acero crudo","Producción","miles de tn","Cámara Argentina del Acero","Mensual","Nacional","PAIS","200","Argentina",1997-10-01,384.247
26,"Industrias Metálicas Básicas, Siderurgia y aluminio",449,"Acero crudo","Producción","miles de tn","Cámara Argentina del Acero","Mensual","Nacional","PAIS","200","Argentina",1997-11-01,364.88
26,"Industrias Metálicas Básicas, Siderurgia y aluminio",449,"Acero crudo","Producción","miles de tn","Cámara Argentina del Acero","Mensual","Nacional","PAIS","200","Argentina",1997-12-01,336.587
26,"Industrias Metálicas Básicas, Siderurgia y aluminio",449,"Acero crudo","Producción","miles de tn","Cámara Argentina del Acero","Mensual","Nacional","PAIS","200","Argentina",1998-01-01,328.44
26,"Industrias Metálicas Básicas, Siderurgia y aluminio",449,"Acero crudo","Producción","miles de tn","Cámara Argentina del Acero","Mensual","Nacional","PAIS","200","Argentina",1998-02-01,331
26,"Industrias Metálicas Básicas, Siderurgia y aluminio",449,"Acero crudo","Producción","miles de tn","Cámara Argentina del Acero","Mensual","Nacional","PAIS","200","Argentina",1998-03-01,332.29
26,"Industrias Metálicas Básicas, Siderurgia y aluminio",449,"Acero crudo","Producción","miles de tn","Cámara Argentina del Acero","Mensual","Nacional","PAIS","200","Argentina",1998-04-01,370.306
26,"Industrias Metálicas Básicas, Siderurgia y aluminio",449,"Acero crudo","Producción","miles de tn","Cámara Argentina del Acero","Mensual","Nacional","PAIS","200","Argentina",1998-05-01,388.088
26,"Industrias Metálicas Básicas, Siderurgia y aluminio",449,"Acero crudo","Producción","miles de tn","Cámara Argentina del Acero","Mensual","Nacional","PAIS","200","Argentina",1998-06-01,373.034
26,"Industrias Metálicas Básicas, Siderurgia y aluminio",449,"Acero crudo","Producción","miles de tn","Cámara Argentina del Acero","Mensual","Nacional","PAIS","200","Argentina",1998-07-01,357.168
26,"Industrias Metálicas Básicas, Siderurgia y aluminio",449,"Acero crudo","Producción","miles de tn","Cámara Argentina del Acero","Mensual","Nacional","PAIS","200","Argentina",1998-08-01,387.41
26,"Industrias Metálicas Básicas, Siderurgia y aluminio",449,"Acero crudo","Producción","miles de tn","Cámara Argentina del Acero","Mensual","Nacional","PAIS","200","Argentina",1998-09-01,351.717
26,"Industrias Metálicas Básicas, Siderurgia y aluminio",449,"Acero crudo","Producción","miles de tn","Cámara Argentina del Acero","Mensual","Nacional","PAIS","200","Argentina",1998-10-01,362.126
26,"Industrias Metálicas Básicas, Siderurgia y aluminio",449,"Acero crudo","Producción","miles de tn","Cámara Argentina del Acero","Mensual","Nacional","PAIS","200","Argentina",1998-11-01,343.087
26,"Industrias Metálicas Básicas, Siderurgia y aluminio",449,"Acero crudo","Producción","miles de tn","Cámara Argentina del Acero","Mensual","Nacional","PAIS","200","Argentina",1998-12-01,290.724
26,"Industrias Metálicas Básicas, Siderurgia y aluminio",449,"Acero crudo","Producción","miles de tn","Cámara Argentina del Acero","Mensual","Nacional","PAIS","200","Argentina",1999-01-01,253.664
26,"Industrias Metálicas Básicas, Siderurgia y aluminio",449,"Acero crudo","Producción","miles de tn","Cámara Argentina del Acero","Mensual","Nacional","PAIS","200","Argentina",1999-02-01,239.915
26,"Industrias Metálicas Básicas, Siderurgia y aluminio",449,"Acero crudo","Producción","miles de tn","Cámara Argentina del Acero","Mensual","Nacional","PAIS","200","Argentina",1999-03-01,279.266
26,"Industrias Metálicas Básicas, Siderurgia y aluminio",449,"Acero crudo","Producción","miles de tn","Cámara Argentina del Acero","Mensual","Nacional","PAIS","200","Argentina",1999-04-01,298.123
26,"Industrias Metálicas Básicas, Siderurgia y aluminio",449,"Acero crudo","Producción","miles de tn","Cámara Argentina del Acero","Mensual","Nacional","PAIS","200","Argentina",1999-05-01,316.132
26,"Industrias Metálicas Básicas, Siderurgia y aluminio",449,"Acero crudo","Producción","miles de tn","Cámara Argentina del Acero","Mensual","Nacional","PAIS","200","Argentina",1999-06-01,310.635
26,"Industrias Metálicas Básicas, Siderurgia y aluminio",449,"Acero crudo","Producción","miles de tn","Cámara Argentina del Acero","Mensual","Nacional","PAIS","200","Argentina",1999-07-01,346.93
26,"Industrias Metálicas Básicas, Siderurgia y aluminio",449,"Acero crudo","Producción","miles de tn","Cámara Argentina del Acero","Mensual","Nacional","PAIS","200","Argentina",1999-08-01,350.232
26,"Industrias Metálicas Básicas, Siderurgia y aluminio",449,"Acero crudo","Producción","miles de tn","Cámara Argentina del Acero","Mensual","Nacional","PAIS","200","Argentina",1999-09-01,347.849
26,"Industrias Metálicas Básicas, Siderurgia y aluminio",449,"Acero crudo","Producción","miles de tn","Cámara Argentina del Acero","Mensual","Nacional","PAIS","200","Argentina",1999-10-01,361.894
26,"Industrias Metálicas Básicas, Siderurgia y aluminio",449,"Acero crudo","Producción","miles de tn","Cámara Argentina del Acero","Mensual","Nacional","PAIS","200","Argentina",1999-11-01,361.442
26,"Industrias Metálicas Básicas, Siderurgia y aluminio",449,"Acero crudo","Producción","miles de tn","Cámara Argentina del Acero","Mensual","Nacional","PAIS","200","Argentina",1999-12-01,338.623
26,"Industrias Metálicas Básicas, Siderurgia y aluminio",449,"Acero crudo","Producción","miles de tn","Cámara Argentina del Acero","Mensual","Nacional","PAIS","200","Argentina",2000-01-01,302.155
26,"Industrias Metálicas Básicas, Siderurgia y aluminio",449,"Acero crudo","Producción","miles de tn","Cámara Argentina del Acero","Mensual","Nacional","PAIS","200","Argentina",2000-02-01,324.711
26,"Industrias Metálicas Básicas, Siderurgia y aluminio",449,"Acero crudo","Producción","miles de tn","Cámara Argentina del Acero","Mensual","Nacional","PAIS","200","Argentina",2000-03-01,388.015
26,"Industrias Metálicas Básicas, Siderurgia y aluminio",449,"Acero crudo","Producción","miles de tn","Cámara Argentina del Acero","Mensual","Nacional","PAIS","200","Argentina",2000-04-01,379.714
26,"Industrias Metálicas Básicas, Siderurgia y aluminio",449,"Acero crudo","Producción","miles de tn","Cámara Argentina del Acero","Mensual","Nacional","PAIS","200","Argentina",2000-05-01,352.836
26,"Industrias Metálicas Básicas, Siderurgia y aluminio",449,"Acero crudo","Producción","miles de tn","Cámara Argentina del Acero","Mensual","Nacional","PAIS","200","Argentina",2000-06-01,338.285
26,"Industrias Metálicas Básicas, Siderurgia y aluminio",449,"Acero crudo","Producción","miles de tn","Cámara Argentina del Acero","Mensual","Nacional","PAIS","200","Argentina",2000-07-01,371.877
26,"Industrias Metálicas Básicas, Siderurgia y aluminio",449,"Acero crudo","Producción","miles de tn","Cámara Argentina del Acero","Mensual","Nacional","PAIS","200","Argentina",2000-08-01,397.81
26,"Industrias Metálicas Básicas, Siderurgia y aluminio",449,"Acero crudo","Producción","miles de tn","Cámara Argentina del Acero","Mensual","Nacional","PAIS","200","Argentina",2000-09-01,408.132
26,"Industrias Metálicas Básicas, Siderurgia y aluminio",449,"Acero crudo","Producción","miles de tn","Cámara Argentina del Acero","Mensual","Nacional","PAIS","200","Argentina",2000-10-01,413.756
26,"Industrias Metálicas Básicas, Siderurgia y aluminio",449,"Acero crudo","Producción","miles de tn","Cámara Argentina del Acero","Mensual","Nacional","PAIS","200","Argentina",2000-11-01,407.683
26,"Industrias Metálicas Básicas, Siderurgia y aluminio",449,"Acero crudo","Producción","miles de tn","Cámara Argentina del Acero","Mensual","Nacional","PAIS","200","Argentina",2000-12-01,394.23
26,"Industrias Metálicas Básicas, Siderurgia y aluminio",449,"Acero crudo","Producción","miles de tn","Cámara Argentina del Acero","Mensual","Nacional","PAIS","200","Argentina",2001-01-01,327.847
26,"Industrias Metálicas Básicas, Siderurgia y aluminio",449,"Acero crudo","Producción","miles de tn","Cámara Argentina del Acero","Mensual","Nacional","PAIS","200","Argentina",2001-02-01,317.631
26,"Industrias Metálicas Básicas, Siderurgia y aluminio",449,"Acero crudo","Producción","miles de tn","Cámara Argentina del Acero","Mensual","Nacional","PAIS","200","Argentina",2001-03-01,386.923
26,"Industrias Metálicas Básicas, Siderurgia y aluminio",449,"Acero crudo","Producción","miles de tn","Cámara Argentina del Acero","Mensual","Nacional","PAIS","200","Argentina",2001-04-01,387.175
26,"Industrias Metálicas Básicas, Siderurgia y aluminio",449,"Acero crudo","Producción","miles de tn","Cámara Argentina del Acero","Mensual","Nacional","PAIS","200","Argentina",2001-05-01,396.452
26,"Industrias Metálicas Básicas, Siderurgia y aluminio",449,"Acero crudo","Producción","miles de tn","Cámara Argentina del Acero","Mensual","Nacional","PAIS","200","Argentina",2001-06-01,375.242
26,"Industrias Metálicas Básicas, Siderurgia y aluminio",449,"Acero crudo","Producción","miles de tn","Cámara Argentina del Acero","Mensual","Nacional","PAIS","200","Argentina",2001-07-01,360.09
26,"Industrias Metálicas Básicas, Siderurgia y aluminio",449,"Acero crudo","Producción","miles de tn","Cámara Argentina del Acero","Mensual","Nacional","PAIS","200","Argentina",2001-08-01,275.923
26,"Industrias Metálicas Básicas, Siderurgia y aluminio",449,"Acero crudo","Producción","miles de tn","Cámara Argentina del Acero","Mensual","Nacional","PAIS","200","Argentina",2001-09-01,349.783
26,"Industrias Metálicas Básicas, Siderurgia y aluminio",449,"Acero crudo","Producción","miles de tn","Cámara Argentina del Acero","Mensual","Nacional","PAIS","200","Argentina",2001-10-01,336.116
26,"Industrias Metálicas Básicas, Siderurgia y aluminio",449,"Acero crudo","Producción","miles de tn","Cámara Argentina del Acero","Mensual","Nacional","PAIS","200","Argentina",2001-11-01,312.468
26,"Industrias Metálicas Básicas, Siderurgia y aluminio",449,"Acero crudo","Producción","miles de tn","Cámara Argentina del Acero","Mensual","Nacional","PAIS","200","Argentina",2001-12-01,282.351
26,"Industrias Metálicas Básicas, Siderurgia y aluminio",449,"Acero crudo","Producción","miles de tn","Cámara Argentina del Acero","Mensual","Nacional","PAIS","200","Argentina",2002-01-01,255.253
26,"Industrias Metálicas Básicas, Siderurgia y aluminio",449,"Acero crudo","Producción","miles de tn","Cámara Argentina del Acero","Mensual","Nacional","PAIS","200","Argentina",2002-02-01,305.924
26,"Industrias Metálicas Básicas, Siderurgia y aluminio",449,"Acero crudo","Producción","miles de tn","Cámara Argentina del Acero","Mensual","Nacional","PAIS","200","Argentina",2002-03-01,341.137
26,"Industrias Metálicas Básicas, Siderurgia y aluminio",449,"Acero crudo","Producción","miles de tn","Cámara Argentina del Acero","Mensual","Nacional","PAIS","200","Argentina",2002-04-01,391.662
26,"Industrias Metálicas Básicas, Siderurgia y aluminio",449,"Acero crudo","Producción","miles de tn","Cámara Argentina del Acero","Mensual","Nacional","PAIS","200","Argentina",2002-05-01,389.87
26,"Industrias Metálicas Básicas, Siderurgia y aluminio",449,"Acero crudo","Producción","miles de tn","Cámara Argentina del Acero","Mensual","Nacional","PAIS","200","Argentina",2002-06-01,357.69
26,"Industrias Metálicas Básicas, Siderurgia y aluminio",449,"Acero crudo","Producción","miles de tn","Cámara Argentina del Acero","Mensual","Nacional","PAIS","200","Argentina",2002-07-01,378.536
26,"Industrias Metálicas Básicas, Siderurgia y aluminio",449,"Acero crudo","Producción","miles de tn","Cámara Argentina del Acero","Mensual","Nacional","PAIS","200","Argentina",2002-08-01,393.21
26,"Industrias Metálicas Básicas, Siderurgia y aluminio",449,"Acero crudo","Producción","miles de tn","Cámara Argentina del Acero","Mensual","Nacional","PAIS","200","Argentina",2002-09-01,388.444
26,"Industrias Metálicas Básicas, Siderurgia y aluminio",449,"Acero crudo","Producción","miles de tn","Cámara Argentina del Acero","Mensual","Nacional","PAIS","200","Argentina",2002-10-01,411.031
26,"Industrias Metálicas Básicas, Siderurgia y aluminio",449,"Acero crudo","Producción","miles de tn","Cámara Argentina del Acero","Mensual","Nacional","PAIS","200","Argentina",2002-11-01,372.2
26,"Industrias Metálicas Básicas, Siderurgia y aluminio",449,"Acero crudo","Producción","miles de tn","Cámara Argentina del Acero","Mensual","Nacional","PAIS","200","Argentina",2002-12-01,375.6
26,"Industrias Metálicas Básicas, Siderurgia y aluminio",449,"Acero crudo","Producción","miles de tn","Cámara Argentina del Acero","Mensual","Nacional","PAIS","200","Argentina",2003-01-01,362.708
26,"Industrias Metálicas Básicas, Siderurgia y aluminio",449,"Acero crudo","Producción","miles de tn","Cámara Argentina del Acero","Mensual","Nacional","PAIS","200","Argentina",2003-02-01,383.965
26,"Industrias Metálicas Básicas, Siderurgia y aluminio",449,"Acero crudo","Producción","miles de tn","Cámara Argentina del Acero","Mensual","Nacional","PAIS","200","Argentina",2003-03-01,447.984
26,"Industrias Metálicas Básicas, Siderurgia y aluminio",449,"Acero crudo","Producción","miles de tn","Cámara Argentina del Acero","Mensual","Nacional","PAIS","200","Argentina",2003-04-01,428.606
26,"Industrias Metálicas Básicas, Siderurgia y aluminio",449,"Acero crudo","Producción","miles de tn","Cámara Argentina del Acero","Mensual","Nacional","PAIS","200","Argentina",2003-05-01,442.093
26,"Industrias Metálicas Básicas, Siderurgia y aluminio",449,"Acero crudo","Producción","miles de tn","Cámara Argentina del Acero","Mensual","Nacional","PAIS","200","Argentina",2003-06-01,420.441
26,"Industrias Metálicas Básicas, Siderurgia y aluminio",449,"Acero crudo","Producción","miles de tn","Cámara Argentina del Acero","Mensual","Nacional","PAIS","200","Argentina",2003-07-01,423.75
26,"Industrias Metálicas Básicas, Siderurgia y aluminio",449,"Acero crudo","Producción","miles de tn","Cámara Argentina del Acero","Mensual","Nacional","PAIS","200","Argentina",2003-08-01,438.106
26,"Industrias Metálicas Básicas, Siderurgia y aluminio",449,"Acero crudo","Producción","miles de tn","Cámara Argentina del Acero","Mensual","Nacional","PAIS","200","Argentina",2003-09-01,410.787
26,"Industrias Metálicas Básicas, Siderurgia y aluminio",449,"Acero crudo","Producción","miles de tn","Cámara Argentina del Acero","Mensual","Nacional","PAIS","200","Argentina",2003-10-01,448.122
26,"Industrias Metálicas Básicas, Siderurgia y aluminio",449,"Acero crudo","Producción","miles de tn","Cámara Argentina del Acero","Mensual","Nacional","PAIS","200","Argentina",2003-11-01,417.44
26,"Industrias Metálicas Básicas, Siderurgia y aluminio",449,"Acero crudo","Producción","miles de tn","Cámara Argentina del Acero","Mensual","Nacional","PAIS","200","Argentina",2003-12-01,409.167
26,"Industrias Metálicas Básicas, Siderurgia y aluminio",449,"Acero crudo","Producción","miles de tn","Cámara Argentina del Acero","Mensual","Nacional","PAIS","200","Argentina",2004-01-01,384.7
26,"Industrias Metálicas Básicas, Siderurgia y aluminio",449,"Acero crudo","Producción","miles de tn","Cámara Argentina del Acero","Mensual","Nacional","PAIS","200","Argentina",2004-02-01,410.3
26,"Industrias Metálicas Básicas, Siderurgia y aluminio",449,"Acero crudo","Producción","miles de tn","Cámara Argentina del Acero","Mensual","Nacional","PAIS","200","Argentina",2004-03-01,419.8
26,"Industrias Metálicas Básicas, Siderurgia y aluminio",449,"Acero crudo","Producción","miles de tn","Cámara Argentina del Acero","Mensual","Nacional","PAIS","200","Argentina",2004-04-01,409
26,"Industrias Metálicas Básicas, Siderurgia y aluminio",449,"Acero crudo","Producción","miles de tn","Cámara Argentina del Acero","Mensual","Nacional","PAIS","200","Argentina",2004-05-01,426
26,"Industrias Metálicas Básicas, Siderurgia y aluminio",449,"Acero crudo","Producción","miles de tn","Cámara Argentina del Acero","Mensual","Nacional","PAIS","200","Argentina",2004-06-01,410.2
26,"Industrias Metálicas Básicas, Siderurgia y aluminio",449,"Acero crudo","Producción","miles de tn","Cámara Argentina del Acero","Mensual","Nacional","PAIS","200","Argentina",2004-07-01,434.2
26,"Industrias Metálicas Básicas, Siderurgia y aluminio",449,"Acero crudo","Producción","miles de tn","Cámara Argentina del Acero","Mensual","Nacional","PAIS","200","Argentina",2004-08-01,428.9
26,"Industrias Metálicas Básicas, Siderurgia y aluminio",449,"Acero crudo","Producción","miles de tn","Cámara Argentina del Acero","Mensual","Nacional","PAIS","200","Argentina",2004-09-01,417.3
26,"Industrias Metálicas Básicas, Siderurgia y aluminio",449,"Acero crudo","Producción","miles de tn","Cámara Argentina del Acero","Mensual","Nacional","PAIS","200","Argentina",2004-10-01,476.9
26,"Industrias Metálicas Básicas, Siderurgia y aluminio",449,"Acero crudo","Producción","miles de tn","Cámara Argentina del Acero","Mensual","Nacional","PAIS","200","Argentina",2004-11-01,465.7
26,"Industrias Metálicas Básicas, Siderurgia y aluminio",449,"Acero crudo","Producción","miles de tn","Cámara Argentina del Acero","Mensual","Nacional","PAIS","200","Argentina",2004-12-01,450.324
26,"Industrias Metálicas Básicas, Siderurgia y aluminio",449,"Acero crudo","Producción","miles de tn","Cámara Argentina del Acero","Mensual","Nacional","PAIS","200","Argentina",2005-01-01,410.1
26,"Industrias Metálicas Básicas, Siderurgia y aluminio",449,"Acero crudo","Producción","miles de tn","Cámara Argentina del Acero","Mensual","Nacional","PAIS","200","Argentina",2005-02-01,420.4
26,"Industrias Metálicas Básicas, Siderurgia y aluminio",449,"Acero crudo","Producción","miles de tn","Cámara Argentina del Acero","Mensual","Nacional","PAIS","200","Argentina",2005-03-01,465.9
26,"Industrias Metálicas Básicas, Siderurgia y aluminio",449,"Acero crudo","Producción","miles de tn","Cámara Argentina del Acero","Mensual","Nacional","PAIS","200","Argentina",2005-04-01,462.6
26,"Industrias Metálicas Básicas, Siderurgia y aluminio",449,"Acero crudo","Producción","miles de tn","Cámara Argentina del Acero","Mensual","Nacional","PAIS","200","Argentina",2005-05-01,482.1
26,"Industrias Metálicas Básicas, Siderurgia y aluminio",449,"Acero crudo","Producción","miles de tn","Cámara Argentina del Acero","Mensual","Nacional","PAIS","200","Argentina",2005-06-01,441.4
26,"Industrias Metálicas Básicas, Siderurgia y aluminio",449,"Acero crudo","Producción","miles de tn","Cámara Argentina del Acero","Mensual","Nacional","PAIS","200","Argentina",2005-07-01,454.7
26,"Industrias Metálicas Básicas, Siderurgia y aluminio",449,"Acero crudo","Producción","miles de tn","Cámara Argentina del Acero","Mensual","Nacional","PAIS","200","Argentina",2005-08-01,460.8
26,"Industrias Metálicas Básicas, Siderurgia y aluminio",449,"Acero crudo","Producción","miles de tn","Cámara Argentina del Acero","Mensual","Nacional","PAIS","200","Argentina",2005-09-01,408.2
26,"Industrias Metálicas Básicas, Siderurgia y aluminio",449,"Acero crudo","Producción","miles de tn","Cámara Argentina del Acero","Mensual","Nacional","PAIS","200","Argentina",2005-10-01,448
26,"Industrias Metálicas Básicas, Siderurgia y aluminio",449,"Acero crudo","Producción","miles de tn","Cámara Argentina del Acero","Mensual","Nacional","PAIS","200","Argentina",2005-11-01,466.6
26,"Industrias Metálicas Básicas, Siderurgia y aluminio",449,"Acero crudo","Producción","miles de tn","Cámara Argentina del Acero","Mensual","Nacional","PAIS","200","Argentina",2005-12-01,464.78
26,"Industrias Metálicas Básicas, Siderurgia y aluminio",449,"Acero crudo","Producción","miles de tn","Cámara Argentina del Acero","Mensual","Nacional","PAIS","200","Argentina",2006-01-01,412.3
26,"Industrias Metálicas Básicas, Siderurgia y aluminio",449,"Acero crudo","Producción","miles de tn","Cámara Argentina del Acero","Mensual","Nacional","PAIS","200","Argentina",2006-02-01,445.9
26,"Industrias Metálicas Básicas, Siderurgia y aluminio",449,"Acero crudo","Producción","miles de tn","Cámara Argentina del Acero","Mensual","Nacional","PAIS","200","Argentina",2006-03-01,505.1
26,"Industrias Metálicas Básicas, Siderurgia y aluminio",449,"Acero crudo","Producción","miles de tn","Cámara Argentina del Acero","Mensual","Nacional","PAIS","200","Argentina",2006-04-01,479.7
26,"Industrias Metálicas Básicas, Siderurgia y aluminio",449,"Acero crudo","Producción","miles de tn","Cámara Argentina del Acero","Mensual","Nacional","PAIS","200","Argentina",2006-05-01,492.1
26,"Industrias Metálicas Básicas, Siderurgia y aluminio",449,"Acero crudo","Producción","miles de tn","Cámara Argentina del Acero","Mensual","Nacional","PAIS","200","Argentina",2006-06-01,490.5
26,"Industrias Metálicas Básicas, Siderurgia y aluminio",449,"Acero crudo","Producción","miles de tn","Cámara Argentina del Acero","Mensual","Nacional","PAIS","200","Argentina",2006-07-01,481.6
26,"Industrias Metálicas Básicas, Siderurgia y aluminio",449,"Acero crudo","Producción","miles de tn","Cámara Argentina del Acero","Mensual","Nacional","PAIS","200","Argentina",2006-08-01,464.3
26,"Industrias Metálicas Básicas, Siderurgia y aluminio",449,"Acero crudo","Producción","miles de tn","Cámara Argentina del Acero","Mensual","Nacional","PAIS","200","Argentina",2006-09-01,481
26,"Industrias Metálicas Básicas, Siderurgia y aluminio",449,"Acero crudo","Producción","miles de tn","Cámara Argentina del Acero","Mensual","Nacional","PAIS","200","Argentina",2006-10-01,484.2
26,"Industrias Metálicas Básicas, Siderurgia y aluminio",449,"Acero crudo","Producción","miles de tn","Cámara Argentina del Acero","Mensual","Nacional","PAIS","200","Argentina",2006-11-01,409.3
26,"Industrias Metálicas Básicas, Siderurgia y aluminio",449,"Acero crudo","Producción","miles de tn","Cámara Argentina del Acero","Mensual","Nacional","PAIS","200","Argentina",2006-12-01,386.732
26,"Industrias Metálicas Básicas, Siderurgia y aluminio",449,"Acero crudo","Producción","miles de tn","Cámara Argentina del Acero","Mensual","Nacional","PAIS","200","Argentina",2007-01-01,335.862
26,"Industrias Metálicas Básicas, Siderurgia y aluminio",449,"Acero crudo","Producción","miles de tn","Cámara Argentina del Acero","Mensual","Nacional","PAIS","200","Argentina",2007-02-01,415.613
26,"Industrias Metálicas Básicas, Siderurgia y aluminio",449,"Acero crudo","Producción","miles de tn","Cámara Argentina del Acero","Mensual","Nacional","PAIS","200","Argentina",2007-03-01,476.564
26,"Industrias Metálicas Básicas, Siderurgia y aluminio",449,"Acero crudo","Producción","miles de tn","Cámara Argentina del Acero","Mensual","Nacional","PAIS","200","Argentina",2007-04-01,472.836
26,"Industrias Metálicas Básicas, Siderurgia y aluminio",449,"Acero crudo","Producción","miles de tn","Cámara Argentina del Acero","Mensual","Nacional","PAIS","200","Argentina",2007-05-01,444.611
26,"Industrias Metálicas Básicas, Siderurgia y aluminio",449,"Acero crudo","Producción","miles de tn","Cámara Argentina del Acero","Mensual","Nacional","PAIS","200","Argentina",2007-06-01,446.306
26,"Industrias Metálicas Básicas, Siderurgia y aluminio",449,"Acero crudo","Producción","miles de tn","Cámara Argentina del Acero","Mensual","Nacional","PAIS","200","Argentina",2007-07-01,356.473
26,"Industrias Metálicas Básicas, Siderurgia y aluminio",449,"Acero crudo","Producción","miles de tn","Cámara Argentina del Acero","Mensual","Nacional","PAIS","200","Argentina",2007-08-01,485.015
26,"Industrias Metálicas Básicas, Siderurgia y aluminio",449,"Acero crudo","Producción","miles de tn","Cámara Argentina del Acero","Mensual","Nacional","PAIS","200","Argentina",2007-09-01,475.889
26,"Industrias Metálicas Básicas, Siderurgia y aluminio",449,"Acero crudo","Producción","miles de tn","Cámara Argentina del Acero","Mensual","Nacional","PAIS","200","Argentina",2007-10-01,497.475
26,"Industrias Metálicas Básicas, Siderurgia y aluminio",449,"Acero crudo","Producción","miles de tn","Cámara Argentina del Acero","Mensual","Nacional","PAIS","200","Argentina",2007-11-01,490.496
26,"Industrias Metálicas Básicas, Siderurgia y aluminio",449,"Acero crudo","Producción","miles de tn","Cámara Argentina del Acero","Mensual","Nacional","PAIS","200","Argentina",2007-12-01,489.912
26,"Industrias Metálicas Básicas, Siderurgia y aluminio",449,"Acero crudo","Producción","miles de tn","Cámara Argentina del Acero","Mensual","Nacional","PAIS","200","Argentina",2008-01-01,416.967
26,"Industrias Metálicas Básicas, Siderurgia y aluminio",449,"Acero crudo","Producción","miles de tn","Cámara Argentina del Acero","Mensual","Nacional","PAIS","200","Argentina",2008-02-01,441.91
26,"Industrias Metálicas Básicas, Siderurgia y aluminio",449,"Acero crudo","Producción","miles de tn","Cámara Argentina del Acero","Mensual","Nacional","PAIS","200","Argentina",2008-03-01,509.244
26,"Industrias Metálicas Básicas, Siderurgia y aluminio",449,"Acero crudo","Producción","miles de tn","Cámara Argentina del Acero","Mensual","Nacional","PAIS","200","Argentina",2008-04-01,500.951
26,"Industrias Metálicas Básicas, Siderurgia y aluminio",449,"Acero crudo","Producción","miles de tn","Cámara Argentina del Acero","Mensual","Nacional","PAIS","200","Argentina",2008-05-01,499.227
26,"Industrias Metálicas Básicas, Siderurgia y aluminio",449,"Acero crudo","Producción","miles de tn","Cámara Argentina del Acero","Mensual","Nacional","PAIS","200","Argentina",2008-06-01,493.872
26,"Industrias Metálicas Básicas, Siderurgia y aluminio",449,"Acero crudo","Producción","miles de tn","Cámara Argentina del Acero","Mensual","Nacional","PAIS","200","Argentina",2008-07-01,528.736
26,"Industrias Metálicas Básicas, Siderurgia y aluminio",449,"Acero crudo","Producción","miles de tn","Cámara Argentina del Acero","Mensual","Nacional","PAIS","200","Argentina",2008-08-01,523.963
26,"Industrias Metálicas Básicas, Siderurgia y aluminio",449,"Acero crudo","Producción","miles de tn","Cámara Argentina del Acero","Mensual","Nacional","PAIS","200","Argentina",2008-09-01,488.394
26,"Industrias Metálicas Básicas, Siderurgia y aluminio",449,"Acero crudo","Producción","miles de tn","Cámara Argentina del Acero","Mensual","Nacional","PAIS","200","Argentina",2008-10-01,480.76
26,"Industrias Metálicas Básicas, Siderurgia y aluminio",449,"Acero crudo","Producción","miles de tn","Cámara Argentina del Acero","Mensual","Nacional","PAIS","200","Argentina",2008-11-01,391.229
26,"Industrias Metálicas Básicas, Siderurgia y aluminio",449,"Acero crudo","Producción","miles de tn","Cámara Argentina del Acero","Mensual","Nacional","PAIS","200","Argentina",2008-12-01,266.093
26,"Industrias Metálicas Básicas, Siderurgia y aluminio",449,"Acero crudo","Producción","miles de tn","Cámara Argentina del Acero","Mensual","Nacional","PAIS","200","Argentina",2009-01-01,284.227
26,"Industrias Metálicas Básicas, Siderurgia y aluminio",449,"Acero crudo","Producción","miles de tn","Cámara Argentina del Acero","Mensual","Nacional","PAIS","200","Argentina",2009-02-01,256.596
26,"Industrias Metálicas Básicas, Siderurgia y aluminio",449,"Acero crudo","Producción","miles de tn","Cámara Argentina del Acero","Mensual","Nacional","PAIS","200","Argentina",2009-03-01,258.948
26,"Industrias Metálicas Básicas, Siderurgia y aluminio",449,"Acero crudo","Producción","miles de tn","Cámara Argentina del Acero","Mensual","Nacional","PAIS","200","Argentina",2009-04-01,278.938
26,"Industrias Metálicas Básicas, Siderurgia y aluminio",449,"Acero crudo","Producción","miles de tn","Cámara Argentina del Acero","Mensual","Nacional","PAIS","200","Argentina",2009-05-01,268.811
26,"Industrias Metálicas Básicas, Siderurgia y aluminio",449,"Acero crudo","Producción","miles de tn","Cámara Argentina del Acero","Mensual","Nacional","PAIS","200","Argentina",2009-06-01,311.388
26,"Industrias Metálicas Básicas, Siderurgia y aluminio",449,"Acero crudo","Producción","miles de tn","Cámara Argentina del Acero","Mensual","Nacional","PAIS","200","Argentina",2009-07-01,355.327
26,"Industrias Metálicas Básicas, Siderurgia y aluminio",449,"Acero crudo","Producción","miles de tn","Cámara Argentina del Acero","Mensual","Nacional","PAIS","200","Argentina",2009-08-01,371.306
26,"Industrias Metálicas Básicas, Siderurgia y aluminio",449,"Acero crudo","Producción","miles de tn","Cámara Argentina del Acero","Mensual","Nacional","PAIS","200","Argentina",2009-09-01,390.96
26,"Industrias Metálicas Básicas, Siderurgia y aluminio",449,"Acero crudo","Producción","miles de tn","Cámara Argentina del Acero","Mensual","Nacional","PAIS","200","Argentina",2009-10-01,430.648
26,"Industrias Metálicas Básicas, Siderurgia y aluminio",449,"Acero crudo","Producción","miles de tn","Cámara Argentina del Acero","Mensual","Nacional","PAIS","200","Argentina",2009-11-01,414.476
26,"Industrias Metálicas Básicas, Siderurgia y aluminio",449,"Acero crudo","Producción","miles de tn","Cámara Argentina del Acero","Mensual","Nacional","PAIS","200","Argentina",2009-12-01,391.714
26,"Industrias Metálicas Básicas, Siderurgia y aluminio",449,"Acero crudo","Producción","miles de tn","Cámara Argentina del Acero","Mensual","Nacional","PAIS","200","Argentina",2010-01-01,338.091
26,"Industrias Metálicas Básicas, Siderurgia y aluminio",449,"Acero crudo","Producción","miles de tn","Cámara Argentina del Acero","Mensual","Nacional","PAIS","200","Argentina",2010-02-01,380.537
26,"Industrias Metálicas Básicas, Siderurgia y aluminio",449,"Acero crudo","Producción","miles de tn","Cámara Argentina del Acero","Mensual","Nacional","PAIS","200","Argentina",2010-03-01,442.82
26,"Industrias Metálicas Básicas, Siderurgia y aluminio",449,"Acero crudo","Producción","miles de tn","Cámara Argentina del Acero","Mensual","Nacional","PAIS","200","Argentina",2010-04-01,427.912
26,"Industrias Metálicas Básicas, Siderurgia y aluminio",449,"Acero crudo","Producción","miles de tn","Cámara Argentina del Acero","Mensual","Nacional","PAIS","200","Argentina",2010-05-01,438.396
26,"Industrias Metálicas Básicas, Siderurgia y aluminio",449,"Acero crudo","Producción","miles de tn","Cámara Argentina del Acero","Mensual","Nacional","PAIS","200","Argentina",2010-06-01,420.574
26,"Industrias Metálicas Básicas, Siderurgia y aluminio",449,"Acero crudo","Producción","miles de tn","Cámara Argentina del Acero","Mensual","Nacional","PAIS","200","Argentina",2010-07-01,437.349
26,"Industrias Metálicas Básicas, Siderurgia y aluminio",449,"Acero crudo","Producción","miles de tn","Cámara Argentina del Acero","Mensual","Nacional","PAIS","200","Argentina",2010-08-01,473.414
26,"Industrias Metálicas Básicas, Siderurgia y aluminio",449,"Acero crudo","Producción","miles de tn","Cámara Argentina del Acero","Mensual","Nacional","PAIS","200","Argentina",2010-09-01,450.791
26,"Industrias Metálicas Básicas, Siderurgia y aluminio",449,"Acero crudo","Producción","miles de tn","Cámara Argentina del Acero","Mensual","Nacional","PAIS","200","Argentina",2010-10-01,468.318
26,"Industrias Metálicas Básicas, Siderurgia y aluminio",449,"Acero crudo","Producción","miles de tn","Cámara Argentina del Acero","Mensual","Nacional","PAIS","200","Argentina",2010-11-01,449.5174
26,"Industrias Metálicas Básicas, Siderurgia y aluminio",449,"Acero crudo","Producción","miles de tn","Cámara Argentina del Acero","Mensual","Nacional","PAIS","200","Argentina",2010-12-01,411.501
26,"Industrias Metálicas Básicas, Siderurgia y aluminio",449,"Acero crudo","Producción","miles de tn","Cámara Argentina del Acero","Mensual","Nacional","PAIS","200","Argentina",2011-01-01,361.546
26,"Industrias Metálicas Básicas, Siderurgia y aluminio",449,"Acero crudo","Producción","miles de tn","Cámara Argentina del Acero","Mensual","Nacional","PAIS","200","Argentina",2011-02-01,440.421
26,"Industrias Metálicas Básicas, Siderurgia y aluminio",449,"Acero crudo","Producción","miles de tn","Cámara Argentina del Acero","Mensual","Nacional","PAIS","200","Argentina",2011-03-01,471.115
26,"Industrias Metálicas Básicas, Siderurgia y aluminio",449,"Acero crudo","Producción","miles de tn","Cámara Argentina del Acero","Mensual","Nacional","PAIS","200","Argentina",2011-04-01,474.043
26,"Industrias Metálicas Básicas, Siderurgia y aluminio",449,"Acero crudo","Producción","miles de tn","Cámara Argentina del Acero","Mensual","Nacional","PAIS","200","Argentina",2011-05-01,495.776
26,"Industrias Metálicas Básicas, Siderurgia y aluminio",449,"Acero crudo","Producción","miles de tn","Cámara Argentina del Acero","Mensual","Nacional","PAIS","200","Argentina",2011-06-01,469.982
26,"Industrias Metálicas Básicas, Siderurgia y aluminio",449,"Acero crudo","Producción","miles de tn","Cámara Argentina del Acero","Mensual","Nacional","PAIS","200","Argentina",2011-07-01,490.988
26,"Industrias Metálicas Básicas, Siderurgia y aluminio",449,"Acero crudo","Producción","miles de tn","Cámara Argentina del Acero","Mensual","Nacional","PAIS","200","Argentina",2011-08-01,489.38
26,"Industrias Metálicas Básicas, Siderurgia y aluminio",449,"Acero crudo","Producción","miles de tn","Cámara Argentina del Acero","Mensual","Nacional","PAIS","200","Argentina",2011-09-01,472.876
26,"Industrias Metálicas Básicas, Siderurgia y aluminio",449,"Acero crudo","Producción","miles de tn","Cámara Argentina del Acero","Mensual","Nacional","PAIS","200","Argentina",2011-10-01,505.86
26,"Industrias Metálicas Básicas, Siderurgia y aluminio",449,"Acero crudo","Producción","miles de tn","Cámara Argentina del Acero","Mensual","Nacional","PAIS","200","Argentina",2011-11-01,483.693
26,"Industrias Metálicas Básicas, Siderurgia y aluminio",449,"Acero crudo","Producción","miles de tn","Cámara Argentina del Acero","Mensual","Nacional","PAIS","200","Argentina",2011-12-01,455.537
26,"Industrias Metálicas Básicas, Siderurgia y aluminio",449,"Acero crudo","Producción","miles de tn","Cámara Argentina del Acero","Mensual","Nacional","PAIS","200","Argentina",2012-01-01,395.926
26,"Industrias Metálicas Básicas, Siderurgia y aluminio",449,"Acero crudo","Producción","miles de tn","Cámara Argentina del Acero","Mensual","Nacional","PAIS","200","Argentina",2012-02-01,449.974
26,"Industrias Metálicas Básicas, Siderurgia y aluminio",449,"Acero crudo","Producción","miles de tn","Cámara Argentina del Acero","Mensual","Nacional","PAIS","200","Argentina",2012-03-01,496.692
26,"Industrias Metálicas Básicas, Siderurgia y aluminio",449,"Acero crudo","Producción","miles de tn","Cámara Argentina del Acero","Mensual","Nacional","PAIS","200","Argentina",2012-04-01,480.005
26,"Industrias Metálicas Básicas, Siderurgia y aluminio",449,"Acero crudo","Producción","miles de tn","Cámara Argentina del Acero","Mensual","Nacional","PAIS","200","Argentina",2012-05-01,458.427
26,"Industrias Metálicas Básicas, Siderurgia y aluminio",449,"Acero crudo","Producción","miles de tn","Cámara Argentina del Acero","Mensual","Nacional","PAIS","200","Argentina",2012-06-01,451.094
26,"Industrias Metálicas Básicas, Siderurgia y aluminio",449,"Acero crudo","Producción","miles de tn","Cámara Argentina del Acero","Mensual","Nacional","PAIS","200","Argentina",2012-07-01,343.979
26,"Industrias Metálicas Básicas, Siderurgia y aluminio",449,"Acero crudo","Producción","miles de tn","Cámara Argentina del Acero","Mensual","Nacional","PAIS","200","Argentina",2012-08-01,379.931
26,"Industrias Metálicas Básicas, Siderurgia y aluminio",449,"Acero crudo","Producción","miles de tn","Cámara Argentina del Acero","Mensual","Nacional","PAIS","200","Argentina",2012-09-01,396.114
26,"Industrias Metálicas Básicas, Siderurgia y aluminio",449,"Acero crudo","Producción","miles de tn","Cámara Argentina del Acero","Mensual","Nacional","PAIS","200","Argentina",2012-10-01,413.743
26,"Industrias Metálicas Básicas, Siderurgia y aluminio",449,"Acero crudo","Producción","miles de tn","Cámara Argentina del Acero","Mensual","Nacional","PAIS","200","Argentina",2012-11-01,395.367
26,"Industrias Metálicas Básicas, Siderurgia y aluminio",449,"Acero crudo","Producción","miles de tn","Cámara Argentina del Acero","Mensual","Nacional","PAIS","200","Argentina",2012-12-01,333.874
26,"Industrias Metálicas Básicas, Siderurgia y aluminio",449,"Acero crudo","Producción","miles de tn","Cámara Argentina del Acero","Mensual","Nacional","PAIS","200","Argentina",2013-01-01,320.027
26,"Industrias Metálicas Básicas, Siderurgia y aluminio",449,"Acero crudo","Producción","miles de tn","Cámara Argentina del Acero","Mensual","Nacional","PAIS","200","Argentina",2013-02-01,320.768
26,"Industrias Metálicas Básicas, Siderurgia y aluminio",449,"Acero crudo","Producción","miles de tn","Cámara Argentina del Acero","Mensual","Nacional","PAIS","200","Argentina",2013-03-01,467.593
26,"Industrias Metálicas Básicas, Siderurgia y aluminio",449,"Acero crudo","Producción","miles de tn","Cámara Argentina del Acero","Mensual","Nacional","PAIS","200","Argentina",2013-04-01,428.936
26,"Industrias Metálicas Básicas, Siderurgia y aluminio",449,"Acero crudo","Producción","miles de tn","Cámara Argentina del Acero","Mensual","Nacional","PAIS","200","Argentina",2013-05-01,448.738
26,"Industrias Metálicas Básicas, Siderurgia y aluminio",449,"Acero crudo","Producción","miles de tn","Cámara Argentina del Acero","Mensual","Nacional","PAIS","200","Argentina",2013-06-01,416.5
26,"Industrias Metálicas Básicas, Siderurgia y aluminio",449,"Acero crudo","Producción","miles de tn","Cámara Argentina del Acero","Mensual","Nacional","PAIS","200","Argentina",2013-07-01,461.531
26,"Industrias Metálicas Básicas, Siderurgia y aluminio",449,"Acero crudo","Producción","miles de tn","Cámara Argentina del Acero","Mensual","Nacional","PAIS","200","Argentina",2013-08-01,478.944
26,"Industrias Metálicas Básicas, Siderurgia y aluminio",449,"Acero crudo","Producción","miles de tn","Cámara Argentina del Acero","Mensual","Nacional","PAIS","200","Argentina",2013-09-01,462.593
26,"Industrias Metálicas Básicas, Siderurgia y aluminio",449,"Acero crudo","Producción","miles de tn","Cámara Argentina del Acero","Mensual","Nacional","PAIS","200","Argentina",2013-10-01,477.324
26,"Industrias Metálicas Básicas, Siderurgia y aluminio",449,"Acero crudo","Producción","miles de tn","Cámara Argentina del Acero","Mensual","Nacional","PAIS","200","Argentina",2013-11-01,469.221
26,"Industrias Metálicas Básicas, Siderurgia y aluminio",449,"Acero crudo","Producción","miles de tn","Cámara Argentina del Acero","Mensual","Nacional","PAIS","200","Argentina",2013-12-01,433.614
26,"Industrias Metálicas Básicas, Siderurgia y aluminio",449,"Acero crudo","Producción","miles de tn","Cámara Argentina del Acero","Mensual","Nacional","PAIS","200","Argentina",2014-01-01,397.104
26,"Industrias Metálicas Básicas, Siderurgia y aluminio",449,"Acero crudo","Producción","miles de tn","Cámara Argentina del Acero","Mensual","Nacional","PAIS","200","Argentina",2014-02-01,380.333
26,"Industrias Metálicas Básicas, Siderurgia y aluminio",449,"Acero crudo","Producción","miles de tn","Cámara Argentina del Acero","Mensual","Nacional","PAIS","200","Argentina",2014-03-01,471.754
26,"Industrias Metálicas Básicas, Siderurgia y aluminio",449,"Acero crudo","Producción","miles de tn","Cámara Argentina del Acero","Mensual","Nacional","PAIS","200","Argentina",2014-04-01,485.785
26,"Industrias Metálicas Básicas, Siderurgia y aluminio",449,"Acero crudo","Producción","miles de tn","Cámara Argentina del Acero","Mensual","Nacional","PAIS","200","Argentina",2014-05-01,482.888
26,"Industrias Metálicas Básicas, Siderurgia y aluminio",449,"Acero crudo","Producción","miles de tn","Cámara Argentina del Acero","Mensual","Nacional","PAIS","200","Argentina",2014-06-01,477.42
26,"Industrias Metálicas Básicas, Siderurgia y aluminio",449,"Acero crudo","Producción","miles de tn","Cámara Argentina del Acero","Mensual","Nacional","PAIS","200","Argentina",2014-07-01,476.656
26,"Industrias Metálicas Básicas, Siderurgia y aluminio",449,"Acero crudo","Producción","miles de tn","Cámara Argentina del Acero","Mensual","Nacional","PAIS","200","Argentina",2014-08-01,467.383
26,"Industrias Metálicas Básicas, Siderurgia y aluminio",449,"Acero crudo","Producción","miles de tn","Cámara Argentina del Acero","Mensual","Nacional","PAIS","200","Argentina",2014-09-01,463.815
26,"Industrias Metálicas Básicas, Siderurgia y aluminio",449,"Acero crudo","Producción","miles de tn","Cámara Argentina del Acero","Mensual","Nacional","PAIS","200","Argentina",2014-10-01,477.534
26,"Industrias Metálicas Básicas, Siderurgia y aluminio",449,"Acero crudo","Producción","miles de tn","Cámara Argentina del Acero","Mensual","Nacional","PAIS","200","Argentina",2014-11-01,461.305
26,"Industrias Metálicas Básicas, Siderurgia y aluminio",449,"Acero crudo","Producción","miles de tn","Cámara Argentina del Acero","Mensual","Nacional","PAIS","200","Argentina",2014-12-01,446.185
26,"Industrias Metálicas Básicas, Siderurgia y aluminio",449,"Acero crudo","Producción","miles de tn","Cámara Argentina del Acero","Mensual","Nacional","PAIS","200","Argentina",2015-01-01,385.94
26,"Industrias Metálicas Básicas, Siderurgia y aluminio",449,"Acero crudo","Producción","miles de tn","Cámara Argentina del Acero","Mensual","Nacional","PAIS","200","Argentina",2015-02-01,376.689
26,"Industrias Metálicas Básicas, Siderurgia y aluminio",449,"Acero crudo","Producción","miles de tn","Cámara Argentina del Acero","Mensual","Nacional","PAIS","200","Argentina",2015-03-01,429.837
26,"Industrias Metálicas Básicas, Siderurgia y aluminio",449,"Acero crudo","Producción","miles de tn","Cámara Argentina del Acero","Mensual","Nacional","PAIS","200","Argentina",2015-04-01,383.829
26,"Industrias Metálicas Básicas, Siderurgia y aluminio",449,"Acero crudo","Producción","miles de tn","Cámara Argentina del Acero","Mensual","Nacional","PAIS","200","Argentina",2015-05-01,410.905
26,"Industrias Metálicas Básicas, Siderurgia y aluminio",449,"Acero crudo","Producción","miles de tn","Cámara Argentina del Acero","Mensual","Nacional","PAIS","200","Argentina",2015-06-01,444.632
26,"Industrias Metálicas Básicas, Siderurgia y aluminio",449,"Acero crudo","Producción","miles de tn","Cámara Argentina del Acero","Mensual","Nacional","PAIS","200","Argentina",2015-07-01,431.047
26,"Industrias Metálicas Básicas, Siderurgia y aluminio",449,"Acero crudo","Producción","miles de tn","Cámara Argentina del Acero","Mensual","Nacional","PAIS","200","Argentina",2015-08-01,473.5
26,"Industrias Metálicas Básicas, Siderurgia y aluminio",449,"Acero crudo","Producción","miles de tn","Cámara Argentina del Acero","Mensual","Nacional","PAIS","200","Argentina",2015-09-01,446.411
26,"Industrias Metálicas Básicas, Siderurgia y aluminio",449,"Acero crudo","Producción","miles de tn","Cámara Argentina del Acero","Mensual","Nacional","PAIS","200","Argentina",2015-10-01,468.734
26,"Industrias Metálicas Básicas, Siderurgia y aluminio",449,"Acero crudo","Producción","miles de tn","Cámara Argentina del Acero","Mensual","Nacional","PAIS","200","Argentina",2015-11-01,404.877
26,"Industrias Metálicas Básicas, Siderurgia y aluminio",449,"Acero crudo","Producción","miles de tn","Cámara Argentina del Acero","Mensual","Nacional","PAIS","200","Argentina",2015-12-01,371.628
26,"Industrias Metálicas Básicas, Siderurgia y aluminio",449,"Acero crudo","Producción","miles de tn","Cámara Argentina del Acero","Mensual","Nacional","PAIS","200","Argentina",2016-01-01,329.45
26,"Industrias Metálicas Básicas, Siderurgia y aluminio",449,"Acero crudo","Producción","miles de tn","Cámara Argentina del Acero","Mensual","Nacional","PAIS","200","Argentina",2016-02-01,338.771
26,"Industrias Metálicas Básicas, Siderurgia y aluminio",449,"Acero crudo","Producción","miles de tn","Cámara Argentina del Acero","Mensual","Nacional","PAIS","200","Argentina",2016-03-01,317.703
26,"Industrias Metálicas Básicas, Siderurgia y aluminio",449,"Acero crudo","Producción","miles de tn","Cámara Argentina del Acero","Mensual","Nacional","PAIS","200","Argentina",2016-04-01,319.065
26,"Industrias Metálicas Básicas, Siderurgia y aluminio",449,"Acero crudo","Producción","miles de tn","Cámara Argentina del Acero","Mensual","Nacional","PAIS","200","Argentina",2016-05-01,379.144
26,"Industrias Metálicas Básicas, Siderurgia y aluminio",449,"Acero crudo","Producción","miles de tn","Cámara Argentina del Acero","Mensual","Nacional","PAIS","200","Argentina",2016-06-01,372.381
26,"Industrias Metálicas Básicas, Siderurgia y aluminio",449,"Acero crudo","Producción","miles de tn","Cámara Argentina del Acero","Mensual","Nacional","PAIS","200","Argentina",2016-07-01,356.058
26,"Industrias Metálicas Básicas, Siderurgia y aluminio",449,"Acero crudo","Producción","miles de tn","Cámara Argentina del Acero","Mensual","Nacional","PAIS","200","Argentina",2016-08-01,343.168
26,"Industrias Metálicas Básicas, Siderurgia y aluminio",449,"Acero crudo","Producción","miles de tn","Cámara Argentina del Acero","Mensual","Nacional","PAIS","200","Argentina",2016-09-01,322.106
26,"Industrias Metálicas Básicas, Siderurgia y aluminio",449,"Acero crudo","Producción","miles de tn","Cámara Argentina del Acero","Mensual","Nacional","PAIS","200","Argentina",2016-10-01,376.639
26,"Industrias Metálicas Básicas, Siderurgia y aluminio",449,"Acero crudo","Producción","miles de tn","Cámara Argentina del Acero","Mensual","Nacional","PAIS","200","Argentina",2016-11-01,359.339
26,"Industrias Metálicas Básicas, Siderurgia y aluminio",449,"Acero crudo","Producción","miles de tn","Cámara Argentina del Acero","Mensual","Nacional","PAIS","200","Argentina",2016-12-01,312.648
26,"Industrias Metálicas Básicas, Siderurgia y aluminio",449,"Acero crudo","Producción","miles de tn","Cámara Argentina del Acero","Mensual","Nacional","PAIS","200","Argentina",2017-01-01,291.304
26,"Industrias Metálicas Básicas, Siderurgia y aluminio",449,"Acero crudo","Producción","miles de tn","Cámara Argentina del Acero","Mensual","Nacional","PAIS","200","Argentina",2017-02-01,305.13
26,"Industrias Metálicas Básicas, Siderurgia y aluminio",449,"Acero crudo","Producción","miles de tn","Cámara Argentina del Acero","Mensual","Nacional","PAIS","200","Argentina",2017-03-01,392.255
26,"Industrias Metálicas Básicas, Siderurgia y aluminio",449,"Acero crudo","Producción","miles de tn","Cámara Argentina del Acero","Mensual","Nacional","PAIS","200","Argentina",2017-04-01,367.429
26,"Industrias Metálicas Básicas, Siderurgia y aluminio",449,"Acero crudo","Producción","miles de tn","Cámara Argentina del Acero","Mensual","Nacional","PAIS","200","Argentina",2017-05-01,394.075
26,"Industrias Metálicas Básicas, Siderurgia y aluminio",449,"Acero crudo","Producción","miles de tn","Cámara Argentina del Acero","Mensual","Nacional","PAIS","200","Argentina",2017-06-01,372.18
26,"Industrias Metálicas Básicas, Siderurgia y aluminio",449,"Acero crudo","Producción","miles de tn","Cámara Argentina del Acero","Mensual","Nacional","PAIS","200","Argentina",2017-07-01,398.8
26,"Industrias Metálicas Básicas, Siderurgia y aluminio",449,"Acero crudo","Producción","miles de tn","Cámara Argentina del Acero","Mensual","Nacional","PAIS","200","Argentina",2017-08-01,417.4
26,"Industrias Metálicas Básicas, Siderurgia y aluminio",449,"Acero crudo","Producción","miles de tn","Cámara Argentina del Acero","Mensual","Nacional","PAIS","200","Argentina",2017-09-01,422.7
26,"Industrias Metálicas Básicas, Siderurgia y aluminio",449,"Acero crudo","Producción","miles de tn","Cámara Argentina del Acero","Mensual","Nacional","PAIS","200","Argentina",2017-10-01,447.1
26,"Industrias Metálicas Básicas, Siderurgia y aluminio",449,"Acero crudo","Producción","miles de tn","Cámara Argentina del Acero","Mensual","Nacional","PAIS","200","Argentina",2017-11-01,435
26,"Industrias Metálicas Básicas, Siderurgia y aluminio",449,"Acero crudo","Producción","miles de tn","Cámara Argentina del Acero","Mensual","Nacional","PAIS","200","Argentina",2017-12-01,380.8
26,"Industrias Metálicas Básicas, Siderurgia y aluminio",449,"Acero crudo","Producción","miles de tn","Cámara Argentina del Acero","Mensual","Nacional","PAIS","200","Argentina",2018-01-01,343.8
26,"Industrias Metálicas Básicas, Siderurgia y aluminio",449,"Acero crudo","Producción","miles de tn","Cámara Argentina del Acero","Mensual","Nacional","PAIS","200","Argentina",2018-02-01,417.3
26,"Industrias Metálicas Básicas, Siderurgia y aluminio",449,"Acero crudo","Producción","miles de tn","Cámara Argentina del Acero","Mensual","Nacional","PAIS","200","Argentina",2018-03-01,473.9
26,"Industrias Metálicas Básicas, Siderurgia y aluminio",449,"Acero crudo","Producción","miles de tn","Cámara Argentina del Acero","Mensual","Nacional","PAIS","200","Argentina",2018-04-01,463
26,"Industrias Metálicas Básicas, Siderurgia y aluminio",449,"Acero crudo","Producción","miles de tn","Cámara Argentina del Acero","Mensual","Nacional","PAIS","200","Argentina",2018-05-01,438.1
26,"Industrias Metálicas Básicas, Siderurgia y aluminio",449,"Acero crudo","Producción","miles de tn","Cámara Argentina del Acero","Mensual","Nacional","PAIS","200","Argentina",2018-06-01,413.5
26,"Industrias Metálicas Básicas, Siderurgia y aluminio",449,"Acero crudo","Producción","miles de tn","Cámara Argentina del Acero","Mensual","Nacional","PAIS","200","Argentina",2018-07-01,463.8
26,"Industrias Metálicas Básicas, Siderurgia y aluminio",449,"Acero crudo","Producción","miles de tn","Cámara Argentina del Acero","Mensual","Nacional","PAIS","200","Argentina",2018-08-01,455.3
26,"Industrias Metálicas Básicas, Siderurgia y aluminio",449,"Acero crudo","Producción","miles de tn","Cámara Argentina del Acero","Mensual","Nacional","PAIS","200","Argentina",2018-09-01,434.7
26,"Industrias Metálicas Básicas, Siderurgia y aluminio",449,"Acero crudo","Producción","miles de tn","Cámara Argentina del Acero","Mensual","Nacional","PAIS","200","Argentina",2018-10-01,446.2
26,"Industrias Metálicas Básicas, Siderurgia y aluminio",449,"Acero crudo","Producción","miles de tn","Cámara Argentina del Acero","Mensual","Nacional","PAIS","200","Argentina",2018-11-01,456
26,"Industrias Metálicas Básicas, Siderurgia y aluminio",449,"Acero crudo","Producción","miles de tn","Cámara Argentina del Acero","Mensual","Nacional","PAIS","200","Argentina",2018-12-01,356.1
26,"Industrias Metálicas Básicas, Siderurgia y aluminio",449,"Acero crudo","Producción","miles de tn","Cámara Argentina del Acero","Mensual","Nacional","PAIS","200","Argentina",2019-01-01,370.9
26,"Industrias Metálicas Básicas, Siderurgia y aluminio",449,"Acero crudo","Producción","miles de tn","Cámara Argentina del Acero","Mensual","Nacional","PAIS","200","Argentina",2019-02-01,318.2
26,"Industrias Metálicas Básicas, Siderurgia y aluminio",449,"Acero crudo","Producción","miles de tn","Cámara Argentina del Acero","Mensual","Nacional","PAIS","200","Argentina",2019-03-01,390.7
26,"Industrias Metálicas Básicas, Siderurgia y aluminio",449,"Acero crudo","Producción","miles de tn","Cámara Argentina del Acero","Mensual","Nacional","PAIS","200","Argentina",2019-04-01,420.9
26,"Industrias Metálicas Básicas, Siderurgia y aluminio",449,"Acero crudo","Producción","miles de tn","Cámara Argentina del Acero","Mensual","Nacional","PAIS","200","Argentina",2019-05-01,406.8
26,"Industrias Metálicas Básicas, Siderurgia y aluminio",449,"Acero crudo","Producción","miles de tn","Cámara Argentina del Acero","Mensual","Nacional","PAIS","200","Argentina",2019-06-01,411.7
26,"Industrias Metálicas Básicas, Siderurgia y aluminio",449,"Acero crudo","Producción","miles de tn","Cámara Argentina del Acero","Mensual","Nacional","PAIS","200","Argentina",2019-07-01,418.2
26,"Industrias Metálicas Básicas, Siderurgia y aluminio",449,"Acero crudo","Producción","miles de tn","Cámara Argentina del Acero","Mensual","Nacional","PAIS","200","Argentina",2019-08-01,435.5
26,"Industrias Metálicas Básicas, Siderurgia y aluminio",449,"Acero crudo","Producción","miles de tn","Cámara Argentina del Acero","Mensual","Nacional","PAIS","200","Argentina",2019-09-01,406.1
26,"Industrias Metálicas Básicas, Siderurgia y aluminio",449,"Acero crudo","Producción","miles de tn","Cámara Argentina del Acero","Mensual","Nacional","PAIS","200","Argentina",2019-10-01,381.8
26,"Industrias Metálicas Básicas, Siderurgia y aluminio",449,"Acero crudo","Producción","miles de tn","Cámara Argentina del Acero","Mensual","Nacional","PAIS","200","Argentina",2019-11-01,357.5
26,"Industrias Metálicas Básicas, Siderurgia y aluminio",449,"Acero crudo","Producción","miles de tn","Cámara Argentina del Acero","Mensual","Nacional","PAIS","200","Argentina",2019-12-01,326.2
26,"Industrias Metálicas Básicas, Siderurgia y aluminio",449,"Acero crudo","Producción","miles de tn","Cámara Argentina del Acero","Mensual","Nacional","PAIS","200","Argentina",2020-01-01,298.2
26,"Industrias Metálicas Básicas, Siderurgia y aluminio",449,"Acero crudo","Producción","miles de tn","Cámara Argentina del Acero","Mensual","Nacional","PAIS","200","Argentina",2020-02-01,343.8
26,"Industrias Metálicas Básicas, Siderurgia y aluminio",449,"Acero crudo","Producción","miles de tn","Cámara Argentina del Acero","Mensual","Nacional","PAIS","200","Argentina",2020-03-01,286.2
26,"Industrias Metálicas Básicas, Siderurgia y aluminio",449,"Acero crudo","Producción","miles de tn","Cámara Argentina del Acero","Mensual","Nacional","PAIS","200","Argentina",2020-04-01,107.1
26,"Industrias Metálicas Básicas, Siderurgia y aluminio",449,"Acero crudo","Producción","miles de tn","Cámara Argentina del Acero","Mensual","Nacional","PAIS","200","Argentina",2020-05-01,194.3
26,"Industrias Metálicas Básicas, Siderurgia y aluminio",449,"Acero crudo","Producción","miles de tn","Cámara Argentina del Acero","Mensual","Nacional","PAIS","200","Argentina",2020-06-01,241.1
26,"Industrias Metálicas Básicas, Siderurgia y aluminio",449,"Acero crudo","Producción","miles de tn","Cámara Argentina del Acero","Mensual","Nacional","PAIS","200","Argentina",2020-07-01,325.3
26,"Industrias Metálicas Básicas, Siderurgia y aluminio",449,"Acero crudo","Producción","miles de tn","Cámara Argentina del Acero","Mensual","Nacional","PAIS","200","Argentina",2020-08-01,336.3
26,"Industrias Metálicas Básicas, Siderurgia y aluminio",449,"Acero crudo","Producción","miles de tn","Cámara Argentina del Acero","Mensual","Nacional","PAIS","200","Argentina",2020-09-01,357.6
26,"Industrias Metálicas Básicas, Siderurgia y aluminio",449,"Acero crudo","Producción","miles de tn","Cámara Argentina del Acero","Mensual","Nacional","PAIS","200","Argentina",2020-10-01,382.2
26,"Industrias Metálicas Básicas, Siderurgia y aluminio",449,"Acero crudo","Producción","miles de tn","Cámara Argentina del Acero","Mensual","Nacional","PAIS","200","Argentina",2020-11-01,390.8
26,"Industrias Metálicas Básicas, Siderurgia y aluminio",449,"Acero crudo","Producción","miles de tn","Cámara Argentina del Acero","Mensual","Nacional","PAIS","200","Argentina",2020-12-01,388.2
26,"Industrias Metálicas Básicas, Siderurgia y aluminio",449,"Acero crudo","Producción","miles de tn","Cámara Argentina del Acero","Mensual","Nacional","PAIS","200","Argentina",2021-01-01,370.7
26,"Industrias Metálicas Básicas, Siderurgia y aluminio",449,"Acero crudo","Producción","miles de tn","Cámara Argentina del Acero","Mensual","Nacional","PAIS","200","Argentina",2021-02-01,330.8
26,"Industrias Metálicas Básicas, Siderurgia y aluminio",449,"Acero crudo","Producción","miles de tn","Cámara Argentina del Acero","Mensual","Nacional","PAIS","200","Argentina",2021-03-01,423.4
26,"Industrias Metálicas Básicas, Siderurgia y aluminio",449,"Acero crudo","Producción","miles de tn","Cámara Argentina del Acero","Mensual","Nacional","PAIS","200","Argentina",2021-04-01,346.4
26,"Industrias Metálicas Básicas, Siderurgia y aluminio",449,"Acero crudo","Producción","miles de tn","Cámara Argentina del Acero","Mensual","Nacional","PAIS","200","Argentina",2021-05-01,391.1
26,"Industrias Metálicas Básicas, Siderurgia y aluminio",449,"Acero crudo","Producción","miles de tn","Cámara Argentina del Acero","Mensual","Nacional","PAIS","200","Argentina",2021-06-01,400.3
26,"Industrias Metálicas Básicas, Siderurgia y aluminio",449,"Acero crudo","Producción","miles de tn","Cámara Argentina del Acero","Mensual","Nacional","PAIS","200","Argentina",2021-07-01,430.1
26,"Industrias Metálicas Básicas, Siderurgia y aluminio",449,"Acero crudo","Producción","miles de tn","Cámara Argentina del Acero","Mensual","Nacional","PAIS","200","Argentina",2021-08-01,423.4
26,"Industrias Metálicas Básicas, Siderurgia y aluminio",449,"Acero crudo","Producción","miles de tn","Cámara Argentina del Acero","Mensual","Nacional","PAIS","200","Argentina",2021-09-01,432
26,"Industrias Metálicas Básicas, Siderurgia y aluminio",449,"Acero crudo","Producción","miles de tn","Cámara Argentina del Acero","Mensual","Nacional","PAIS","200","Argentina",2021-10-01,447.7
26,"Industrias Metálicas Básicas, Siderurgia y aluminio",449,"Acero crudo","Producción","miles de tn","Cámara Argentina del Acero","Mensual","Nacional","PAIS","200","Argentina",2021-11-01,450.9
26,"Industrias Metálicas Básicas, Siderurgia y aluminio",449,"Acero crudo","Producción","miles de tn","Cámara Argentina del Acero","Mensual","Nacional","PAIS","200","Argentina",2021-12-01,428.5
26,"Industrias Metálicas Básicas, Siderurgia y aluminio",449,"Acero crudo","Producción","miles de tn","Cámara Argentina del Acero","Mensual","Nacional","PAIS","200","Argentina",2022-01-01,353.8
26,"Industrias Metálicas Básicas, Siderurgia y aluminio",449,"Acero crudo","Producción","miles de tn","Cámara Argentina del Acero","Mensual","Nacional","PAIS","200","Argentina",2022-02-01,318.9
26,"Industrias Metálicas Básicas, Siderurgia y aluminio",449,"Acero crudo","Producción","miles de tn","Cámara Argentina del Acero","Mensual","Nacional","PAIS","200","Argentina",2022-03-01,416.7
26,"Industrias Metálicas Básicas, Siderurgia y aluminio",449,"Acero crudo","Producción","miles de tn","Cámara Argentina del Acero","Mensual","Nacional","PAIS","200","Argentina",2022-04-01,354.5
26,"Industrias Metálicas Básicas, Siderurgia y aluminio",449,"Acero crudo","Producción","miles de tn","Cámara Argentina del Acero","Mensual","Nacional","PAIS","200","Argentina",2022-05-01,446.9
26,"Industrias Metálicas Básicas, Siderurgia y aluminio",449,"Acero crudo","Producción","miles de tn","Cámara Argentina del Acero","Mensual","Nacional","PAIS","200","Argentina",2022-06-01,463.6
26,"Industrias Metálicas Básicas, Siderurgia y aluminio",449,"Acero crudo","Producción","miles de tn","Cámara Argentina del Acero","Mensual","Nacional","PAIS","200","Argentina",2022-07-01,462.7
26,"Industrias Metálicas Básicas, Siderurgia y aluminio",449,"Acero crudo","Producción","miles de tn","Cámara Argentina del Acero","Mensual","Nacional","PAIS","200","Argentina",2022-08-01,456.1
26,"Industrias Metálicas Básicas, Siderurgia y aluminio",449,"Acero crudo","Producción","miles de tn","Cámara Argentina del Acero","Mensual","Nacional","PAIS","200","Argentina",2022-09-01,428.7
26,"Industrias Metálicas Básicas, Siderurgia y aluminio",449,"Acero crudo","Producción","miles de tn","Cámara Argentina del Acero","Mensual","Nacional","PAIS","200","Argentina",2022-10-01,493
26,"Industrias Metálicas Básicas, Siderurgia y aluminio",449,"Acero crudo","Producción","miles de tn","Cámara Argentina del Acero","Mensual","Nacional","PAIS","200","Argentina",2022-11-01,459
26,"Industrias Metálicas Básicas, Siderurgia y aluminio",449,"Acero crudo","Producción","miles de tn","Cámara Argentina del Acero","Mensual","Nacional","PAIS","200","Argentina",2022-12-01,439.6
26,"Industrias Metálicas Básicas, Siderurgia y aluminio",449,"Acero crudo","Producción","miles de tn","Cámara Argentina del Acero","Mensual","Nacional","PAIS","200","Argentina",2023-01-01,442.4
26,"Industrias Metálicas Básicas, Siderurgia y aluminio",449,"Acero crudo","Producción","miles de tn","Cámara Argentina del Acero","Mensual","Nacional","PAIS","200","Argentina",2023-02-01,358.4
26,"Industrias Metálicas Básicas, Siderurgia y aluminio",449,"Acero crudo","Producción","miles de tn","Cámara Argentina del Acero","Mensual","Nacional","PAIS","200","Argentina",2023-03-01,412.8
26,"Industrias Metálicas Básicas, Siderurgia y aluminio",449,"Acero crudo","Producción","miles de tn","Cámara Argentina del Acero","Mensual","Nacional","PAIS","200","Argentina",2023-04-01,429.9
26,"Industrias Metálicas Básicas, Siderurgia y aluminio",449,"Acero crudo","Producción","miles de tn","Cámara Argentina del Acero","Mensual","Nacional","PAIS","200","Argentina",2023-05-01,442
26,"Industrias Metálicas Básicas, Siderurgia y aluminio",449,"Acero crudo","Producción","miles de tn","Cámara Argentina del Acero","Mensual","Nacional","PAIS","200","Argentina",2023-06-01,422.9
26,"Industrias Metálicas Básicas, Siderurgia y aluminio",449,"Acero crudo","Producción","miles de tn","Cámara Argentina del Acero","Mensual","Nacional","PAIS","200","Argentina",2023-07-01,345.8
26,"Industrias Metálicas Básicas, Siderurgia y aluminio",449,"Acero crudo","Producción","miles de tn","Cámara Argentina del Acero","Mensual","Nacional","PAIS","200","Argentina",2023-08-01,421.9
26,"Industrias Metálicas Básicas, Siderurgia y aluminio",449,"Acero crudo","Producción","miles de tn","Cámara Argentina del Acero","Mensual","Nacional","PAIS","200","Argentina",2023-09-01,447.3
26,"Industrias Metálicas Básicas, Siderurgia y aluminio",449,"Acero crudo","Producción","miles de tn","Cámara Argentina del Acero","Mensual","Nacional","PAIS","200","Argentina",2023-10-01,458.5
26,"Industrias Metálicas Básicas, Siderurgia y aluminio",449,"Acero crudo","Producción","miles de tn","Cámara Argentina del Acero","Mensual","Nacional","PAIS","200","Argentina",2023-11-01,413.3
26,"Industrias Metálicas Básicas, Siderurgia y aluminio",449,"Acero crudo","Producción","miles de tn","Cámara Argentina del Acero","Mensual","Nacional","PAIS","200","Argentina",2023-12-01,333.1
26,"Industrias Metálicas Básicas, Siderurgia y aluminio",449,"Acero crudo","Producción","miles de tn","Cámara Argentina del Acero","Mensual","Nacional","PAIS","200","Argentina",2024-01-01,407.8
26,"Industrias Metálicas Básicas, Siderurgia y aluminio",449,"Acero crudo","Producción","miles de tn","Cámara Argentina del Acero","Mensual","Nacional","PAIS","200","Argentina",2024-02-01,323.6
26,"Industrias Metálicas Básicas, Siderurgia y aluminio",449,"Acero crudo","Producción","miles de tn","Cámara Argentina del Acero","Mensual","Nacional","PAIS","200","Argentina",2024-03-01,241.4
26,"Industrias Metálicas Básicas, Siderurgia y aluminio",449,"Acero crudo","Producción","miles de tn","Cámara Argentina del Acero","Mensual","Nacional","PAIS","200","Argentina",2024-04-01,316.9
26,"Industrias Metálicas Básicas, Siderurgia y aluminio",449,"Acero crudo","Producción","miles de tn","Cámara Argentina del Acero","Mensual","Nacional","PAIS","200","Argentina",2024-05-01,312.1
26,"Industrias Metálicas Básicas, Siderurgia y aluminio",449,"Acero crudo","Producción","miles de tn","Cámara Argentina del Acero","Mensual","Nacional","PAIS","200","Argentina",2024-06-01,274.8
26,"Industrias Metálicas Básicas, Siderurgia y aluminio",449,"Acero crudo","Producción","miles de tn","Cámara Argentina del Acero","Mensual","Nacional","PAIS","200","Argentina",2024-07-01,313.9
26,"Industrias Metálicas Básicas, Siderurgia y aluminio",449,"Acero crudo","Producción","miles de tn","Cámara Argentina del Acero","Mensual","Nacional","PAIS","200","Argentina",2024-08-01,346.9
26,"Industrias Metálicas Básicas, Siderurgia y aluminio",449,"Acero crudo","Producción","miles de tn","Cámara Argentina del Acero","Mensual","Nacional","PAIS","200","Argentina",2024-09-01,370.9
26,"Industrias Metálicas Básicas, Siderurgia y aluminio",449,"Acero crudo","Producción","miles de tn","Cámara Argentina del Acero","Mensual","Nacional","PAIS","200","Argentina",2024-10-01,359.6
26,"Industrias Metálicas Básicas, Siderurgia y aluminio",449,"Acero crudo","Producción","miles de tn","Cámara Argentina del Acero","Mensual","Nacional","PAIS","200","Argentina",2024-11-01,338.5
26,"Industrias Metálicas Básicas, Siderurgia y aluminio",449,"Acero crudo","Producción","miles de tn","Cámara Argentina del Acero","Mensual","Nacional","PAIS","200","Argentina",2024-12-01,256.3
26,"Industrias Metálicas Básicas, Siderurgia y aluminio",449,"Acero crudo","Producción","miles de tn","Cámara Argentina del Acero","Mensual","Nacional","PAIS","200","Argentina",2025-01-01,299.7
26,"Industrias Metálicas Básicas, Siderurgia y aluminio",449,"Acero crudo","Producción","miles de tn","Cámara Argentina del Acero","Mensual","Nacional","PAIS","200","Argentina",2025-02-01,316.4
26,"Industrias Metálicas Básicas, Siderurgia y aluminio",449,"Acero crudo","Producción","miles de tn","Cámara Argentina del Acero","Mensual","Nacional","PAIS","200","Argentina",2025-03-01,330.8
26,"Industrias Metálicas Básicas, Siderurgia y aluminio",449,"Acero crudo","Producción","miles de tn","Cámara Argentina del Acero","Mensual","Nacional","PAIS","200","Argentina",2025-04-01,317.4
26,"Industrias Metálicas Básicas, Siderurgia y aluminio",449,"Acero crudo","Producción","miles de tn","Cámara Argentina del Acero","Mensual","Nacional","PAIS","200","Argentina",2025-05-01,350.3
26,"Industrias Metálicas Básicas, Siderurgia y aluminio",449,"Acero crudo","Producción","miles de tn","Cámara Argentina del Acero","Mensual","Nacional","PAIS","200","Argentina",2025-06-01,320.1
26,"Industrias Metálicas Básicas, Siderurgia y aluminio",449,"Acero crudo","Producción","miles de tn","Cámara Argentina del Acero","Mensual","Nacional","PAIS","200","Argentina",2025-07-01,327.5
26,"Industrias Metálicas Básicas, Siderurgia y aluminio",449,"Acero crudo","Producción","miles de tn","Cámara Argentina del Acero","Mensual","Nacional","PAIS","200","Argentina",2025-08-01,370.3
26,"Industrias Metálicas Básicas, Siderurgia y aluminio",449,"Acero crudo","Producción","miles de tn","Cámara Argentina del Acero","Mensual","Nacional","PAIS","200","Argentina",2025-09-01,356.7
26,"Industrias Metálicas Básicas, Siderurgia y aluminio",449,"Acero crudo","Producción","miles de tn","Cámara Argentina del Acero","Mensual","Nacional","PAIS","200","Argentina",2025-10-01,373.2
26,"Industrias Metálicas Básicas, Siderurgia y aluminio",449,"Acero crudo","Producción","miles de tn","Cámara Argentina del Acero","Mensual","Nacional","PAIS","200","Argentina",2025-11-01,374.9
26,"Industrias Metálicas Básicas, Siderurgia y aluminio",449,"Acero crudo","Producción","miles de tn","Cámara Argentina del Acero","Mensual","Nacional","PAIS","200","Argentina",2025-12-01,286.8
26,"Industrias Metálicas Básicas, Siderurgia y aluminio",449,"Acero crudo","Producción","miles de tn","Cámara Argentina del Acero","Mensual","Nacional","PAIS","200","Argentina",2026-01-01,345.2
26,"Industrias Metálicas Básicas, Siderurgia y aluminio",449,"Acero crudo","Producción","miles de tn","Cámara Argentina del Acero","Mensual","Nacional","PAIS","200","Argentina",2026-02-01,272.2
26,"Industrias Metálicas Básicas, Siderurgia y aluminio",449,"Acero crudo","Producción","miles de tn","Cámara Argentina del Acero","Mensual","Nacional","PAIS","200","Argentina",2026-03-01,387.4
26,"Industrias Metálicas Básicas, Siderurgia y aluminio",449,"Acero crudo","Producción","miles de tn","Cámara Argentina del Acero","Mensual","Nacional","PAIS","200","Argentina",2026-04-01,375.6
26,"Industrias Metálicas Básicas, Siderurgia y aluminio",449,"Acero crudo","Producción","miles de tn","Cámara Argentina del Acero","Mensual","Nacional","PAIS","200","Argentina",2026-05-01,399.4
26,"Industrias Metálicas Básicas, Siderurgia y aluminio",449,"Acero crudo","Producción","miles de tn","Cámara Argentina del Acero","Mensual","Nacional","PAIS","200","Argentina",2026-06-01,346.3
26,"Industrias Metálicas Básicas, Siderurgia y aluminio",450,"Arrabio","Producción","miles de tn","Cámara Argentina del Acero","Mensual","Nacional","PAIS","200","Argentina",1993-01-01,76.29
26,"Industrias Metálicas Básicas, Siderurgia y aluminio",450,"Arrabio","Producción","miles de tn","Cámara Argentina del Acero","Mensual","Nacional","PAIS","200","Argentina",1993-02-01,79.313
26,"Industrias Metálicas Básicas, Siderurgia y aluminio",450,"Arrabio","Producción","miles de tn","Cámara Argentina del Acero","Mensual","Nacional","PAIS","200","Argentina",1993-03-01,88.884
26,"Industrias Metálicas Básicas, Siderurgia y aluminio",450,"Arrabio","Producción","miles de tn","Cámara Argentina del Acero","Mensual","Nacional","PAIS","200","Argentina",1993-04-01,83.413
26,"Industrias Metálicas Básicas, Siderurgia y aluminio",450,"Arrabio","Producción","miles de tn","Cámara Argentina del Acero","Mensual","Nacional","PAIS","200","Argentina",1993-05-01,88.653
26,"Industrias Metálicas Básicas, Siderurgia y aluminio",450,"Arrabio","Producción","miles de tn","Cámara Argentina del Acero","Mensual","Nacional","PAIS","200","Argentina",1993-06-01,79.713
26,"Industrias Metálicas Básicas, Siderurgia y aluminio",450,"Arrabio","Producción","miles de tn","Cámara Argentina del Acero","Mensual","Nacional","PAIS","200","Argentina",1993-07-01,88.852
26,"Industrias Metálicas Básicas, Siderurgia y aluminio",450,"Arrabio","Producción","miles de tn","Cámara Argentina del Acero","Mensual","Nacional","PAIS","200","Argentina",1993-08-01,86.599
26,"Industrias Metálicas Básicas, Siderurgia y aluminio",450,"Arrabio","Producción","miles de tn","Cámara Argentina del Acero","Mensual","Nacional","PAIS","200","Argentina",1993-09-01,79.554
26,"Industrias Metálicas Básicas, Siderurgia y aluminio",450,"Arrabio","Producción","miles de tn","Cámara Argentina del Acero","Mensual","Nacional","PAIS","200","Argentina",1993-10-01,83.964
26,"Industrias Metálicas Básicas, Siderurgia y aluminio",450,"Arrabio","Producción","miles de tn","Cámara Argentina del Acero","Mensual","Nacional","PAIS","200","Argentina",1993-11-01,75.606
26,"Industrias Metálicas Básicas, Siderurgia y aluminio",450,"Arrabio","Producción","miles de tn","Cámara Argentina del Acero","Mensual","Nacional","PAIS","200","Argentina",1993-12-01,69.014
26,"Industrias Metálicas Básicas, Siderurgia y aluminio",450,"Arrabio","Producción","miles de tn","Cámara Argentina del Acero","Mensual","Nacional","PAIS","200","Argentina",1994-01-01,80.3
26,"Industrias Metálicas Básicas, Siderurgia y aluminio",450,"Arrabio","Producción","miles de tn","Cámara Argentina del Acero","Mensual","Nacional","PAIS","200","Argentina",1994-02-01,87.1
26,"Industrias Metálicas Básicas, Siderurgia y aluminio",450,"Arrabio","Producción","miles de tn","Cámara Argentina del Acero","Mensual","Nacional","PAIS","200","Argentina",1994-03-01,96.1
26,"Industrias Metálicas Básicas, Siderurgia y aluminio",450,"Arrabio","Producción","miles de tn","Cámara Argentina del Acero","Mensual","Nacional","PAIS","200","Argentina",1994-04-01,108.5
26,"Industrias Metálicas Básicas, Siderurgia y aluminio",450,"Arrabio","Producción","miles de tn","Cámara Argentina del Acero","Mensual","Nacional","PAIS","200","Argentina",1994-05-01,94.4
26,"Industrias Metálicas Básicas, Siderurgia y aluminio",450,"Arrabio","Producción","miles de tn","Cámara Argentina del Acero","Mensual","Nacional","PAIS","200","Argentina",1994-06-01,83.7
26,"Industrias Metálicas Básicas, Siderurgia y aluminio",450,"Arrabio","Producción","miles de tn","Cámara Argentina del Acero","Mensual","Nacional","PAIS","200","Argentina",1994-07-01,110
26,"Industrias Metálicas Básicas, Siderurgia y aluminio",450,"Arrabio","Producción","miles de tn","Cámara Argentina del Acero","Mensual","Nacional","PAIS","200","Argentina",1994-08-01,129.3
26,"Industrias Metálicas Básicas, Siderurgia y aluminio",450,"Arrabio","Producción","miles de tn","Cámara Argentina del Acero","Mensual","Nacional","PAIS","200","Argentina",1994-09-01,137.8
26,"Industrias Metálicas Básicas, Siderurgia y aluminio",450,"Arrabio","Producción","miles de tn","Cámara Argentina del Acero","Mensual","Nacional","PAIS","200","Argentina",1994-10-01,155.5
26,"Industrias Metálicas Básicas, Siderurgia y aluminio",450,"Arrabio","Producción","miles de tn","Cámara Argentina del Acero","Mensual","Nacional","PAIS","200","Argentina",1994-11-01,158.8
26,"Industrias Metálicas Básicas, Siderurgia y aluminio",450,"Arrabio","Producción","miles de tn","Cámara Argentina del Acero","Mensual","Nacional","PAIS","200","Argentina",1994-12-01,147.7
26,"Industrias Metálicas Básicas, Siderurgia y aluminio",450,"Arrabio","Producción","miles de tn","Cámara Argentina del Acero","Mensual","Nacional","PAIS","200","Argentina",1995-01-01,129.991
26,"Industrias Metálicas Básicas, Siderurgia y aluminio",450,"Arrabio","Producción","miles de tn","Cámara Argentina del Acero","Mensual","Nacional","PAIS","200","Argentina",1995-02-01,101.462
26,"Industrias Metálicas Básicas, Siderurgia y aluminio",450,"Arrabio","Producción","miles de tn","Cámara Argentina del Acero","Mensual","Nacional","PAIS","200","Argentina",1995-03-01,122.605
26,"Industrias Metálicas Básicas, Siderurgia y aluminio",450,"Arrabio","Producción","miles de tn","Cámara Argentina del Acero","Mensual","Nacional","PAIS","200","Argentina",1995-04-01,122.847
26,"Industrias Metálicas Básicas, Siderurgia y aluminio",450,"Arrabio","Producción","miles de tn","Cámara Argentina del Acero","Mensual","Nacional","PAIS","200","Argentina",1995-05-01,131.651
26,"Industrias Metálicas Básicas, Siderurgia y aluminio",450,"Arrabio","Producción","miles de tn","Cámara Argentina del Acero","Mensual","Nacional","PAIS","200","Argentina",1995-06-01,123.52
26,"Industrias Metálicas Básicas, Siderurgia y aluminio",450,"Arrabio","Producción","miles de tn","Cámara Argentina del Acero","Mensual","Nacional","PAIS","200","Argentina",1995-07-01,135.571
26,"Industrias Metálicas Básicas, Siderurgia y aluminio",450,"Arrabio","Producción","miles de tn","Cámara Argentina del Acero","Mensual","Nacional","PAIS","200","Argentina",1995-08-01,126.327
26,"Industrias Metálicas Básicas, Siderurgia y aluminio",450,"Arrabio","Producción","miles de tn","Cámara Argentina del Acero","Mensual","Nacional","PAIS","200","Argentina",1995-09-01,147.72
26,"Industrias Metálicas Básicas, Siderurgia y aluminio",450,"Arrabio","Producción","miles de tn","Cámara Argentina del Acero","Mensual","Nacional","PAIS","200","Argentina",1995-10-01,142.362
26,"Industrias Metálicas Básicas, Siderurgia y aluminio",450,"Arrabio","Producción","miles de tn","Cámara Argentina del Acero","Mensual","Nacional","PAIS","200","Argentina",1995-11-01,148.475
26,"Industrias Metálicas Básicas, Siderurgia y aluminio",450,"Arrabio","Producción","miles de tn","Cámara Argentina del Acero","Mensual","Nacional","PAIS","200","Argentina",1995-12-01,135.965
26,"Industrias Metálicas Básicas, Siderurgia y aluminio",450,"Arrabio","Producción","miles de tn","Cámara Argentina del Acero","Mensual","Nacional","PAIS","200","Argentina",1996-01-01,146.1
26,"Industrias Metálicas Básicas, Siderurgia y aluminio",450,"Arrabio","Producción","miles de tn","Cámara Argentina del Acero","Mensual","Nacional","PAIS","200","Argentina",1996-02-01,147.1
26,"Industrias Metálicas Básicas, Siderurgia y aluminio",450,"Arrabio","Producción","miles de tn","Cámara Argentina del Acero","Mensual","Nacional","PAIS","200","Argentina",1996-03-01,158.9
26,"Industrias Metálicas Básicas, Siderurgia y aluminio",450,"Arrabio","Producción","miles de tn","Cámara Argentina del Acero","Mensual","Nacional","PAIS","200","Argentina",1996-04-01,161.2
26,"Industrias Metálicas Básicas, Siderurgia y aluminio",450,"Arrabio","Producción","miles de tn","Cámara Argentina del Acero","Mensual","Nacional","PAIS","200","Argentina",1996-05-01,161.6
26,"Industrias Metálicas Básicas, Siderurgia y aluminio",450,"Arrabio","Producción","miles de tn","Cámara Argentina del Acero","Mensual","Nacional","PAIS","200","Argentina",1996-06-01,169.1
26,"Industrias Metálicas Básicas, Siderurgia y aluminio",450,"Arrabio","Producción","miles de tn","Cámara Argentina del Acero","Mensual","Nacional","PAIS","200","Argentina",1996-07-01,168.1
26,"Industrias Metálicas Básicas, Siderurgia y aluminio",450,"Arrabio","Producción","miles de tn","Cámara Argentina del Acero","Mensual","Nacional","PAIS","200","Argentina",1996-08-01,178.4
26,"Industrias Metálicas Básicas, Siderurgia y aluminio",450,"Arrabio","Producción","miles de tn","Cámara Argentina del Acero","Mensual","Nacional","PAIS","200","Argentina",1996-09-01,168.6
26,"Industrias Metálicas Básicas, Siderurgia y aluminio",450,"Arrabio","Producción","miles de tn","Cámara Argentina del Acero","Mensual","Nacional","PAIS","200","Argentina",1996-10-01,178.5
26,"Industrias Metálicas Básicas, Siderurgia y aluminio",450,"Arrabio","Producción","miles de tn","Cámara Argentina del Acero","Mensual","Nacional","PAIS","200","Argentina",1996-11-01,170.4
26,"Industrias Metálicas Básicas, Siderurgia y aluminio",450,"Arrabio","Producción","miles de tn","Cámara Argentina del Acero","Mensual","Nacional","PAIS","200","Argentina",1996-12-01,157.3
26,"Industrias Metálicas Básicas, Siderurgia y aluminio",450,"Arrabio","Producción","miles de tn","Cámara Argentina del Acero","Mensual","Nacional","PAIS","200","Argentina",1997-01-01,168.415
26,"Industrias Metálicas Básicas, Siderurgia y aluminio",450,"Arrabio","Producción","miles de tn","Cámara Argentina del Acero","Mensual","Nacional","PAIS","200","Argentina",1997-02-01,155.085
26,"Industrias Metálicas Básicas, Siderurgia y aluminio",450,"Arrabio","Producción","miles de tn","Cámara Argentina del Acero","Mensual","Nacional","PAIS","200","Argentina",1997-03-01,167.006
26,"Industrias Metálicas Básicas, Siderurgia y aluminio",450,"Arrabio","Producción","miles de tn","Cámara Argentina del Acero","Mensual","Nacional","PAIS","200","Argentina",1997-04-01,164.523
26,"Industrias Metálicas Básicas, Siderurgia y aluminio",450,"Arrabio","Producción","miles de tn","Cámara Argentina del Acero","Mensual","Nacional","PAIS","200","Argentina",1997-05-01,169.577
26,"Industrias Metálicas Básicas, Siderurgia y aluminio",450,"Arrabio","Producción","miles de tn","Cámara Argentina del Acero","Mensual","Nacional","PAIS","200","Argentina",1997-06-01,164.12
26,"Industrias Metálicas Básicas, Siderurgia y aluminio",450,"Arrabio","Producción","miles de tn","Cámara Argentina del Acero","Mensual","Nacional","PAIS","200","Argentina",1997-07-01,178.793
26,"Industrias Metálicas Básicas, Siderurgia y aluminio",450,"Arrabio","Producción","miles de tn","Cámara Argentina del Acero","Mensual","Nacional","PAIS","200","Argentina",1997-08-01,176.575
26,"Industrias Metálicas Básicas, Siderurgia y aluminio",450,"Arrabio","Producción","miles de tn","Cámara Argentina del Acero","Mensual","Nacional","PAIS","200","Argentina",1997-09-01,182.656
26,"Industrias Metálicas Básicas, Siderurgia y aluminio",450,"Arrabio","Producción","miles de tn","Cámara Argentina del Acero","Mensual","Nacional","PAIS","200","Argentina",1997-10-01,187.443
26,"Industrias Metálicas Básicas, Siderurgia y aluminio",450,"Arrabio","Producción","miles de tn","Cámara Argentina del Acero","Mensual","Nacional","PAIS","200","Argentina",1997-11-01,173.385
26,"Industrias Metálicas Básicas, Siderurgia y aluminio",450,"Arrabio","Producción","miles de tn","Cámara Argentina del Acero","Mensual","Nacional","PAIS","200","Argentina",1997-12-01,192.112
26,"Industrias Metálicas Básicas, Siderurgia y aluminio",450,"Arrabio","Producción","miles de tn","Cámara Argentina del Acero","Mensual","Nacional","PAIS","200","Argentina",1998-01-01,187.241
26,"Industrias Metálicas Básicas, Siderurgia y aluminio",450,"Arrabio","Producción","miles de tn","Cámara Argentina del Acero","Mensual","Nacional","PAIS","200","Argentina",1998-02-01,164.239
26,"Industrias Metálicas Básicas, Siderurgia y aluminio",450,"Arrabio","Producción","miles de tn","Cámara Argentina del Acero","Mensual","Nacional","PAIS","200","Argentina",1998-03-01,176.651
26,"Industrias Metálicas Básicas, Siderurgia y aluminio",450,"Arrabio","Producción","miles de tn","Cámara Argentina del Acero","Mensual","Nacional","PAIS","200","Argentina",1998-04-01,157.956
26,"Industrias Metálicas Básicas, Siderurgia y aluminio",450,"Arrabio","Producción","miles de tn","Cámara Argentina del Acero","Mensual","Nacional","PAIS","200","Argentina",1998-05-01,175.544
26,"Industrias Metálicas Básicas, Siderurgia y aluminio",450,"Arrabio","Producción","miles de tn","Cámara Argentina del Acero","Mensual","Nacional","PAIS","200","Argentina",1998-06-01,179.484
26,"Industrias Metálicas Básicas, Siderurgia y aluminio",450,"Arrabio","Producción","miles de tn","Cámara Argentina del Acero","Mensual","Nacional","PAIS","200","Argentina",1998-07-01,187.887
26,"Industrias Metálicas Básicas, Siderurgia y aluminio",450,"Arrabio","Producción","miles de tn","Cámara Argentina del Acero","Mensual","Nacional","PAIS","200","Argentina",1998-08-01,177.516
26,"Industrias Metálicas Básicas, Siderurgia y aluminio",450,"Arrabio","Producción","miles de tn","Cámara Argentina del Acero","Mensual","Nacional","PAIS","200","Argentina",1998-09-01,172.867
26,"Industrias Metálicas Básicas, Siderurgia y aluminio",450,"Arrabio","Producción","miles de tn","Cámara Argentina del Acero","Mensual","Nacional","PAIS","200","Argentina",1998-10-01,175.134
26,"Industrias Metálicas Básicas, Siderurgia y aluminio",450,"Arrabio","Producción","miles de tn","Cámara Argentina del Acero","Mensual","Nacional","PAIS","200","Argentina",1998-11-01,176.08
26,"Industrias Metálicas Básicas, Siderurgia y aluminio",450,"Arrabio","Producción","miles de tn","Cámara Argentina del Acero","Mensual","Nacional","PAIS","200","Argentina",1998-12-01,190.988
26,"Industrias Metálicas Básicas, Siderurgia y aluminio",450,"Arrabio","Producción","miles de tn","Cámara Argentina del Acero","Mensual","Nacional","PAIS","200","Argentina",1999-01-01,171.997
26,"Industrias Metálicas Básicas, Siderurgia y aluminio",450,"Arrabio","Producción","miles de tn","Cámara Argentina del Acero","Mensual","Nacional","PAIS","200","Argentina",1999-02-01,138.916
26,"Industrias Metálicas Básicas, Siderurgia y aluminio",450,"Arrabio","Producción","miles de tn","Cámara Argentina del Acero","Mensual","Nacional","PAIS","200","Argentina",1999-03-01,150.116
26,"Industrias Metálicas Básicas, Siderurgia y aluminio",450,"Arrabio","Producción","miles de tn","Cámara Argentina del Acero","Mensual","Nacional","PAIS","200","Argentina",1999-04-01,157.899
26,"Industrias Metálicas Básicas, Siderurgia y aluminio",450,"Arrabio","Producción","miles de tn","Cámara Argentina del Acero","Mensual","Nacional","PAIS","200","Argentina",1999-05-01,170.538
26,"Industrias Metálicas Básicas, Siderurgia y aluminio",450,"Arrabio","Producción","miles de tn","Cámara Argentina del Acero","Mensual","Nacional","PAIS","200","Argentina",1999-06-01,156.866
26,"Industrias Metálicas Básicas, Siderurgia y aluminio",450,"Arrabio","Producción","miles de tn","Cámara Argentina del Acero","Mensual","Nacional","PAIS","200","Argentina",1999-07-01,169.53
26,"Industrias Metálicas Básicas, Siderurgia y aluminio",450,"Arrabio","Producción","miles de tn","Cámara Argentina del Acero","Mensual","Nacional","PAIS","200","Argentina",1999-08-01,175.184
26,"Industrias Metálicas Básicas, Siderurgia y aluminio",450,"Arrabio","Producción","miles de tn","Cámara Argentina del Acero","Mensual","Nacional","PAIS","200","Argentina",1999-09-01,176.991
26,"Industrias Metálicas Básicas, Siderurgia y aluminio",450,"Arrabio","Producción","miles de tn","Cámara Argentina del Acero","Mensual","Nacional","PAIS","200","Argentina",1999-10-01,180.447
26,"Industrias Metálicas Básicas, Siderurgia y aluminio",450,"Arrabio","Producción","miles de tn","Cámara Argentina del Acero","Mensual","Nacional","PAIS","200","Argentina",1999-11-01,173.491
26,"Industrias Metálicas Básicas, Siderurgia y aluminio",450,"Arrabio","Producción","miles de tn","Cámara Argentina del Acero","Mensual","Nacional","PAIS","200","Argentina",1999-12-01,163.778
26,"Industrias Metálicas Básicas, Siderurgia y aluminio",450,"Arrabio","Producción","miles de tn","Cámara Argentina del Acero","Mensual","Nacional","PAIS","200","Argentina",2000-01-01,175.477
26,"Industrias Metálicas Básicas, Siderurgia y aluminio",450,"Arrabio","Producción","miles de tn","Cámara Argentina del Acero","Mensual","Nacional","PAIS","200","Argentina",2000-02-01,168.544
26,"Industrias Metálicas Básicas, Siderurgia y aluminio",450,"Arrabio","Producción","miles de tn","Cámara Argentina del Acero","Mensual","Nacional","PAIS","200","Argentina",2000-03-01,200.045
26,"Industrias Metálicas Básicas, Siderurgia y aluminio",450,"Arrabio","Producción","miles de tn","Cámara Argentina del Acero","Mensual","Nacional","PAIS","200","Argentina",2000-04-01,176.538
26,"Industrias Metálicas Básicas, Siderurgia y aluminio",450,"Arrabio","Producción","miles de tn","Cámara Argentina del Acero","Mensual","Nacional","PAIS","200","Argentina",2000-05-01,164.395
26,"Industrias Metálicas Básicas, Siderurgia y aluminio",450,"Arrabio","Producción","miles de tn","Cámara Argentina del Acero","Mensual","Nacional","PAIS","200","Argentina",2000-06-01,182.139
26,"Industrias Metálicas Básicas, Siderurgia y aluminio",450,"Arrabio","Producción","miles de tn","Cámara Argentina del Acero","Mensual","Nacional","PAIS","200","Argentina",2000-07-01,185.785
26,"Industrias Metálicas Básicas, Siderurgia y aluminio",450,"Arrabio","Producción","miles de tn","Cámara Argentina del Acero","Mensual","Nacional","PAIS","200","Argentina",2000-08-01,182.241
26,"Industrias Metálicas Básicas, Siderurgia y aluminio",450,"Arrabio","Producción","miles de tn","Cámara Argentina del Acero","Mensual","Nacional","PAIS","200","Argentina",2000-09-01,185.974
26,"Industrias Metálicas Básicas, Siderurgia y aluminio",450,"Arrabio","Producción","miles de tn","Cámara Argentina del Acero","Mensual","Nacional","PAIS","200","Argentina",2000-10-01,196.038
26,"Industrias Metálicas Básicas, Siderurgia y aluminio",450,"Arrabio","Producción","miles de tn","Cámara Argentina del Acero","Mensual","Nacional","PAIS","200","Argentina",2000-11-01,187.505
26,"Industrias Metálicas Básicas, Siderurgia y aluminio",450,"Arrabio","Producción","miles de tn","Cámara Argentina del Acero","Mensual","Nacional","PAIS","200","Argentina",2000-12-01,181.029
26,"Industrias Metálicas Básicas, Siderurgia y aluminio",450,"Arrabio","Producción","miles de tn","Cámara Argentina del Acero","Mensual","Nacional","PAIS","200","Argentina",2001-01-01,174.373
26,"Industrias Metálicas Básicas, Siderurgia y aluminio",450,"Arrabio","Producción","miles de tn","Cámara Argentina del Acero","Mensual","Nacional","PAIS","200","Argentina",2001-02-01,166.364
26,"Industrias Metálicas Básicas, Siderurgia y aluminio",450,"Arrabio","Producción","miles de tn","Cámara Argentina del Acero","Mensual","Nacional","PAIS","200","Argentina",2001-03-01,185.623
26,"Industrias Metálicas Básicas, Siderurgia y aluminio",450,"Arrabio","Producción","miles de tn","Cámara Argentina del Acero","Mensual","Nacional","PAIS","200","Argentina",2001-04-01,170.073
26,"Industrias Metálicas Básicas, Siderurgia y aluminio",450,"Arrabio","Producción","miles de tn","Cámara Argentina del Acero","Mensual","Nacional","PAIS","200","Argentina",2001-05-01,191.235
26,"Industrias Metálicas Básicas, Siderurgia y aluminio",450,"Arrabio","Producción","miles de tn","Cámara Argentina del Acero","Mensual","Nacional","PAIS","200","Argentina",2001-06-01,175.641
26,"Industrias Metálicas Básicas, Siderurgia y aluminio",450,"Arrabio","Producción","miles de tn","Cámara Argentina del Acero","Mensual","Nacional","PAIS","200","Argentina",2001-07-01,168.584
26,"Industrias Metálicas Básicas, Siderurgia y aluminio",450,"Arrabio","Producción","miles de tn","Cámara Argentina del Acero","Mensual","Nacional","PAIS","200","Argentina",2001-08-01,92.923
26,"Industrias Metálicas Básicas, Siderurgia y aluminio",450,"Arrabio","Producción","miles de tn","Cámara Argentina del Acero","Mensual","Nacional","PAIS","200","Argentina",2001-09-01,144.636
26,"Industrias Metálicas Básicas, Siderurgia y aluminio",450,"Arrabio","Producción","miles de tn","Cámara Argentina del Acero","Mensual","Nacional","PAIS","200","Argentina",2001-10-01,153.512
26,"Industrias Metálicas Básicas, Siderurgia y aluminio",450,"Arrabio","Producción","miles de tn","Cámara Argentina del Acero","Mensual","Nacional","PAIS","200","Argentina",2001-11-01,149.449
26,"Industrias Metálicas Básicas, Siderurgia y aluminio",450,"Arrabio","Producción","miles de tn","Cámara Argentina del Acero","Mensual","Nacional","PAIS","200","Argentina",2001-12-01,143.079
26,"Industrias Metálicas Básicas, Siderurgia y aluminio",450,"Arrabio","Producción","miles de tn","Cámara Argentina del Acero","Mensual","Nacional","PAIS","200","Argentina",2002-01-01,145.22
26,"Industrias Metálicas Básicas, Siderurgia y aluminio",450,"Arrabio","Producción","miles de tn","Cámara Argentina del Acero","Mensual","Nacional","PAIS","200","Argentina",2002-02-01,158.058
26,"Industrias Metálicas Básicas, Siderurgia y aluminio",450,"Arrabio","Producción","miles de tn","Cámara Argentina del Acero","Mensual","Nacional","PAIS","200","Argentina",2002-03-01,147.359
26,"Industrias Metálicas Básicas, Siderurgia y aluminio",450,"Arrabio","Producción","miles de tn","Cámara Argentina del Acero","Mensual","Nacional","PAIS","200","Argentina",2002-04-01,187.833
26,"Industrias Metálicas Básicas, Siderurgia y aluminio",450,"Arrabio","Producción","miles de tn","Cámara Argentina del Acero","Mensual","Nacional","PAIS","200","Argentina",2002-05-01,185.446
26,"Industrias Metálicas Básicas, Siderurgia y aluminio",450,"Arrabio","Producción","miles de tn","Cámara Argentina del Acero","Mensual","Nacional","PAIS","200","Argentina",2002-06-01,191.15
26,"Industrias Metálicas Básicas, Siderurgia y aluminio",450,"Arrabio","Producción","miles de tn","Cámara Argentina del Acero","Mensual","Nacional","PAIS","200","Argentina",2002-07-01,201.848
26,"Industrias Metálicas Básicas, Siderurgia y aluminio",450,"Arrabio","Producción","miles de tn","Cámara Argentina del Acero","Mensual","Nacional","PAIS","200","Argentina",2002-08-01,183.079
26,"Industrias Metálicas Básicas, Siderurgia y aluminio",450,"Arrabio","Producción","miles de tn","Cámara Argentina del Acero","Mensual","Nacional","PAIS","200","Argentina",2002-09-01,188.181
26,"Industrias Metálicas Básicas, Siderurgia y aluminio",450,"Arrabio","Producción","miles de tn","Cámara Argentina del Acero","Mensual","Nacional","PAIS","200","Argentina",2002-10-01,199.741
26,"Industrias Metálicas Básicas, Siderurgia y aluminio",450,"Arrabio","Producción","miles de tn","Cámara Argentina del Acero","Mensual","Nacional","PAIS","200","Argentina",2002-11-01,181.644
26,"Industrias Metálicas Básicas, Siderurgia y aluminio",450,"Arrabio","Producción","miles de tn","Cámara Argentina del Acero","Mensual","Nacional","PAIS","200","Argentina",2002-12-01,204.217
26,"Industrias Metálicas Básicas, Siderurgia y aluminio",450,"Arrabio","Producción","miles de tn","Cámara Argentina del Acero","Mensual","Nacional","PAIS","200","Argentina",2003-01-01,189.317
26,"Industrias Metálicas Básicas, Siderurgia y aluminio",450,"Arrabio","Producción","miles de tn","Cámara Argentina del Acero","Mensual","Nacional","PAIS","200","Argentina",2003-02-01,183.432
26,"Industrias Metálicas Básicas, Siderurgia y aluminio",450,"Arrabio","Producción","miles de tn","Cámara Argentina del Acero","Mensual","Nacional","PAIS","200","Argentina",2003-03-01,208.323
26,"Industrias Metálicas Básicas, Siderurgia y aluminio",450,"Arrabio","Producción","miles de tn","Cámara Argentina del Acero","Mensual","Nacional","PAIS","200","Argentina",2003-04-01,208.613
26,"Industrias Metálicas Básicas, Siderurgia y aluminio",450,"Arrabio","Producción","miles de tn","Cámara Argentina del Acero","Mensual","Nacional","PAIS","200","Argentina",2003-05-01,207.636
26,"Industrias Metálicas Básicas, Siderurgia y aluminio",450,"Arrabio","Producción","miles de tn","Cámara Argentina del Acero","Mensual","Nacional","PAIS","200","Argentina",2003-06-01,205.356
26,"Industrias Metálicas Básicas, Siderurgia y aluminio",450,"Arrabio","Producción","miles de tn","Cámara Argentina del Acero","Mensual","Nacional","PAIS","200","Argentina",2003-07-01,204.612
26,"Industrias Metálicas Básicas, Siderurgia y aluminio",450,"Arrabio","Producción","miles de tn","Cámara Argentina del Acero","Mensual","Nacional","PAIS","200","Argentina",2003-08-01,214.518
26,"Industrias Metálicas Básicas, Siderurgia y aluminio",450,"Arrabio","Producción","miles de tn","Cámara Argentina del Acero","Mensual","Nacional","PAIS","200","Argentina",2003-09-01,195.06
26,"Industrias Metálicas Básicas, Siderurgia y aluminio",450,"Arrabio","Producción","miles de tn","Cámara Argentina del Acero","Mensual","Nacional","PAIS","200","Argentina",2003-10-01,207.357
26,"Industrias Metálicas Básicas, Siderurgia y aluminio",450,"Arrabio","Producción","miles de tn","Cámara Argentina del Acero","Mensual","Nacional","PAIS","200","Argentina",2003-11-01,187.749
26,"Industrias Metálicas Básicas, Siderurgia y aluminio",450,"Arrabio","Producción","miles de tn","Cámara Argentina del Acero","Mensual","Nacional","PAIS","200","Argentina",2003-12-01,192.13
26,"Industrias Metálicas Básicas, Siderurgia y aluminio",450,"Arrabio","Producción","miles de tn","Cámara Argentina del Acero","Mensual","Nacional","PAIS","200","Argentina",2004-01-01,191.848
26,"Industrias Metálicas Básicas, Siderurgia y aluminio",450,"Arrabio","Producción","miles de tn","Cámara Argentina del Acero","Mensual","Nacional","PAIS","200","Argentina",2004-02-01,185.761
26,"Industrias Metálicas Básicas, Siderurgia y aluminio",450,"Arrabio","Producción","miles de tn","Cámara Argentina del Acero","Mensual","Nacional","PAIS","200","Argentina",2004-03-01,178.999
26,"Industrias Metálicas Básicas, Siderurgia y aluminio",450,"Arrabio","Producción","miles de tn","Cámara Argentina del Acero","Mensual","Nacional","PAIS","200","Argentina",2004-04-01,170.726
26,"Industrias Metálicas Básicas, Siderurgia y aluminio",450,"Arrabio","Producción","miles de tn","Cámara Argentina del Acero","Mensual","Nacional","PAIS","200","Argentina",2004-05-01,196.272
26,"Industrias Metálicas Básicas, Siderurgia y aluminio",450,"Arrabio","Producción","miles de tn","Cámara Argentina del Acero","Mensual","Nacional","PAIS","200","Argentina",2004-06-01,191.833
26,"Industrias Metálicas Básicas, Siderurgia y aluminio",450,"Arrabio","Producción","miles de tn","Cámara Argentina del Acero","Mensual","Nacional","PAIS","200","Argentina",2004-07-01,188.899
26,"Industrias Metálicas Básicas, Siderurgia y aluminio",450,"Arrabio","Producción","miles de tn","Cámara Argentina del Acero","Mensual","Nacional","PAIS","200","Argentina",2004-08-01,189.8
26,"Industrias Metálicas Básicas, Siderurgia y aluminio",450,"Arrabio","Producción","miles de tn","Cámara Argentina del Acero","Mensual","Nacional","PAIS","200","Argentina",2004-09-01,208.2
26,"Industrias Metálicas Básicas, Siderurgia y aluminio",450,"Arrabio","Producción","miles de tn","Cámara Argentina del Acero","Mensual","Nacional","PAIS","200","Argentina",2004-10-01,234.3
26,"Industrias Metálicas Básicas, Siderurgia y aluminio",450,"Arrabio","Producción","miles de tn","Cámara Argentina del Acero","Mensual","Nacional","PAIS","200","Argentina",2004-11-01,231
26,"Industrias Metálicas Básicas, Siderurgia y aluminio",450,"Arrabio","Producción","miles de tn","Cámara Argentina del Acero","Mensual","Nacional","PAIS","200","Argentina",2004-12-01,224.536
26,"Industrias Metálicas Básicas, Siderurgia y aluminio",450,"Arrabio","Producción","miles de tn","Cámara Argentina del Acero","Mensual","Nacional","PAIS","200","Argentina",2005-01-01,231.5
26,"Industrias Metálicas Básicas, Siderurgia y aluminio",450,"Arrabio","Producción","miles de tn","Cámara Argentina del Acero","Mensual","Nacional","PAIS","200","Argentina",2005-02-01,203.3
26,"Industrias Metálicas Básicas, Siderurgia y aluminio",450,"Arrabio","Producción","miles de tn","Cámara Argentina del Acero","Mensual","Nacional","PAIS","200","Argentina",2005-03-01,229
26,"Industrias Metálicas Básicas, Siderurgia y aluminio",450,"Arrabio","Producción","miles de tn","Cámara Argentina del Acero","Mensual","Nacional","PAIS","200","Argentina",2005-04-01,222.9
26,"Industrias Metálicas Básicas, Siderurgia y aluminio",450,"Arrabio","Producción","miles de tn","Cámara Argentina del Acero","Mensual","Nacional","PAIS","200","Argentina",2005-05-01,230.5
26,"Industrias Metálicas Básicas, Siderurgia y aluminio",450,"Arrabio","Producción","miles de tn","Cámara Argentina del Acero","Mensual","Nacional","PAIS","200","Argentina",2005-06-01,216.5
26,"Industrias Metálicas Básicas, Siderurgia y aluminio",450,"Arrabio","Producción","miles de tn","Cámara Argentina del Acero","Mensual","Nacional","PAIS","200","Argentina",2005-07-01,228.3
26,"Industrias Metálicas Básicas, Siderurgia y aluminio",450,"Arrabio","Producción","miles de tn","Cámara Argentina del Acero","Mensual","Nacional","PAIS","200","Argentina",2005-08-01,228.9
26,"Industrias Metálicas Básicas, Siderurgia y aluminio",450,"Arrabio","Producción","miles de tn","Cámara Argentina del Acero","Mensual","Nacional","PAIS","200","Argentina",2005-09-01,193.3
26,"Industrias Metálicas Básicas, Siderurgia y aluminio",450,"Arrabio","Producción","miles de tn","Cámara Argentina del Acero","Mensual","Nacional","PAIS","200","Argentina",2005-10-01,205
26,"Industrias Metálicas Básicas, Siderurgia y aluminio",450,"Arrabio","Producción","miles de tn","Cámara Argentina del Acero","Mensual","Nacional","PAIS","200","Argentina",2005-11-01,218.9
26,"Industrias Metálicas Básicas, Siderurgia y aluminio",450,"Arrabio","Producción","miles de tn","Cámara Argentina del Acero","Mensual","Nacional","PAIS","200","Argentina",2005-12-01,237.533
26,"Industrias Metálicas Básicas, Siderurgia y aluminio",450,"Arrabio","Producción","miles de tn","Cámara Argentina del Acero","Mensual","Nacional","PAIS","200","Argentina",2006-01-01,232.2
26,"Industrias Metálicas Básicas, Siderurgia y aluminio",450,"Arrabio","Producción","miles de tn","Cámara Argentina del Acero","Mensual","Nacional","PAIS","200","Argentina",2006-02-01,207
26,"Industrias Metálicas Básicas, Siderurgia y aluminio",450,"Arrabio","Producción","miles de tn","Cámara Argentina del Acero","Mensual","Nacional","PAIS","200","Argentina",2006-03-01,237.6
26,"Industrias Metálicas Básicas, Siderurgia y aluminio",450,"Arrabio","Producción","miles de tn","Cámara Argentina del Acero","Mensual","Nacional","PAIS","200","Argentina",2006-04-01,232.9
26,"Industrias Metálicas Básicas, Siderurgia y aluminio",450,"Arrabio","Producción","miles de tn","Cámara Argentina del Acero","Mensual","Nacional","PAIS","200","Argentina",2006-05-01,241.5
26,"Industrias Metálicas Básicas, Siderurgia y aluminio",450,"Arrabio","Producción","miles de tn","Cámara Argentina del Acero","Mensual","Nacional","PAIS","200","Argentina",2006-06-01,232.3
26,"Industrias Metálicas Básicas, Siderurgia y aluminio",450,"Arrabio","Producción","miles de tn","Cámara Argentina del Acero","Mensual","Nacional","PAIS","200","Argentina",2006-07-01,200.6
26,"Industrias Metálicas Básicas, Siderurgia y aluminio",450,"Arrabio","Producción","miles de tn","Cámara Argentina del Acero","Mensual","Nacional","PAIS","200","Argentina",2006-08-01,189.1
26,"Industrias Metálicas Básicas, Siderurgia y aluminio",450,"Arrabio","Producción","miles de tn","Cámara Argentina del Acero","Mensual","Nacional","PAIS","200","Argentina",2006-09-01,199.2
26,"Industrias Metálicas Básicas, Siderurgia y aluminio",450,"Arrabio","Producción","miles de tn","Cámara Argentina del Acero","Mensual","Nacional","PAIS","200","Argentina",2006-10-01,257.8
26,"Industrias Metálicas Básicas, Siderurgia y aluminio",450,"Arrabio","Producción","miles de tn","Cámara Argentina del Acero","Mensual","Nacional","PAIS","200","Argentina",2006-11-01,120.7
26,"Industrias Metálicas Básicas, Siderurgia y aluminio",450,"Arrabio","Producción","miles de tn","Cámara Argentina del Acero","Mensual","Nacional","PAIS","200","Argentina",2006-12-01,131.177
26,"Industrias Metálicas Básicas, Siderurgia y aluminio",450,"Arrabio","Producción","miles de tn","Cámara Argentina del Acero","Mensual","Nacional","PAIS","200","Argentina",2007-01-01,136.337
26,"Industrias Metálicas Básicas, Siderurgia y aluminio",450,"Arrabio","Producción","miles de tn","Cámara Argentina del Acero","Mensual","Nacional","PAIS","200","Argentina",2007-02-01,198.413
26,"Industrias Metálicas Básicas, Siderurgia y aluminio",450,"Arrabio","Producción","miles de tn","Cámara Argentina del Acero","Mensual","Nacional","PAIS","200","Argentina",2007-03-01,228.082
26,"Industrias Metálicas Básicas, Siderurgia y aluminio",450,"Arrabio","Producción","miles de tn","Cámara Argentina del Acero","Mensual","Nacional","PAIS","200","Argentina",2007-04-01,243.08
26,"Industrias Metálicas Básicas, Siderurgia y aluminio",450,"Arrabio","Producción","miles de tn","Cámara Argentina del Acero","Mensual","Nacional","PAIS","200","Argentina",2007-05-01,236.076
26,"Industrias Metálicas Básicas, Siderurgia y aluminio",450,"Arrabio","Producción","miles de tn","Cámara Argentina del Acero","Mensual","Nacional","PAIS","200","Argentina",2007-06-01,235.084
26,"Industrias Metálicas Básicas, Siderurgia y aluminio",450,"Arrabio","Producción","miles de tn","Cámara Argentina del Acero","Mensual","Nacional","PAIS","200","Argentina",2007-07-01,143.61
26,"Industrias Metálicas Básicas, Siderurgia y aluminio",450,"Arrabio","Producción","miles de tn","Cámara Argentina del Acero","Mensual","Nacional","PAIS","200","Argentina",2007-08-01,239.728
26,"Industrias Metálicas Básicas, Siderurgia y aluminio",450,"Arrabio","Producción","miles de tn","Cámara Argentina del Acero","Mensual","Nacional","PAIS","200","Argentina",2007-09-01,240.436
26,"Industrias Metálicas Básicas, Siderurgia y aluminio",450,"Arrabio","Producción","miles de tn","Cámara Argentina del Acero","Mensual","Nacional","PAIS","200","Argentina",2007-10-01,229.274
26,"Industrias Metálicas Básicas, Siderurgia y aluminio",450,"Arrabio","Producción","miles de tn","Cámara Argentina del Acero","Mensual","Nacional","PAIS","200","Argentina",2007-11-01,228.907
26,"Industrias Metálicas Básicas, Siderurgia y aluminio",450,"Arrabio","Producción","miles de tn","Cámara Argentina del Acero","Mensual","Nacional","PAIS","200","Argentina",2007-12-01,234.162
26,"Industrias Metálicas Básicas, Siderurgia y aluminio",450,"Arrabio","Producción","miles de tn","Cámara Argentina del Acero","Mensual","Nacional","PAIS","200","Argentina",2008-01-01,227.011
26,"Industrias Metálicas Básicas, Siderurgia y aluminio",450,"Arrabio","Producción","miles de tn","Cámara Argentina del Acero","Mensual","Nacional","PAIS","200","Argentina",2008-02-01,218.025
26,"Industrias Metálicas Básicas, Siderurgia y aluminio",450,"Arrabio","Producción","miles de tn","Cámara Argentina del Acero","Mensual","Nacional","PAIS","200","Argentina",2008-03-01,242.083
26,"Industrias Metálicas Básicas, Siderurgia y aluminio",450,"Arrabio","Producción","miles de tn","Cámara Argentina del Acero","Mensual","Nacional","PAIS","200","Argentina",2008-04-01,237.244
26,"Industrias Metálicas Básicas, Siderurgia y aluminio",450,"Arrabio","Producción","miles de tn","Cámara Argentina del Acero","Mensual","Nacional","PAIS","200","Argentina",2008-05-01,230.987
26,"Industrias Metálicas Básicas, Siderurgia y aluminio",450,"Arrabio","Producción","miles de tn","Cámara Argentina del Acero","Mensual","Nacional","PAIS","200","Argentina",2008-06-01,230.896
26,"Industrias Metálicas Básicas, Siderurgia y aluminio",450,"Arrabio","Producción","miles de tn","Cámara Argentina del Acero","Mensual","Nacional","PAIS","200","Argentina",2008-07-01,244.638
26,"Industrias Metálicas Básicas, Siderurgia y aluminio",450,"Arrabio","Producción","miles de tn","Cámara Argentina del Acero","Mensual","Nacional","PAIS","200","Argentina",2008-08-01,243.463
26,"Industrias Metálicas Básicas, Siderurgia y aluminio",450,"Arrabio","Producción","miles de tn","Cámara Argentina del Acero","Mensual","Nacional","PAIS","200","Argentina",2008-09-01,247.599
26,"Industrias Metálicas Básicas, Siderurgia y aluminio",450,"Arrabio","Producción","miles de tn","Cámara Argentina del Acero","Mensual","Nacional","PAIS","200","Argentina",2008-10-01,189.592
26,"Industrias Metálicas Básicas, Siderurgia y aluminio",450,"Arrabio","Producción","miles de tn","Cámara Argentina del Acero","Mensual","Nacional","PAIS","200","Argentina",2008-11-01,130.78
26,"Industrias Metálicas Básicas, Siderurgia y aluminio",450,"Arrabio","Producción","miles de tn","Cámara Argentina del Acero","Mensual","Nacional","PAIS","200","Argentina",2008-12-01,138.927
26,"Industrias Metálicas Básicas, Siderurgia y aluminio",450,"Arrabio","Producción","miles de tn","Cámara Argentina del Acero","Mensual","Nacional","PAIS","200","Argentina",2009-01-01,145.922
26,"Industrias Metálicas Básicas, Siderurgia y aluminio",450,"Arrabio","Producción","miles de tn","Cámara Argentina del Acero","Mensual","Nacional","PAIS","200","Argentina",2009-02-01,136.487
26,"Industrias Metálicas Básicas, Siderurgia y aluminio",450,"Arrabio","Producción","miles de tn","Cámara Argentina del Acero","Mensual","Nacional","PAIS","200","Argentina",2009-03-01,154.51
26,"Industrias Metálicas Básicas, Siderurgia y aluminio",450,"Arrabio","Producción","miles de tn","Cámara Argentina del Acero","Mensual","Nacional","PAIS","200","Argentina",2009-04-01,142.471
26,"Industrias Metálicas Básicas, Siderurgia y aluminio",450,"Arrabio","Producción","miles de tn","Cámara Argentina del Acero","Mensual","Nacional","PAIS","200","Argentina",2009-05-01,152.09
26,"Industrias Metálicas Básicas, Siderurgia y aluminio",450,"Arrabio","Producción","miles de tn","Cámara Argentina del Acero","Mensual","Nacional","PAIS","200","Argentina",2009-06-01,149.304
26,"Industrias Metálicas Básicas, Siderurgia y aluminio",450,"Arrabio","Producción","miles de tn","Cámara Argentina del Acero","Mensual","Nacional","PAIS","200","Argentina",2009-07-01,183.124
26,"Industrias Metálicas Básicas, Siderurgia y aluminio",450,"Arrabio","Producción","miles de tn","Cámara Argentina del Acero","Mensual","Nacional","PAIS","200","Argentina",2009-08-01,191.109
26,"Industrias Metálicas Básicas, Siderurgia y aluminio",450,"Arrabio","Producción","miles de tn","Cámara Argentina del Acero","Mensual","Nacional","PAIS","200","Argentina",2009-09-01,184.36
26,"Industrias Metálicas Básicas, Siderurgia y aluminio",450,"Arrabio","Producción","miles de tn","Cámara Argentina del Acero","Mensual","Nacional","PAIS","200","Argentina",2009-10-01,212.566
26,"Industrias Metálicas Básicas, Siderurgia y aluminio",450,"Arrabio","Producción","miles de tn","Cámara Argentina del Acero","Mensual","Nacional","PAIS","200","Argentina",2009-11-01,191.128
26,"Industrias Metálicas Básicas, Siderurgia y aluminio",450,"Arrabio","Producción","miles de tn","Cámara Argentina del Acero","Mensual","Nacional","PAIS","200","Argentina",2009-12-01,198.479
26,"Industrias Metálicas Básicas, Siderurgia y aluminio",450,"Arrabio","Producción","miles de tn","Cámara Argentina del Acero","Mensual","Nacional","PAIS","200","Argentina",2010-01-01,212.074
26,"Industrias Metálicas Básicas, Siderurgia y aluminio",450,"Arrabio","Producción","miles de tn","Cámara Argentina del Acero","Mensual","Nacional","PAIS","200","Argentina",2010-02-01,174.15
26,"Industrias Metálicas Básicas, Siderurgia y aluminio",450,"Arrabio","Producción","miles de tn","Cámara Argentina del Acero","Mensual","Nacional","PAIS","200","Argentina",2010-03-01,208.901
26,"Industrias Metálicas Básicas, Siderurgia y aluminio",450,"Arrabio","Producción","miles de tn","Cámara Argentina del Acero","Mensual","Nacional","PAIS","200","Argentina",2010-04-01,187.808
26,"Industrias Metálicas Básicas, Siderurgia y aluminio",450,"Arrabio","Producción","miles de tn","Cámara Argentina del Acero","Mensual","Nacional","PAIS","200","Argentina",2010-05-01,216.59
26,"Industrias Metálicas Básicas, Siderurgia y aluminio",450,"Arrabio","Producción","miles de tn","Cámara Argentina del Acero","Mensual","Nacional","PAIS","200","Argentina",2010-06-01,179.6
26,"Industrias Metálicas Básicas, Siderurgia y aluminio",450,"Arrabio","Producción","miles de tn","Cámara Argentina del Acero","Mensual","Nacional","PAIS","200","Argentina",2010-07-01,189.846
26,"Industrias Metálicas Básicas, Siderurgia y aluminio",450,"Arrabio","Producción","miles de tn","Cámara Argentina del Acero","Mensual","Nacional","PAIS","200","Argentina",2010-08-01,241.074
26,"Industrias Metálicas Básicas, Siderurgia y aluminio",450,"Arrabio","Producción","miles de tn","Cámara Argentina del Acero","Mensual","Nacional","PAIS","200","Argentina",2010-09-01,221.702
26,"Industrias Metálicas Básicas, Siderurgia y aluminio",450,"Arrabio","Producción","miles de tn","Cámara Argentina del Acero","Mensual","Nacional","PAIS","200","Argentina",2010-10-01,235.752
26,"Industrias Metálicas Básicas, Siderurgia y aluminio",450,"Arrabio","Producción","miles de tn","Cámara Argentina del Acero","Mensual","Nacional","PAIS","200","Argentina",2010-11-01,224.567
26,"Industrias Metálicas Básicas, Siderurgia y aluminio",450,"Arrabio","Producción","miles de tn","Cámara Argentina del Acero","Mensual","Nacional","PAIS","200","Argentina",2010-12-01,240.314
26,"Industrias Metálicas Básicas, Siderurgia y aluminio",450,"Arrabio","Producción","miles de tn","Cámara Argentina del Acero","Mensual","Nacional","PAIS","200","Argentina",2011-01-01,240.328
26,"Industrias Metálicas Básicas, Siderurgia y aluminio",450,"Arrabio","Producción","miles de tn","Cámara Argentina del Acero","Mensual","Nacional","PAIS","200","Argentina",2011-02-01,217.394
26,"Industrias Metálicas Básicas, Siderurgia y aluminio",450,"Arrabio","Producción","miles de tn","Cámara Argentina del Acero","Mensual","Nacional","PAIS","200","Argentina",2011-03-01,239.016
26,"Industrias Metálicas Básicas, Siderurgia y aluminio",450,"Arrabio","Producción","miles de tn","Cámara Argentina del Acero","Mensual","Nacional","PAIS","200","Argentina",2011-04-01,229.327
26,"Industrias Metálicas Básicas, Siderurgia y aluminio",450,"Arrabio","Producción","miles de tn","Cámara Argentina del Acero","Mensual","Nacional","PAIS","200","Argentina",2011-05-01,238.775
26,"Industrias Metálicas Básicas, Siderurgia y aluminio",450,"Arrabio","Producción","miles de tn","Cámara Argentina del Acero","Mensual","Nacional","PAIS","200","Argentina",2011-06-01,223.624
26,"Industrias Metálicas Básicas, Siderurgia y aluminio",450,"Arrabio","Producción","miles de tn","Cámara Argentina del Acero","Mensual","Nacional","PAIS","200","Argentina",2011-07-01,239.655
26,"Industrias Metálicas Básicas, Siderurgia y aluminio",450,"Arrabio","Producción","miles de tn","Cámara Argentina del Acero","Mensual","Nacional","PAIS","200","Argentina",2011-08-01,238.9
26,"Industrias Metálicas Básicas, Siderurgia y aluminio",450,"Arrabio","Producción","miles de tn","Cámara Argentina del Acero","Mensual","Nacional","PAIS","200","Argentina",2011-09-01,233.772
26,"Industrias Metálicas Básicas, Siderurgia y aluminio",450,"Arrabio","Producción","miles de tn","Cámara Argentina del Acero","Mensual","Nacional","PAIS","200","Argentina",2011-10-01,240.129
26,"Industrias Metálicas Básicas, Siderurgia y aluminio",450,"Arrabio","Producción","miles de tn","Cámara Argentina del Acero","Mensual","Nacional","PAIS","200","Argentina",2011-11-01,224.646
26,"Industrias Metálicas Básicas, Siderurgia y aluminio",450,"Arrabio","Producción","miles de tn","Cámara Argentina del Acero","Mensual","Nacional","PAIS","200","Argentina",2011-12-01,234.944
26,"Industrias Metálicas Básicas, Siderurgia y aluminio",450,"Arrabio","Producción","miles de tn","Cámara Argentina del Acero","Mensual","Nacional","PAIS","200","Argentina",2012-01-01,238.714
26,"Industrias Metálicas Básicas, Siderurgia y aluminio",450,"Arrabio","Producción","miles de tn","Cámara Argentina del Acero","Mensual","Nacional","PAIS","200","Argentina",2012-02-01,220.874
26,"Industrias Metálicas Básicas, Siderurgia y aluminio",450,"Arrabio","Producción","miles de tn","Cámara Argentina del Acero","Mensual","Nacional","PAIS","200","Argentina",2012-03-01,231.897
26,"Industrias Metálicas Básicas, Siderurgia y aluminio",450,"Arrabio","Producción","miles de tn","Cámara Argentina del Acero","Mensual","Nacional","PAIS","200","Argentina",2012-04-01,230.543
26,"Industrias Metálicas Básicas, Siderurgia y aluminio",450,"Arrabio","Producción","miles de tn","Cámara Argentina del Acero","Mensual","Nacional","PAIS","200","Argentina",2012-05-01,215.429
26,"Industrias Metálicas Básicas, Siderurgia y aluminio",450,"Arrabio","Producción","miles de tn","Cámara Argentina del Acero","Mensual","Nacional","PAIS","200","Argentina",2012-06-01,211.281
26,"Industrias Metálicas Básicas, Siderurgia y aluminio",450,"Arrabio","Producción","miles de tn","Cámara Argentina del Acero","Mensual","Nacional","PAIS","200","Argentina",2012-07-01,142.705
26,"Industrias Metálicas Básicas, Siderurgia y aluminio",450,"Arrabio","Producción","miles de tn","Cámara Argentina del Acero","Mensual","Nacional","PAIS","200","Argentina",2012-08-01,116.788
26,"Industrias Metálicas Básicas, Siderurgia y aluminio",450,"Arrabio","Producción","miles de tn","Cámara Argentina del Acero","Mensual","Nacional","PAIS","200","Argentina",2012-09-01,119.684
26,"Industrias Metálicas Básicas, Siderurgia y aluminio",450,"Arrabio","Producción","miles de tn","Cámara Argentina del Acero","Mensual","Nacional","PAIS","200","Argentina",2012-10-01,122.395
26,"Industrias Metálicas Básicas, Siderurgia y aluminio",450,"Arrabio","Producción","miles de tn","Cámara Argentina del Acero","Mensual","Nacional","PAIS","200","Argentina",2012-11-01,115.634
26,"Industrias Metálicas Básicas, Siderurgia y aluminio",450,"Arrabio","Producción","miles de tn","Cámara Argentina del Acero","Mensual","Nacional","PAIS","200","Argentina",2012-12-01,107.167
26,"Industrias Metálicas Básicas, Siderurgia y aluminio",450,"Arrabio","Producción","miles de tn","Cámara Argentina del Acero","Mensual","Nacional","PAIS","200","Argentina",2013-01-01,111.666
26,"Industrias Metálicas Básicas, Siderurgia y aluminio",450,"Arrabio","Producción","miles de tn","Cámara Argentina del Acero","Mensual","Nacional","PAIS","200","Argentina",2013-02-01,157.029
26,"Industrias Metálicas Básicas, Siderurgia y aluminio",450,"Arrabio","Producción","miles de tn","Cámara Argentina del Acero","Mensual","Nacional","PAIS","200","Argentina",2013-03-01,235.787
26,"Industrias Metálicas Básicas, Siderurgia y aluminio",450,"Arrabio","Producción","miles de tn","Cámara Argentina del Acero","Mensual","Nacional","PAIS","200","Argentina",2013-04-01,223.22
26,"Industrias Metálicas Básicas, Siderurgia y aluminio",450,"Arrabio","Producción","miles de tn","Cámara Argentina del Acero","Mensual","Nacional","PAIS","200","Argentina",2013-05-01,234.553
26,"Industrias Metálicas Básicas, Siderurgia y aluminio",450,"Arrabio","Producción","miles de tn","Cámara Argentina del Acero","Mensual","Nacional","PAIS","200","Argentina",2013-06-01,227.7
26,"Industrias Metálicas Básicas, Siderurgia y aluminio",450,"Arrabio","Producción","miles de tn","Cámara Argentina del Acero","Mensual","Nacional","PAIS","200","Argentina",2013-07-01,232.846
26,"Industrias Metálicas Básicas, Siderurgia y aluminio",450,"Arrabio","Producción","miles de tn","Cámara Argentina del Acero","Mensual","Nacional","PAIS","200","Argentina",2013-08-01,238.135
26,"Industrias Metálicas Básicas, Siderurgia y aluminio",450,"Arrabio","Producción","miles de tn","Cámara Argentina del Acero","Mensual","Nacional","PAIS","200","Argentina",2013-09-01,229.81
26,"Industrias Metálicas Básicas, Siderurgia y aluminio",450,"Arrabio","Producción","miles de tn","Cámara Argentina del Acero","Mensual","Nacional","PAIS","200","Argentina",2013-10-01,227.2
26,"Industrias Metálicas Básicas, Siderurgia y aluminio",450,"Arrabio","Producción","miles de tn","Cámara Argentina del Acero","Mensual","Nacional","PAIS","200","Argentina",2013-11-01,233.196
26,"Industrias Metálicas Básicas, Siderurgia y aluminio",450,"Arrabio","Producción","miles de tn","Cámara Argentina del Acero","Mensual","Nacional","PAIS","200","Argentina",2013-12-01,298.41
26,"Industrias Metálicas Básicas, Siderurgia y aluminio",450,"Arrabio","Producción","miles de tn","Cámara Argentina del Acero","Mensual","Nacional","PAIS","200","Argentina",2014-01-01,238.154
26,"Industrias Metálicas Básicas, Siderurgia y aluminio",450,"Arrabio","Producción","miles de tn","Cámara Argentina del Acero","Mensual","Nacional","PAIS","200","Argentina",2014-02-01,207.149
26,"Industrias Metálicas Básicas, Siderurgia y aluminio",450,"Arrabio","Producción","miles de tn","Cámara Argentina del Acero","Mensual","Nacional","PAIS","200","Argentina",2014-03-01,227.7
26,"Industrias Metálicas Básicas, Siderurgia y aluminio",450,"Arrabio","Producción","miles de tn","Cámara Argentina del Acero","Mensual","Nacional","PAIS","200","Argentina",2014-04-01,224.542
26,"Industrias Metálicas Básicas, Siderurgia y aluminio",450,"Arrabio","Producción","miles de tn","Cámara Argentina del Acero","Mensual","Nacional","PAIS","200","Argentina",2014-05-01,238.348
26,"Industrias Metálicas Básicas, Siderurgia y aluminio",450,"Arrabio","Producción","miles de tn","Cámara Argentina del Acero","Mensual","Nacional","PAIS","200","Argentina",2014-06-01,225.259
26,"Industrias Metálicas Básicas, Siderurgia y aluminio",450,"Arrabio","Producción","miles de tn","Cámara Argentina del Acero","Mensual","Nacional","PAIS","200","Argentina",2014-07-01,237.293
26,"Industrias Metálicas Básicas, Siderurgia y aluminio",450,"Arrabio","Producción","miles de tn","Cámara Argentina del Acero","Mensual","Nacional","PAIS","200","Argentina",2014-08-01,238.712
26,"Industrias Metálicas Básicas, Siderurgia y aluminio",450,"Arrabio","Producción","miles de tn","Cámara Argentina del Acero","Mensual","Nacional","PAIS","200","Argentina",2014-09-01,225.916
26,"Industrias Metálicas Básicas, Siderurgia y aluminio",450,"Arrabio","Producción","miles de tn","Cámara Argentina del Acero","Mensual","Nacional","PAIS","200","Argentina",2014-10-01,234.638
26,"Industrias Metálicas Básicas, Siderurgia y aluminio",450,"Arrabio","Producción","miles de tn","Cámara Argentina del Acero","Mensual","Nacional","PAIS","200","Argentina",2014-11-01,228.74
26,"Industrias Metálicas Básicas, Siderurgia y aluminio",450,"Arrabio","Producción","miles de tn","Cámara Argentina del Acero","Mensual","Nacional","PAIS","200","Argentina",2014-12-01,239.075
26,"Industrias Metálicas Básicas, Siderurgia y aluminio",450,"Arrabio","Producción","miles de tn","Cámara Argentina del Acero","Mensual","Nacional","PAIS","200","Argentina",2015-01-01,238.4
26,"Industrias Metálicas Básicas, Siderurgia y aluminio",450,"Arrabio","Producción","miles de tn","Cámara Argentina del Acero","Mensual","Nacional","PAIS","200","Argentina",2015-02-01,217.906
26,"Industrias Metálicas Básicas, Siderurgia y aluminio",450,"Arrabio","Producción","miles de tn","Cámara Argentina del Acero","Mensual","Nacional","PAIS","200","Argentina",2015-03-01,229.981
26,"Industrias Metálicas Básicas, Siderurgia y aluminio",450,"Arrabio","Producción","miles de tn","Cámara Argentina del Acero","Mensual","Nacional","PAIS","200","Argentina",2015-04-01,214.149
26,"Industrias Metálicas Básicas, Siderurgia y aluminio",450,"Arrabio","Producción","miles de tn","Cámara Argentina del Acero","Mensual","Nacional","PAIS","200","Argentina",2015-05-01,241.977
26,"Industrias Metálicas Básicas, Siderurgia y aluminio",450,"Arrabio","Producción","miles de tn","Cámara Argentina del Acero","Mensual","Nacional","PAIS","200","Argentina",2015-06-01,234.804
26,"Industrias Metálicas Básicas, Siderurgia y aluminio",450,"Arrabio","Producción","miles de tn","Cámara Argentina del Acero","Mensual","Nacional","PAIS","200","Argentina",2015-07-01,240.426
26,"Industrias Metálicas Básicas, Siderurgia y aluminio",450,"Arrabio","Producción","miles de tn","Cámara Argentina del Acero","Mensual","Nacional","PAIS","200","Argentina",2015-08-01,245.597
26,"Industrias Metálicas Básicas, Siderurgia y aluminio",450,"Arrabio","Producción","miles de tn","Cámara Argentina del Acero","Mensual","Nacional","PAIS","200","Argentina",2015-09-01,225.918
26,"Industrias Metálicas Básicas, Siderurgia y aluminio",450,"Arrabio","Producción","miles de tn","Cámara Argentina del Acero","Mensual","Nacional","PAIS","200","Argentina",2015-10-01,225.581
26,"Industrias Metálicas Básicas, Siderurgia y aluminio",450,"Arrabio","Producción","miles de tn","Cámara Argentina del Acero","Mensual","Nacional","PAIS","200","Argentina",2015-11-01,196.202
26,"Industrias Metálicas Básicas, Siderurgia y aluminio",450,"Arrabio","Producción","miles de tn","Cámara Argentina del Acero","Mensual","Nacional","PAIS","200","Argentina",2015-12-01,174.291
26,"Industrias Metálicas Básicas, Siderurgia y aluminio",450,"Arrabio","Producción","miles de tn","Cámara Argentina del Acero","Mensual","Nacional","PAIS","200","Argentina",2016-01-01,189.56
26,"Industrias Metálicas Básicas, Siderurgia y aluminio",450,"Arrabio","Producción","miles de tn","Cámara Argentina del Acero","Mensual","Nacional","PAIS","200","Argentina",2016-02-01,162.997
26,"Industrias Metálicas Básicas, Siderurgia y aluminio",450,"Arrabio","Producción","miles de tn","Cámara Argentina del Acero","Mensual","Nacional","PAIS","200","Argentina",2016-03-01,177.694
26,"Industrias Metálicas Básicas, Siderurgia y aluminio",450,"Arrabio","Producción","miles de tn","Cámara Argentina del Acero","Mensual","Nacional","PAIS","200","Argentina",2016-04-01,183.246
26,"Industrias Metálicas Básicas, Siderurgia y aluminio",450,"Arrabio","Producción","miles de tn","Cámara Argentina del Acero","Mensual","Nacional","PAIS","200","Argentina",2016-05-01,191.727
26,"Industrias Metálicas Básicas, Siderurgia y aluminio",450,"Arrabio","Producción","miles de tn","Cámara Argentina del Acero","Mensual","Nacional","PAIS","200","Argentina",2016-06-01,186.972
26,"Industrias Metálicas Básicas, Siderurgia y aluminio",450,"Arrabio","Producción","miles de tn","Cámara Argentina del Acero","Mensual","Nacional","PAIS","200","Argentina",2016-07-01,185.184
26,"Industrias Metálicas Básicas, Siderurgia y aluminio",450,"Arrabio","Producción","miles de tn","Cámara Argentina del Acero","Mensual","Nacional","PAIS","200","Argentina",2016-08-01,183.152
26,"Industrias Metálicas Básicas, Siderurgia y aluminio",450,"Arrabio","Producción","miles de tn","Cámara Argentina del Acero","Mensual","Nacional","PAIS","200","Argentina",2016-09-01,161.674
26,"Industrias Metálicas Básicas, Siderurgia y aluminio",450,"Arrabio","Producción","miles de tn","Cámara Argentina del Acero","Mensual","Nacional","PAIS","200","Argentina",2016-10-01,183.325
26,"Industrias Metálicas Básicas, Siderurgia y aluminio",450,"Arrabio","Producción","miles de tn","Cámara Argentina del Acero","Mensual","Nacional","PAIS","200","Argentina",2016-11-01,174.582
26,"Industrias Metálicas Básicas, Siderurgia y aluminio",450,"Arrabio","Producción","miles de tn","Cámara Argentina del Acero","Mensual","Nacional","PAIS","200","Argentina",2016-12-01,160.877
26,"Industrias Metálicas Básicas, Siderurgia y aluminio",450,"Arrabio","Producción","miles de tn","Cámara Argentina del Acero","Mensual","Nacional","PAIS","200","Argentina",2017-01-01,170.671
26,"Industrias Metálicas Básicas, Siderurgia y aluminio",450,"Arrabio","Producción","miles de tn","Cámara Argentina del Acero","Mensual","Nacional","PAIS","200","Argentina",2017-02-01,164.071
26,"Industrias Metálicas Básicas, Siderurgia y aluminio",450,"Arrabio","Producción","miles de tn","Cámara Argentina del Acero","Mensual","Nacional","PAIS","200","Argentina",2017-03-01,178.498
26,"Industrias Metálicas Básicas, Siderurgia y aluminio",450,"Arrabio","Producción","miles de tn","Cámara Argentina del Acero","Mensual","Nacional","PAIS","200","Argentina",2017-04-01,180.326
26,"Industrias Metálicas Básicas, Siderurgia y aluminio",450,"Arrabio","Producción","miles de tn","Cámara Argentina del Acero","Mensual","Nacional","PAIS","200","Argentina",2017-05-01,182.953
26,"Industrias Metálicas Básicas, Siderurgia y aluminio",450,"Arrabio","Producción","miles de tn","Cámara Argentina del Acero","Mensual","Nacional","PAIS","200","Argentina",2017-06-01,182.06
26,"Industrias Metálicas Básicas, Siderurgia y aluminio",450,"Arrabio","Producción","miles de tn","Cámara Argentina del Acero","Mensual","Nacional","PAIS","200","Argentina",2017-07-01,179.07
26,"Industrias Metálicas Básicas, Siderurgia y aluminio",450,"Arrabio","Producción","miles de tn","Cámara Argentina del Acero","Mensual","Nacional","PAIS","200","Argentina",2017-08-01,189.1
26,"Industrias Metálicas Básicas, Siderurgia y aluminio",450,"Arrabio","Producción","miles de tn","Cámara Argentina del Acero","Mensual","Nacional","PAIS","200","Argentina",2017-09-01,172.018
26,"Industrias Metálicas Básicas, Siderurgia y aluminio",450,"Arrabio","Producción","miles de tn","Cámara Argentina del Acero","Mensual","Nacional","PAIS","200","Argentina",2017-10-01,197.566
26,"Industrias Metálicas Básicas, Siderurgia y aluminio",450,"Arrabio","Producción","miles de tn","Cámara Argentina del Acero","Mensual","Nacional","PAIS","200","Argentina",2017-11-01,181.1
26,"Industrias Metálicas Básicas, Siderurgia y aluminio",450,"Arrabio","Producción","miles de tn","Cámara Argentina del Acero","Mensual","Nacional","PAIS","200","Argentina",2017-12-01,193.8
26,"Industrias Metálicas Básicas, Siderurgia y aluminio",450,"Arrabio","Producción","miles de tn","Cámara Argentina del Acero","Mensual","Nacional","PAIS","200","Argentina",2018-01-01,187.6
26,"Industrias Metálicas Básicas, Siderurgia y aluminio",450,"Arrabio","Producción","miles de tn","Cámara Argentina del Acero","Mensual","Nacional","PAIS","200","Argentina",2018-02-01,179.9
26,"Industrias Metálicas Básicas, Siderurgia y aluminio",450,"Arrabio","Producción","miles de tn","Cámara Argentina del Acero","Mensual","Nacional","PAIS","200","Argentina",2018-03-01,190.4
26,"Industrias Metálicas Básicas, Siderurgia y aluminio",450,"Arrabio","Producción","miles de tn","Cámara Argentina del Acero","Mensual","Nacional","PAIS","200","Argentina",2018-04-01,182.6
26,"Industrias Metálicas Básicas, Siderurgia y aluminio",450,"Arrabio","Producción","miles de tn","Cámara Argentina del Acero","Mensual","Nacional","PAIS","200","Argentina",2018-05-01,161.7
26,"Industrias Metálicas Básicas, Siderurgia y aluminio",450,"Arrabio","Producción","miles de tn","Cámara Argentina del Acero","Mensual","Nacional","PAIS","200","Argentina",2018-06-01,167.5
26,"Industrias Metálicas Básicas, Siderurgia y aluminio",450,"Arrabio","Producción","miles de tn","Cámara Argentina del Acero","Mensual","Nacional","PAIS","200","Argentina",2018-07-01,194.1
26,"Industrias Metálicas Básicas, Siderurgia y aluminio",450,"Arrabio","Producción","miles de tn","Cámara Argentina del Acero","Mensual","Nacional","PAIS","200","Argentina",2018-08-01,179.6
26,"Industrias Metálicas Básicas, Siderurgia y aluminio",450,"Arrabio","Producción","miles de tn","Cámara Argentina del Acero","Mensual","Nacional","PAIS","200","Argentina",2018-09-01,187.1
26,"Industrias Metálicas Básicas, Siderurgia y aluminio",450,"Arrabio","Producción","miles de tn","Cámara Argentina del Acero","Mensual","Nacional","PAIS","200","Argentina",2018-10-01,172.8
26,"Industrias Metálicas Básicas, Siderurgia y aluminio",450,"Arrabio","Producción","miles de tn","Cámara Argentina del Acero","Mensual","Nacional","PAIS","200","Argentina",2018-11-01,188.9
26,"Industrias Metálicas Básicas, Siderurgia y aluminio",450,"Arrabio","Producción","miles de tn","Cámara Argentina del Acero","Mensual","Nacional","PAIS","200","Argentina",2018-12-01,191.7
26,"Industrias Metálicas Básicas, Siderurgia y aluminio",450,"Arrabio","Producción","miles de tn","Cámara Argentina del Acero","Mensual","Nacional","PAIS","200","Argentina",2019-01-01,169.9
26,"Industrias Metálicas Básicas, Siderurgia y aluminio",450,"Arrabio","Producción","miles de tn","Cámara Argentina del Acero","Mensual","Nacional","PAIS","200","Argentina",2019-02-01,160
26,"Industrias Metálicas Básicas, Siderurgia y aluminio",450,"Arrabio","Producción","miles de tn","Cámara Argentina del Acero","Mensual","Nacional","PAIS","200","Argentina",2019-03-01,165.1
26,"Industrias Metálicas Básicas, Siderurgia y aluminio",450,"Arrabio","Producción","miles de tn","Cámara Argentina del Acero","Mensual","Nacional","PAIS","200","Argentina",2019-04-01,174
26,"Industrias Metálicas Básicas, Siderurgia y aluminio",450,"Arrabio","Producción","miles de tn","Cámara Argentina del Acero","Mensual","Nacional","PAIS","200","Argentina",2019-05-01,162.3
26,"Industrias Metálicas Básicas, Siderurgia y aluminio",450,"Arrabio","Producción","miles de tn","Cámara Argentina del Acero","Mensual","Nacional","PAIS","200","Argentina",2019-06-01,169.8
26,"Industrias Metálicas Básicas, Siderurgia y aluminio",450,"Arrabio","Producción","miles de tn","Cámara Argentina del Acero","Mensual","Nacional","PAIS","200","Argentina",2019-07-01,171.5
26,"Industrias Metálicas Básicas, Siderurgia y aluminio",450,"Arrabio","Producción","miles de tn","Cámara Argentina del Acero","Mensual","Nacional","PAIS","200","Argentina",2019-08-01,171.6
26,"Industrias Metálicas Básicas, Siderurgia y aluminio",450,"Arrabio","Producción","miles de tn","Cámara Argentina del Acero","Mensual","Nacional","PAIS","200","Argentina",2019-09-01,163.2
26,"Industrias Metálicas Básicas, Siderurgia y aluminio",450,"Arrabio","Producción","miles de tn","Cámara Argentina del Acero","Mensual","Nacional","PAIS","200","Argentina",2019-10-01,141
26,"Industrias Metálicas Básicas, Siderurgia y aluminio",450,"Arrabio","Producción","miles de tn","Cámara Argentina del Acero","Mensual","Nacional","PAIS","200","Argentina",2019-11-01,147.6
26,"Industrias Metálicas Básicas, Siderurgia y aluminio",450,"Arrabio","Producción","miles de tn","Cámara Argentina del Acero","Mensual","Nacional","PAIS","200","Argentina",2019-12-01,168
26,"Industrias Metálicas Básicas, Siderurgia y aluminio",450,"Arrabio","Producción","miles de tn","Cámara Argentina del Acero","Mensual","Nacional","PAIS","200","Argentina",2020-01-01,170.5
26,"Industrias Metálicas Básicas, Siderurgia y aluminio",450,"Arrabio","Producción","miles de tn","Cámara Argentina del Acero","Mensual","Nacional","PAIS","200","Argentina",2020-02-01,175.7
26,"Industrias Metálicas Básicas, Siderurgia y aluminio",450,"Arrabio","Producción","miles de tn","Cámara Argentina del Acero","Mensual","Nacional","PAIS","200","Argentina",2020-03-01,155.9
26,"Industrias Metálicas Básicas, Siderurgia y aluminio",450,"Arrabio","Producción","miles de tn","Cámara Argentina del Acero","Mensual","Nacional","PAIS","200","Argentina",2020-04-01,97.8
26,"Industrias Metálicas Básicas, Siderurgia y aluminio",450,"Arrabio","Producción","miles de tn","Cámara Argentina del Acero","Mensual","Nacional","PAIS","200","Argentina",2020-05-01,92.4
26,"Industrias Metálicas Básicas, Siderurgia y aluminio",450,"Arrabio","Producción","miles de tn","Cámara Argentina del Acero","Mensual","Nacional","PAIS","200","Argentina",2020-06-01,113.9
26,"Industrias Metálicas Básicas, Siderurgia y aluminio",450,"Arrabio","Producción","miles de tn","Cámara Argentina del Acero","Mensual","Nacional","PAIS","200","Argentina",2020-07-01,175.1
26,"Industrias Metálicas Básicas, Siderurgia y aluminio",450,"Arrabio","Producción","miles de tn","Cámara Argentina del Acero","Mensual","Nacional","PAIS","200","Argentina",2020-08-01,195.4
26,"Industrias Metálicas Básicas, Siderurgia y aluminio",450,"Arrabio","Producción","miles de tn","Cámara Argentina del Acero","Mensual","Nacional","PAIS","200","Argentina",2020-09-01,182.7
26,"Industrias Metálicas Básicas, Siderurgia y aluminio",450,"Arrabio","Producción","miles de tn","Cámara Argentina del Acero","Mensual","Nacional","PAIS","200","Argentina",2020-10-01,189.7
26,"Industrias Metálicas Básicas, Siderurgia y aluminio",450,"Arrabio","Producción","miles de tn","Cámara Argentina del Acero","Mensual","Nacional","PAIS","200","Argentina",2020-11-01,181
26,"Industrias Metálicas Básicas, Siderurgia y aluminio",450,"Arrabio","Producción","miles de tn","Cámara Argentina del Acero","Mensual","Nacional","PAIS","200","Argentina",2020-12-01,200.2
26,"Industrias Metálicas Básicas, Siderurgia y aluminio",450,"Arrabio","Producción","miles de tn","Cámara Argentina del Acero","Mensual","Nacional","PAIS","200","Argentina",2021-01-01,182.2
26,"Industrias Metálicas Básicas, Siderurgia y aluminio",450,"Arrabio","Producción","miles de tn","Cámara Argentina del Acero","Mensual","Nacional","PAIS","200","Argentina",2021-02-01,172.1
26,"Industrias Metálicas Básicas, Siderurgia y aluminio",450,"Arrabio","Producción","miles de tn","Cámara Argentina del Acero","Mensual","Nacional","PAIS","200","Argentina",2021-03-01,182.2
26,"Industrias Metálicas Básicas, Siderurgia y aluminio",450,"Arrabio","Producción","miles de tn","Cámara Argentina del Acero","Mensual","Nacional","PAIS","200","Argentina",2021-04-01,171.5
26,"Industrias Metálicas Básicas, Siderurgia y aluminio",450,"Arrabio","Producción","miles de tn","Cámara Argentina del Acero","Mensual","Nacional","PAIS","200","Argentina",2021-05-01,155.4
26,"Industrias Metálicas Básicas, Siderurgia y aluminio",450,"Arrabio","Producción","miles de tn","Cámara Argentina del Acero","Mensual","Nacional","PAIS","200","Argentina",2021-06-01,181.2
26,"Industrias Metálicas Básicas, Siderurgia y aluminio",450,"Arrabio","Producción","miles de tn","Cámara Argentina del Acero","Mensual","Nacional","PAIS","200","Argentina",2021-07-01,195.3
26,"Industrias Metálicas Básicas, Siderurgia y aluminio",450,"Arrabio","Producción","miles de tn","Cámara Argentina del Acero","Mensual","Nacional","PAIS","200","Argentina",2021-08-01,175.1
26,"Industrias Metálicas Básicas, Siderurgia y aluminio",450,"Arrabio","Producción","miles de tn","Cámara Argentina del Acero","Mensual","Nacional","PAIS","200","Argentina",2021-09-01,184.1
26,"Industrias Metálicas Básicas, Siderurgia y aluminio",450,"Arrabio","Producción","miles de tn","Cámara Argentina del Acero","Mensual","Nacional","PAIS","200","Argentina",2021-10-01,174.4
26,"Industrias Metálicas Básicas, Siderurgia y aluminio",450,"Arrabio","Producción","miles de tn","Cámara Argentina del Acero","Mensual","Nacional","PAIS","200","Argentina",2021-11-01,188.1
26,"Industrias Metálicas Básicas, Siderurgia y aluminio",450,"Arrabio","Producción","miles de tn","Cámara Argentina del Acero","Mensual","Nacional","PAIS","200","Argentina",2021-12-01,180.1
26,"Industrias Metálicas Básicas, Siderurgia y aluminio",450,"Arrabio","Producción","miles de tn","Cámara Argentina del Acero","Mensual","Nacional","PAIS","200","Argentina",2022-01-01,187.9
26,"Industrias Metálicas Básicas, Siderurgia y aluminio",450,"Arrabio","Producción","miles de tn","Cámara Argentina del Acero","Mensual","Nacional","PAIS","200","Argentina",2022-02-01,144
26,"Industrias Metálicas Básicas, Siderurgia y aluminio",450,"Arrabio","Producción","miles de tn","Cámara Argentina del Acero","Mensual","Nacional","PAIS","200","Argentina",2022-03-01,168.2
26,"Industrias Metálicas Básicas, Siderurgia y aluminio",450,"Arrabio","Producción","miles de tn","Cámara Argentina del Acero","Mensual","Nacional","PAIS","200","Argentina",2022-04-01,140.9
26,"Industrias Metálicas Básicas, Siderurgia y aluminio",450,"Arrabio","Producción","miles de tn","Cámara Argentina del Acero","Mensual","Nacional","PAIS","200","Argentina",2022-05-01,184.2
26,"Industrias Metálicas Básicas, Siderurgia y aluminio",450,"Arrabio","Producción","miles de tn","Cámara Argentina del Acero","Mensual","Nacional","PAIS","200","Argentina",2022-06-01,180.6
26,"Industrias Metálicas Básicas, Siderurgia y aluminio",450,"Arrabio","Producción","miles de tn","Cámara Argentina del Acero","Mensual","Nacional","PAIS","200","Argentina",2022-07-01,174.3
26,"Industrias Metálicas Básicas, Siderurgia y aluminio",450,"Arrabio","Producción","miles de tn","Cámara Argentina del Acero","Mensual","Nacional","PAIS","200","Argentina",2022-08-01,183.7
26,"Industrias Metálicas Básicas, Siderurgia y aluminio",450,"Arrabio","Producción","miles de tn","Cámara Argentina del Acero","Mensual","Nacional","PAIS","200","Argentina",2022-09-01,152.4
26,"Industrias Metálicas Básicas, Siderurgia y aluminio",450,"Arrabio","Producción","miles de tn","Cámara Argentina del Acero","Mensual","Nacional","PAIS","200","Argentina",2022-10-01,190
26,"Industrias Metálicas Básicas, Siderurgia y aluminio",450,"Arrabio","Producción","miles de tn","Cámara Argentina del Acero","Mensual","Nacional","PAIS","200","Argentina",2022-11-01,168.2
26,"Industrias Metálicas Básicas, Siderurgia y aluminio",450,"Arrabio","Producción","miles de tn","Cámara Argentina del Acero","Mensual","Nacional","PAIS","200","Argentina",2022-12-01,185.7
26,"Industrias Metálicas Básicas, Siderurgia y aluminio",450,"Arrabio","Producción","miles de tn","Cámara Argentina del Acero","Mensual","Nacional","PAIS","200","Argentina",2023-01-01,178
26,"Industrias Metálicas Básicas, Siderurgia y aluminio",450,"Arrabio","Producción","miles de tn","Cámara Argentina del Acero","Mensual","Nacional","PAIS","200","Argentina",2023-02-01,172
26,"Industrias Metálicas Básicas, Siderurgia y aluminio",450,"Arrabio","Producción","miles de tn","Cámara Argentina del Acero","Mensual","Nacional","PAIS","200","Argentina",2023-03-01,168.4
26,"Industrias Metálicas Básicas, Siderurgia y aluminio",450,"Arrabio","Producción","miles de tn","Cámara Argentina del Acero","Mensual","Nacional","PAIS","200","Argentina",2023-04-01,180.5
26,"Industrias Metálicas Básicas, Siderurgia y aluminio",450,"Arrabio","Producción","miles de tn","Cámara Argentina del Acero","Mensual","Nacional","PAIS","200","Argentina",2023-05-01,159.3
26,"Industrias Metálicas Básicas, Siderurgia y aluminio",450,"Arrabio","Producción","miles de tn","Cámara Argentina del Acero","Mensual","Nacional","PAIS","200","Argentina",2023-06-01,169.7
26,"Industrias Metálicas Básicas, Siderurgia y aluminio",450,"Arrabio","Producción","miles de tn","Cámara Argentina del Acero","Mensual","Nacional","PAIS","200","Argentina",2023-07-01,172.4
26,"Industrias Metálicas Básicas, Siderurgia y aluminio",450,"Arrabio","Producción","miles de tn","Cámara Argentina del Acero","Mensual","Nacional","PAIS","200","Argentina",2023-08-01,169.5
26,"Industrias Metálicas Básicas, Siderurgia y aluminio",450,"Arrabio","Producción","miles de tn","Cámara Argentina del Acero","Mensual","Nacional","PAIS","200","Argentina",2023-09-01,169.6
26,"Industrias Metálicas Básicas, Siderurgia y aluminio",450,"Arrabio","Producción","miles de tn","Cámara Argentina del Acero","Mensual","Nacional","PAIS","200","Argentina",2023-10-01,180.7
26,"Industrias Metálicas Básicas, Siderurgia y aluminio",450,"Arrabio","Producción","miles de tn","Cámara Argentina del Acero","Mensual","Nacional","PAIS","200","Argentina",2023-11-01,140.9
26,"Industrias Metálicas Básicas, Siderurgia y aluminio",450,"Arrabio","Producción","miles de tn","Cámara Argentina del Acero","Mensual","Nacional","PAIS","200","Argentina",2023-12-01,117
26,"Industrias Metálicas Básicas, Siderurgia y aluminio",450,"Arrabio","Producción","miles de tn","Cámara Argentina del Acero","Mensual","Nacional","PAIS","200","Argentina",2024-01-01,160
26,"Industrias Metálicas Básicas, Siderurgia y aluminio",450,"Arrabio","Producción","miles de tn","Cámara Argentina del Acero","Mensual","Nacional","PAIS","200","Argentina",2024-02-01,145.3
26,"Industrias Metálicas Básicas, Siderurgia y aluminio",450,"Arrabio","Producción","miles de tn","Cámara Argentina del Acero","Mensual","Nacional","PAIS","200","Argentina",2024-03-01,124.6
26,"Industrias Metálicas Básicas, Siderurgia y aluminio",450,"Arrabio","Producción","miles de tn","Cámara Argentina del Acero","Mensual","Nacional","PAIS","200","Argentina",2024-04-01,148.1
26,"Industrias Metálicas Básicas, Siderurgia y aluminio",450,"Arrabio","Producción","miles de tn","Cámara Argentina del Acero","Mensual","Nacional","PAIS","200","Argentina",2024-05-01,128.1
26,"Industrias Metálicas Básicas, Siderurgia y aluminio",450,"Arrabio","Producción","miles de tn","Cámara Argentina del Acero","Mensual","Nacional","PAIS","200","Argentina",2024-06-01,136
26,"Industrias Metálicas Básicas, Siderurgia y aluminio",450,"Arrabio","Producción","miles de tn","Cámara Argentina del Acero","Mensual","Nacional","PAIS","200","Argentina",2024-07-01,170
26,"Industrias Metálicas Básicas, Siderurgia y aluminio",450,"Arrabio","Producción","miles de tn","Cámara Argentina del Acero","Mensual","Nacional","PAIS","200","Argentina",2024-08-01,158.4
26,"Industrias Metálicas Básicas, Siderurgia y aluminio",450,"Arrabio","Producción","miles de tn","Cámara Argentina del Acero","Mensual","Nacional","PAIS","200","Argentina",2024-09-01,157.1
26,"Industrias Metálicas Básicas, Siderurgia y aluminio",450,"Arrabio","Producción","miles de tn","Cámara Argentina del Acero","Mensual","Nacional","PAIS","200","Argentina",2024-10-01,133.4
26,"Industrias Metálicas Básicas, Siderurgia y aluminio",450,"Arrabio","Producción","miles de tn","Cámara Argentina del Acero","Mensual","Nacional","PAIS","200","Argentina",2024-11-01,153.7
26,"Industrias Metálicas Básicas, Siderurgia y aluminio",450,"Arrabio","Producción","miles de tn","Cámara Argentina del Acero","Mensual","Nacional","PAIS","200","Argentina",2024-12-01,148.5
26,"Industrias Metálicas Básicas, Siderurgia y aluminio",450,"Arrabio","Producción","miles de tn","Cámara Argentina del Acero","Mensual","Nacional","PAIS","200","Argentina",2025-01-01,147.6
26,"Industrias Metálicas Básicas, Siderurgia y aluminio",450,"Arrabio","Producción","miles de tn","Cámara Argentina del Acero","Mensual","Nacional","PAIS","200","Argentina",2025-02-01,137.5
26,"Industrias Metálicas Básicas, Siderurgia y aluminio",450,"Arrabio","Producción","miles de tn","Cámara Argentina del Acero","Mensual","Nacional","PAIS","200","Argentina",2025-03-01,148.6
26,"Industrias Metálicas Básicas, Siderurgia y aluminio",450,"Arrabio","Producción","miles de tn","Cámara Argentina del Acero","Mensual","Nacional","PAIS","200","Argentina",2025-04-01,141.2
26,"Industrias Metálicas Básicas, Siderurgia y aluminio",450,"Arrabio","Producción","miles de tn","Cámara Argentina del Acero","Mensual","Nacional","PAIS","200","Argentina",2025-05-01,151.6
26,"Industrias Metálicas Básicas, Siderurgia y aluminio",450,"Arrabio","Producción","miles de tn","Cámara Argentina del Acero","Mensual","Nacional","PAIS","200","Argentina",2025-06-01,138.3
26,"Industrias Metálicas Básicas, Siderurgia y aluminio",450,"Arrabio","Producción","miles de tn","Cámara Argentina del Acero","Mensual","Nacional","PAIS","200","Argentina",2025-07-01,132.3
26,"Industrias Metálicas Básicas, Siderurgia y aluminio",450,"Arrabio","Producción","miles de tn","Cámara Argentina del Acero","Mensual","Nacional","PAIS","200","Argentina",2025-08-01,162.3
26,"Industrias Metálicas Básicas, Siderurgia y aluminio",450,"Arrabio","Producción","miles de tn","Cámara Argentina del Acero","Mensual","Nacional","PAIS","200","Argentina",2025-09-01,152.6
26,"Industrias Metálicas Básicas, Siderurgia y aluminio",450,"Arrabio","Producción","miles de tn","Cámara Argentina del Acero","Mensual","Nacional","PAIS","200","Argentina",2025-10-01,157.3
26,"Industrias Metálicas Básicas, Siderurgia y aluminio",450,"Arrabio","Producción","miles de tn","Cámara Argentina del Acero","Mensual","Nacional","PAIS","200","Argentina",2025-11-01,158.8
26,"Industrias Metálicas Básicas, Siderurgia y aluminio",450,"Arrabio","Producción","miles de tn","Cámara Argentina del Acero","Mensual","Nacional","PAIS","200","Argentina",2025-12-01,127.8
26,"Industrias Metálicas Básicas, Siderurgia y aluminio",450,"Arrabio","Producción","miles de tn","Cámara Argentina del Acero","Mensual","Nacional","PAIS","200","Argentina",2026-01-01,165.1
26,"Industrias Metálicas Básicas, Siderurgia y aluminio",450,"Arrabio","Producción","miles de tn","Cámara Argentina del Acero","Mensual","Nacional","PAIS","200","Argentina",2026-02-01,154.5
26,"Industrias Metálicas Básicas, Siderurgia y aluminio",450,"Arrabio","Producción","miles de tn","Cámara Argentina del Acero","Mensual","Nacional","PAIS","200","Argentina",2026-03-01,160.9
26,"Industrias Metálicas Básicas, Siderurgia y aluminio",450,"Arrabio","Producción","miles de tn","Cámara Argentina del Acero","Mensual","Nacional","PAIS","200","Argentina",2026-04-01,149.2
26,"Industrias Metálicas Básicas, Siderurgia y aluminio",450,"Arrabio","Producción","miles de tn","Cámara Argentina del Acero","Mensual","Nacional","PAIS","200","Argentina",2026-05-01,167.1
26,"Industrias Metálicas Básicas, Siderurgia y aluminio",450,"Arrabio","Producción","miles de tn","Cámara Argentina del Acero","Mensual","Nacional","PAIS","200","Argentina",2026-06-01,131.3
26,"Industrias Metálicas Básicas, Siderurgia y aluminio",451,"Hierro esponja","Producción","miles de tn","Cámara Argentina del Acero","Mensual","Nacional","PAIS","200","Argentina",1993-01-01,93.985
26,"Industrias Metálicas Básicas, Siderurgia y aluminio",451,"Hierro esponja","Producción","miles de tn","Cámara Argentina del Acero","Mensual","Nacional","PAIS","200","Argentina",1993-02-01,79.666
26,"Industrias Metálicas Básicas, Siderurgia y aluminio",451,"Hierro esponja","Producción","miles de tn","Cámara Argentina del Acero","Mensual","Nacional","PAIS","200","Argentina",1993-03-01,99.767
26,"Industrias Metálicas Básicas, Siderurgia y aluminio",451,"Hierro esponja","Producción","miles de tn","Cámara Argentina del Acero","Mensual","Nacional","PAIS","200","Argentina",1993-04-01,93.484
26,"Industrias Metálicas Básicas, Siderurgia y aluminio",451,"Hierro esponja","Producción","miles de tn","Cámara Argentina del Acero","Mensual","Nacional","PAIS","200","Argentina",1993-05-01,94.023
26,"Industrias Metálicas Básicas, Siderurgia y aluminio",451,"Hierro esponja","Producción","miles de tn","Cámara Argentina del Acero","Mensual","Nacional","PAIS","200","Argentina",1993-06-01,66.488
26,"Industrias Metálicas Básicas, Siderurgia y aluminio",451,"Hierro esponja","Producción","miles de tn","Cámara Argentina del Acero","Mensual","Nacional","PAIS","200","Argentina",1993-07-01,78.969
26,"Industrias Metálicas Básicas, Siderurgia y aluminio",451,"Hierro esponja","Producción","miles de tn","Cámara Argentina del Acero","Mensual","Nacional","PAIS","200","Argentina",1993-08-01,113.679
26,"Industrias Metálicas Básicas, Siderurgia y aluminio",451,"Hierro esponja","Producción","miles de tn","Cámara Argentina del Acero","Mensual","Nacional","PAIS","200","Argentina",1993-09-01,106.93
26,"Industrias Metálicas Básicas, Siderurgia y aluminio",451,"Hierro esponja","Producción","miles de tn","Cámara Argentina del Acero","Mensual","Nacional","PAIS","200","Argentina",1993-10-01,113.063
26,"Industrias Metálicas Básicas, Siderurgia y aluminio",451,"Hierro esponja","Producción","miles de tn","Cámara Argentina del Acero","Mensual","Nacional","PAIS","200","Argentina",1993-11-01,107.787
26,"Industrias Metálicas Básicas, Siderurgia y aluminio",451,"Hierro esponja","Producción","miles de tn","Cámara Argentina del Acero","Mensual","Nacional","PAIS","200","Argentina",1993-12-01,108.2
26,"Industrias Metálicas Básicas, Siderurgia y aluminio",451,"Hierro esponja","Producción","miles de tn","Cámara Argentina del Acero","Mensual","Nacional","PAIS","200","Argentina",1994-01-01,99.8
26,"Industrias Metálicas Básicas, Siderurgia y aluminio",451,"Hierro esponja","Producción","miles de tn","Cámara Argentina del Acero","Mensual","Nacional","PAIS","200","Argentina",1994-02-01,72.8
26,"Industrias Metálicas Básicas, Siderurgia y aluminio",451,"Hierro esponja","Producción","miles de tn","Cámara Argentina del Acero","Mensual","Nacional","PAIS","200","Argentina",1994-03-01,112.2
26,"Industrias Metálicas Básicas, Siderurgia y aluminio",451,"Hierro esponja","Producción","miles de tn","Cámara Argentina del Acero","Mensual","Nacional","PAIS","200","Argentina",1994-04-01,112.3
26,"Industrias Metálicas Básicas, Siderurgia y aluminio",451,"Hierro esponja","Producción","miles de tn","Cámara Argentina del Acero","Mensual","Nacional","PAIS","200","Argentina",1994-05-01,113.3
26,"Industrias Metálicas Básicas, Siderurgia y aluminio",451,"Hierro esponja","Producción","miles de tn","Cámara Argentina del Acero","Mensual","Nacional","PAIS","200","Argentina",1994-06-01,105.8
26,"Industrias Metálicas Básicas, Siderurgia y aluminio",451,"Hierro esponja","Producción","miles de tn","Cámara Argentina del Acero","Mensual","Nacional","PAIS","200","Argentina",1994-07-01,109.9
26,"Industrias Metálicas Básicas, Siderurgia y aluminio",451,"Hierro esponja","Producción","miles de tn","Cámara Argentina del Acero","Mensual","Nacional","PAIS","200","Argentina",1994-08-01,111.2
26,"Industrias Metálicas Básicas, Siderurgia y aluminio",451,"Hierro esponja","Producción","miles de tn","Cámara Argentina del Acero","Mensual","Nacional","PAIS","200","Argentina",1994-09-01,107.5
26,"Industrias Metálicas Básicas, Siderurgia y aluminio",451,"Hierro esponja","Producción","miles de tn","Cámara Argentina del Acero","Mensual","Nacional","PAIS","200","Argentina",1994-10-01,110
26,"Industrias Metálicas Básicas, Siderurgia y aluminio",451,"Hierro esponja","Producción","miles de tn","Cámara Argentina del Acero","Mensual","Nacional","PAIS","200","Argentina",1994-11-01,105.7
26,"Industrias Metálicas Básicas, Siderurgia y aluminio",451,"Hierro esponja","Producción","miles de tn","Cámara Argentina del Acero","Mensual","Nacional","PAIS","200","Argentina",1994-12-01,108.6
26,"Industrias Metálicas Básicas, Siderurgia y aluminio",451,"Hierro esponja","Producción","miles de tn","Cámara Argentina del Acero","Mensual","Nacional","PAIS","200","Argentina",1995-01-01,113.216
26,"Industrias Metálicas Básicas, Siderurgia y aluminio",451,"Hierro esponja","Producción","miles de tn","Cámara Argentina del Acero","Mensual","Nacional","PAIS","200","Argentina",1995-02-01,102.517
26,"Industrias Metálicas Básicas, Siderurgia y aluminio",451,"Hierro esponja","Producción","miles de tn","Cámara Argentina del Acero","Mensual","Nacional","PAIS","200","Argentina",1995-03-01,110.652
26,"Industrias Metálicas Básicas, Siderurgia y aluminio",451,"Hierro esponja","Producción","miles de tn","Cámara Argentina del Acero","Mensual","Nacional","PAIS","200","Argentina",1995-04-01,108.698
26,"Industrias Metálicas Básicas, Siderurgia y aluminio",451,"Hierro esponja","Producción","miles de tn","Cámara Argentina del Acero","Mensual","Nacional","PAIS","200","Argentina",1995-05-01,120.551
26,"Industrias Metálicas Básicas, Siderurgia y aluminio",451,"Hierro esponja","Producción","miles de tn","Cámara Argentina del Acero","Mensual","Nacional","PAIS","200","Argentina",1995-06-01,115.305
26,"Industrias Metálicas Básicas, Siderurgia y aluminio",451,"Hierro esponja","Producción","miles de tn","Cámara Argentina del Acero","Mensual","Nacional","PAIS","200","Argentina",1995-07-01,124.391
26,"Industrias Metálicas Básicas, Siderurgia y aluminio",451,"Hierro esponja","Producción","miles de tn","Cámara Argentina del Acero","Mensual","Nacional","PAIS","200","Argentina",1995-08-01,118.712
26,"Industrias Metálicas Básicas, Siderurgia y aluminio",451,"Hierro esponja","Producción","miles de tn","Cámara Argentina del Acero","Mensual","Nacional","PAIS","200","Argentina",1995-09-01,114.3
26,"Industrias Metálicas Básicas, Siderurgia y aluminio",451,"Hierro esponja","Producción","miles de tn","Cámara Argentina del Acero","Mensual","Nacional","PAIS","200","Argentina",1995-10-01,108.098
26,"Industrias Metálicas Básicas, Siderurgia y aluminio",451,"Hierro esponja","Producción","miles de tn","Cámara Argentina del Acero","Mensual","Nacional","PAIS","200","Argentina",1995-11-01,111.96
26,"Industrias Metálicas Básicas, Siderurgia y aluminio",451,"Hierro esponja","Producción","miles de tn","Cámara Argentina del Acero","Mensual","Nacional","PAIS","200","Argentina",1995-12-01,79.162
26,"Industrias Metálicas Básicas, Siderurgia y aluminio",451,"Hierro esponja","Producción","miles de tn","Cámara Argentina del Acero","Mensual","Nacional","PAIS","200","Argentina",1996-01-01,82.2
26,"Industrias Metálicas Básicas, Siderurgia y aluminio",451,"Hierro esponja","Producción","miles de tn","Cámara Argentina del Acero","Mensual","Nacional","PAIS","200","Argentina",1996-02-01,114.5
26,"Industrias Metálicas Básicas, Siderurgia y aluminio",451,"Hierro esponja","Producción","miles de tn","Cámara Argentina del Acero","Mensual","Nacional","PAIS","200","Argentina",1996-03-01,124.4
26,"Industrias Metálicas Básicas, Siderurgia y aluminio",451,"Hierro esponja","Producción","miles de tn","Cámara Argentina del Acero","Mensual","Nacional","PAIS","200","Argentina",1996-04-01,118.9
26,"Industrias Metálicas Básicas, Siderurgia y aluminio",451,"Hierro esponja","Producción","miles de tn","Cámara Argentina del Acero","Mensual","Nacional","PAIS","200","Argentina",1996-05-01,115.7
26,"Industrias Metálicas Básicas, Siderurgia y aluminio",451,"Hierro esponja","Producción","miles de tn","Cámara Argentina del Acero","Mensual","Nacional","PAIS","200","Argentina",1996-06-01,128.2
26,"Industrias Metálicas Básicas, Siderurgia y aluminio",451,"Hierro esponja","Producción","miles de tn","Cámara Argentina del Acero","Mensual","Nacional","PAIS","200","Argentina",1996-07-01,129.6
26,"Industrias Metálicas Básicas, Siderurgia y aluminio",451,"Hierro esponja","Producción","miles de tn","Cámara Argentina del Acero","Mensual","Nacional","PAIS","200","Argentina",1996-08-01,111.6
26,"Industrias Metálicas Básicas, Siderurgia y aluminio",451,"Hierro esponja","Producción","miles de tn","Cámara Argentina del Acero","Mensual","Nacional","PAIS","200","Argentina",1996-09-01,117.9
26,"Industrias Metálicas Básicas, Siderurgia y aluminio",451,"Hierro esponja","Producción","miles de tn","Cámara Argentina del Acero","Mensual","Nacional","PAIS","200","Argentina",1996-10-01,126.3
26,"Industrias Metálicas Básicas, Siderurgia y aluminio",451,"Hierro esponja","Producción","miles de tn","Cámara Argentina del Acero","Mensual","Nacional","PAIS","200","Argentina",1996-11-01,124.4
26,"Industrias Metálicas Básicas, Siderurgia y aluminio",451,"Hierro esponja","Producción","miles de tn","Cámara Argentina del Acero","Mensual","Nacional","PAIS","200","Argentina",1996-12-01,127.8
26,"Industrias Metálicas Básicas, Siderurgia y aluminio",451,"Hierro esponja","Producción","miles de tn","Cámara Argentina del Acero","Mensual","Nacional","PAIS","200","Argentina",1997-01-01,87.532
26,"Industrias Metálicas Básicas, Siderurgia y aluminio",451,"Hierro esponja","Producción","miles de tn","Cámara Argentina del Acero","Mensual","Nacional","PAIS","200","Argentina",1997-02-01,121.153
26,"Industrias Metálicas Básicas, Siderurgia y aluminio",451,"Hierro esponja","Producción","miles de tn","Cámara Argentina del Acero","Mensual","Nacional","PAIS","200","Argentina",1997-03-01,133.383
26,"Industrias Metálicas Básicas, Siderurgia y aluminio",451,"Hierro esponja","Producción","miles de tn","Cámara Argentina del Acero","Mensual","Nacional","PAIS","200","Argentina",1997-04-01,129.866
26,"Industrias Metálicas Básicas, Siderurgia y aluminio",451,"Hierro esponja","Producción","miles de tn","Cámara Argentina del Acero","Mensual","Nacional","PAIS","200","Argentina",1997-05-01,127.866
26,"Industrias Metálicas Básicas, Siderurgia y aluminio",451,"Hierro esponja","Producción","miles de tn","Cámara Argentina del Acero","Mensual","Nacional","PAIS","200","Argentina",1997-06-01,123.917
26,"Industrias Metálicas Básicas, Siderurgia y aluminio",451,"Hierro esponja","Producción","miles de tn","Cámara Argentina del Acero","Mensual","Nacional","PAIS","200","Argentina",1997-07-01,121.117
26,"Industrias Metálicas Básicas, Siderurgia y aluminio",451,"Hierro esponja","Producción","miles de tn","Cámara Argentina del Acero","Mensual","Nacional","PAIS","200","Argentina",1997-08-01,79.983
26,"Industrias Metálicas Básicas, Siderurgia y aluminio",451,"Hierro esponja","Producción","miles de tn","Cámara Argentina del Acero","Mensual","Nacional","PAIS","200","Argentina",1997-09-01,132.488
26,"Industrias Metálicas Básicas, Siderurgia y aluminio",451,"Hierro esponja","Producción","miles de tn","Cámara Argentina del Acero","Mensual","Nacional","PAIS","200","Argentina",1997-10-01,151.519
26,"Industrias Metálicas Básicas, Siderurgia y aluminio",451,"Hierro esponja","Producción","miles de tn","Cámara Argentina del Acero","Mensual","Nacional","PAIS","200","Argentina",1997-11-01,148.06
26,"Industrias Metálicas Básicas, Siderurgia y aluminio",451,"Hierro esponja","Producción","miles de tn","Cámara Argentina del Acero","Mensual","Nacional","PAIS","200","Argentina",1997-12-01,139.313
26,"Industrias Metálicas Básicas, Siderurgia y aluminio",451,"Hierro esponja","Producción","miles de tn","Cámara Argentina del Acero","Mensual","Nacional","PAIS","200","Argentina",1998-01-01,105.435
26,"Industrias Metálicas Básicas, Siderurgia y aluminio",451,"Hierro esponja","Producción","miles de tn","Cámara Argentina del Acero","Mensual","Nacional","PAIS","200","Argentina",1998-02-01,144.194
26,"Industrias Metálicas Básicas, Siderurgia y aluminio",451,"Hierro esponja","Producción","miles de tn","Cámara Argentina del Acero","Mensual","Nacional","PAIS","200","Argentina",1998-03-01,158.099
26,"Industrias Metálicas Básicas, Siderurgia y aluminio",451,"Hierro esponja","Producción","miles de tn","Cámara Argentina del Acero","Mensual","Nacional","PAIS","200","Argentina",1998-04-01,157.47
26,"Industrias Metálicas Básicas, Siderurgia y aluminio",451,"Hierro esponja","Producción","miles de tn","Cámara Argentina del Acero","Mensual","Nacional","PAIS","200","Argentina",1998-05-01,163.17
26,"Industrias Metálicas Básicas, Siderurgia y aluminio",451,"Hierro esponja","Producción","miles de tn","Cámara Argentina del Acero","Mensual","Nacional","PAIS","200","Argentina",1998-06-01,151.353
26,"Industrias Metálicas Básicas, Siderurgia y aluminio",451,"Hierro esponja","Producción","miles de tn","Cámara Argentina del Acero","Mensual","Nacional","PAIS","200","Argentina",1998-07-01,122.178
26,"Industrias Metálicas Básicas, Siderurgia y aluminio",451,"Hierro esponja","Producción","miles de tn","Cámara Argentina del Acero","Mensual","Nacional","PAIS","200","Argentina",1998-08-01,128.9
26,"Industrias Metálicas Básicas, Siderurgia y aluminio",451,"Hierro esponja","Producción","miles de tn","Cámara Argentina del Acero","Mensual","Nacional","PAIS","200","Argentina",1998-09-01,126.266
26,"Industrias Metálicas Básicas, Siderurgia y aluminio",451,"Hierro esponja","Producción","miles de tn","Cámara Argentina del Acero","Mensual","Nacional","PAIS","200","Argentina",1998-10-01,115.006
26,"Industrias Metálicas Básicas, Siderurgia y aluminio",451,"Hierro esponja","Producción","miles de tn","Cámara Argentina del Acero","Mensual","Nacional","PAIS","200","Argentina",1998-11-01,110.057
26,"Industrias Metálicas Básicas, Siderurgia y aluminio",451,"Hierro esponja","Producción","miles de tn","Cámara Argentina del Acero","Mensual","Nacional","PAIS","200","Argentina",1998-12-01,56.029
26,"Industrias Metálicas Básicas, Siderurgia y aluminio",451,"Hierro esponja","Producción","miles de tn","Cámara Argentina del Acero","Mensual","Nacional","PAIS","200","Argentina",1999-01-01,33.133
26,"Industrias Metálicas Básicas, Siderurgia y aluminio",451,"Hierro esponja","Producción","miles de tn","Cámara Argentina del Acero","Mensual","Nacional","PAIS","200","Argentina",1999-02-01,174.493
26,"Industrias Metálicas Básicas, Siderurgia y aluminio",451,"Hierro esponja","Producción","miles de tn","Cámara Argentina del Acero","Mensual","Nacional","PAIS","200","Argentina",1999-03-01,45.576
26,"Industrias Metálicas Básicas, Siderurgia y aluminio",451,"Hierro esponja","Producción","miles de tn","Cámara Argentina del Acero","Mensual","Nacional","PAIS","200","Argentina",1999-04-01,85.293
26,"Industrias Metálicas Básicas, Siderurgia y aluminio",451,"Hierro esponja","Producción","miles de tn","Cámara Argentina del Acero","Mensual","Nacional","PAIS","200","Argentina",1999-05-01,89.781
26,"Industrias Metálicas Básicas, Siderurgia y aluminio",451,"Hierro esponja","Producción","miles de tn","Cámara Argentina del Acero","Mensual","Nacional","PAIS","200","Argentina",1999-06-01,73.399
26,"Industrias Metálicas Básicas, Siderurgia y aluminio",451,"Hierro esponja","Producción","miles de tn","Cámara Argentina del Acero","Mensual","Nacional","PAIS","200","Argentina",1999-07-01,103.201
26,"Industrias Metálicas Básicas, Siderurgia y aluminio",451,"Hierro esponja","Producción","miles de tn","Cámara Argentina del Acero","Mensual","Nacional","PAIS","200","Argentina",1999-08-01,106.988
26,"Industrias Metálicas Básicas, Siderurgia y aluminio",451,"Hierro esponja","Producción","miles de tn","Cámara Argentina del Acero","Mensual","Nacional","PAIS","200","Argentina",1999-09-01,99.328
26,"Industrias Metálicas Básicas, Siderurgia y aluminio",451,"Hierro esponja","Producción","miles de tn","Cámara Argentina del Acero","Mensual","Nacional","PAIS","200","Argentina",1999-10-01,106.948
26,"Industrias Metálicas Básicas, Siderurgia y aluminio",451,"Hierro esponja","Producción","miles de tn","Cámara Argentina del Acero","Mensual","Nacional","PAIS","200","Argentina",1999-11-01,117.241
26,"Industrias Metálicas Básicas, Siderurgia y aluminio",451,"Hierro esponja","Producción","miles de tn","Cámara Argentina del Acero","Mensual","Nacional","PAIS","200","Argentina",1999-12-01,110.625
26,"Industrias Metálicas Básicas, Siderurgia y aluminio",451,"Hierro esponja","Producción","miles de tn","Cámara Argentina del Acero","Mensual","Nacional","PAIS","200","Argentina",2000-01-01,87.407
26,"Industrias Metálicas Básicas, Siderurgia y aluminio",451,"Hierro esponja","Producción","miles de tn","Cámara Argentina del Acero","Mensual","Nacional","PAIS","200","Argentina",2000-02-01,90.129
26,"Industrias Metálicas Básicas, Siderurgia y aluminio",451,"Hierro esponja","Producción","miles de tn","Cámara Argentina del Acero","Mensual","Nacional","PAIS","200","Argentina",2000-03-01,137.949
26,"Industrias Metálicas Básicas, Siderurgia y aluminio",451,"Hierro esponja","Producción","miles de tn","Cámara Argentina del Acero","Mensual","Nacional","PAIS","200","Argentina",2000-04-01,144.643
26,"Industrias Metálicas Básicas, Siderurgia y aluminio",451,"Hierro esponja","Producción","miles de tn","Cámara Argentina del Acero","Mensual","Nacional","PAIS","200","Argentina",2000-05-01,138.919
26,"Industrias Metálicas Básicas, Siderurgia y aluminio",451,"Hierro esponja","Producción","miles de tn","Cámara Argentina del Acero","Mensual","Nacional","PAIS","200","Argentina",2000-06-01,103.324
26,"Industrias Metálicas Básicas, Siderurgia y aluminio",451,"Hierro esponja","Producción","miles de tn","Cámara Argentina del Acero","Mensual","Nacional","PAIS","200","Argentina",2000-07-01,97.134
26,"Industrias Metálicas Básicas, Siderurgia y aluminio",451,"Hierro esponja","Producción","miles de tn","Cámara Argentina del Acero","Mensual","Nacional","PAIS","200","Argentina",2000-08-01,124.142
26,"Industrias Metálicas Básicas, Siderurgia y aluminio",451,"Hierro esponja","Producción","miles de tn","Cámara Argentina del Acero","Mensual","Nacional","PAIS","200","Argentina",2000-09-01,124.844
26,"Industrias Metálicas Básicas, Siderurgia y aluminio",451,"Hierro esponja","Producción","miles de tn","Cámara Argentina del Acero","Mensual","Nacional","PAIS","200","Argentina",2000-10-01,125.826
26,"Industrias Metálicas Básicas, Siderurgia y aluminio",451,"Hierro esponja","Producción","miles de tn","Cámara Argentina del Acero","Mensual","Nacional","PAIS","200","Argentina",2000-11-01,123.551
26,"Industrias Metálicas Básicas, Siderurgia y aluminio",451,"Hierro esponja","Producción","miles de tn","Cámara Argentina del Acero","Mensual","Nacional","PAIS","200","Argentina",2000-12-01,122.071
26,"Industrias Metálicas Básicas, Siderurgia y aluminio",451,"Hierro esponja","Producción","miles de tn","Cámara Argentina del Acero","Mensual","Nacional","PAIS","200","Argentina",2001-01-01,113.686
26,"Industrias Metálicas Básicas, Siderurgia y aluminio",451,"Hierro esponja","Producción","miles de tn","Cámara Argentina del Acero","Mensual","Nacional","PAIS","200","Argentina",2001-02-01,84.512
26,"Industrias Metálicas Básicas, Siderurgia y aluminio",451,"Hierro esponja","Producción","miles de tn","Cámara Argentina del Acero","Mensual","Nacional","PAIS","200","Argentina",2001-03-01,125.607
26,"Industrias Metálicas Básicas, Siderurgia y aluminio",451,"Hierro esponja","Producción","miles de tn","Cámara Argentina del Acero","Mensual","Nacional","PAIS","200","Argentina",2001-04-01,135.143
26,"Industrias Metálicas Básicas, Siderurgia y aluminio",451,"Hierro esponja","Producción","miles de tn","Cámara Argentina del Acero","Mensual","Nacional","PAIS","200","Argentina",2001-05-01,136.021
26,"Industrias Metálicas Básicas, Siderurgia y aluminio",451,"Hierro esponja","Producción","miles de tn","Cámara Argentina del Acero","Mensual","Nacional","PAIS","200","Argentina",2001-06-01,129.814
26,"Industrias Metálicas Básicas, Siderurgia y aluminio",451,"Hierro esponja","Producción","miles de tn","Cámara Argentina del Acero","Mensual","Nacional","PAIS","200","Argentina",2001-07-01,104.157
26,"Industrias Metálicas Básicas, Siderurgia y aluminio",451,"Hierro esponja","Producción","miles de tn","Cámara Argentina del Acero","Mensual","Nacional","PAIS","200","Argentina",2001-08-01,124.885
26,"Industrias Metálicas Básicas, Siderurgia y aluminio",451,"Hierro esponja","Producción","miles de tn","Cámara Argentina del Acero","Mensual","Nacional","PAIS","200","Argentina",2001-09-01,53.052
26,"Industrias Metálicas Básicas, Siderurgia y aluminio",451,"Hierro esponja","Producción","miles de tn","Cámara Argentina del Acero","Mensual","Nacional","PAIS","200","Argentina",2001-10-01,92.327
26,"Industrias Metálicas Básicas, Siderurgia y aluminio",451,"Hierro esponja","Producción","miles de tn","Cámara Argentina del Acero","Mensual","Nacional","PAIS","200","Argentina",2001-11-01,94.971
26,"Industrias Metálicas Básicas, Siderurgia y aluminio",451,"Hierro esponja","Producción","miles de tn","Cámara Argentina del Acero","Mensual","Nacional","PAIS","200","Argentina",2001-12-01,86.481
26,"Industrias Metálicas Básicas, Siderurgia y aluminio",451,"Hierro esponja","Producción","miles de tn","Cámara Argentina del Acero","Mensual","Nacional","PAIS","200","Argentina",2002-01-01,67.075
26,"Industrias Metálicas Básicas, Siderurgia y aluminio",451,"Hierro esponja","Producción","miles de tn","Cámara Argentina del Acero","Mensual","Nacional","PAIS","200","Argentina",2002-02-01,85.24
26,"Industrias Metálicas Básicas, Siderurgia y aluminio",451,"Hierro esponja","Producción","miles de tn","Cámara Argentina del Acero","Mensual","Nacional","PAIS","200","Argentina",2002-03-01,144.427
26,"Industrias Metálicas Básicas, Siderurgia y aluminio",451,"Hierro esponja","Producción","miles de tn","Cámara Argentina del Acero","Mensual","Nacional","PAIS","200","Argentina",2002-04-01,141.135
26,"Industrias Metálicas Básicas, Siderurgia y aluminio",451,"Hierro esponja","Producción","miles de tn","Cámara Argentina del Acero","Mensual","Nacional","PAIS","200","Argentina",2002-05-01,135.233
26,"Industrias Metálicas Básicas, Siderurgia y aluminio",451,"Hierro esponja","Producción","miles de tn","Cámara Argentina del Acero","Mensual","Nacional","PAIS","200","Argentina",2002-06-01,128.267
26,"Industrias Metálicas Básicas, Siderurgia y aluminio",451,"Hierro esponja","Producción","miles de tn","Cámara Argentina del Acero","Mensual","Nacional","PAIS","200","Argentina",2002-07-01,110.687
26,"Industrias Metálicas Básicas, Siderurgia y aluminio",451,"Hierro esponja","Producción","miles de tn","Cámara Argentina del Acero","Mensual","Nacional","PAIS","200","Argentina",2002-08-01,108.702
26,"Industrias Metálicas Básicas, Siderurgia y aluminio",451,"Hierro esponja","Producción","miles de tn","Cámara Argentina del Acero","Mensual","Nacional","PAIS","200","Argentina",2002-09-01,133.306
26,"Industrias Metálicas Básicas, Siderurgia y aluminio",451,"Hierro esponja","Producción","miles de tn","Cámara Argentina del Acero","Mensual","Nacional","PAIS","200","Argentina",2002-10-01,143.368
26,"Industrias Metálicas Básicas, Siderurgia y aluminio",451,"Hierro esponja","Producción","miles de tn","Cámara Argentina del Acero","Mensual","Nacional","PAIS","200","Argentina",2002-11-01,134.401
26,"Industrias Metálicas Básicas, Siderurgia y aluminio",451,"Hierro esponja","Producción","miles de tn","Cámara Argentina del Acero","Mensual","Nacional","PAIS","200","Argentina",2002-12-01,143.824
26,"Industrias Metálicas Básicas, Siderurgia y aluminio",451,"Hierro esponja","Producción","miles de tn","Cámara Argentina del Acero","Mensual","Nacional","PAIS","200","Argentina",2003-01-01,145.427
26,"Industrias Metálicas Básicas, Siderurgia y aluminio",451,"Hierro esponja","Producción","miles de tn","Cámara Argentina del Acero","Mensual","Nacional","PAIS","200","Argentina",2003-02-01,141.526
26,"Industrias Metálicas Básicas, Siderurgia y aluminio",451,"Hierro esponja","Producción","miles de tn","Cámara Argentina del Acero","Mensual","Nacional","PAIS","200","Argentina",2003-03-01,158.649
26,"Industrias Metálicas Básicas, Siderurgia y aluminio",451,"Hierro esponja","Producción","miles de tn","Cámara Argentina del Acero","Mensual","Nacional","PAIS","200","Argentina",2003-04-01,156.876
26,"Industrias Metálicas Básicas, Siderurgia y aluminio",451,"Hierro esponja","Producción","miles de tn","Cámara Argentina del Acero","Mensual","Nacional","PAIS","200","Argentina",2003-05-01,159.686
26,"Industrias Metálicas Básicas, Siderurgia y aluminio",451,"Hierro esponja","Producción","miles de tn","Cámara Argentina del Acero","Mensual","Nacional","PAIS","200","Argentina",2003-06-01,146.057
26,"Industrias Metálicas Básicas, Siderurgia y aluminio",451,"Hierro esponja","Producción","miles de tn","Cámara Argentina del Acero","Mensual","Nacional","PAIS","200","Argentina",2003-07-01,72.42
26,"Industrias Metálicas Básicas, Siderurgia y aluminio",451,"Hierro esponja","Producción","miles de tn","Cámara Argentina del Acero","Mensual","Nacional","PAIS","200","Argentina",2003-08-01,126.712
26,"Industrias Metálicas Básicas, Siderurgia y aluminio",451,"Hierro esponja","Producción","miles de tn","Cámara Argentina del Acero","Mensual","Nacional","PAIS","200","Argentina",2003-09-01,153.067
26,"Industrias Metálicas Básicas, Siderurgia y aluminio",451,"Hierro esponja","Producción","miles de tn","Cámara Argentina del Acero","Mensual","Nacional","PAIS","200","Argentina",2003-10-01,159.637
26,"Industrias Metálicas Básicas, Siderurgia y aluminio",451,"Hierro esponja","Producción","miles de tn","Cámara Argentina del Acero","Mensual","Nacional","PAIS","200","Argentina",2003-11-01,152.235
26,"Industrias Metálicas Básicas, Siderurgia y aluminio",451,"Hierro esponja","Producción","miles de tn","Cámara Argentina del Acero","Mensual","Nacional","PAIS","200","Argentina",2003-12-01,164.107
26,"Industrias Metálicas Básicas, Siderurgia y aluminio",451,"Hierro esponja","Producción","miles de tn","Cámara Argentina del Acero","Mensual","Nacional","PAIS","200","Argentina",2004-01-01,158.5
26,"Industrias Metálicas Básicas, Siderurgia y aluminio",451,"Hierro esponja","Producción","miles de tn","Cámara Argentina del Acero","Mensual","Nacional","PAIS","200","Argentina",2004-02-01,149.8
26,"Industrias Metálicas Básicas, Siderurgia y aluminio",451,"Hierro esponja","Producción","miles de tn","Cámara Argentina del Acero","Mensual","Nacional","PAIS","200","Argentina",2004-03-01,162.8
26,"Industrias Metálicas Básicas, Siderurgia y aluminio",451,"Hierro esponja","Producción","miles de tn","Cámara Argentina del Acero","Mensual","Nacional","PAIS","200","Argentina",2004-04-01,151.6
26,"Industrias Metálicas Básicas, Siderurgia y aluminio",451,"Hierro esponja","Producción","miles de tn","Cámara Argentina del Acero","Mensual","Nacional","PAIS","200","Argentina",2004-05-01,147.6
26,"Industrias Metálicas Básicas, Siderurgia y aluminio",451,"Hierro esponja","Producción","miles de tn","Cámara Argentina del Acero","Mensual","Nacional","PAIS","200","Argentina",2004-06-01,139
26,"Industrias Metálicas Básicas, Siderurgia y aluminio",451,"Hierro esponja","Producción","miles de tn","Cámara Argentina del Acero","Mensual","Nacional","PAIS","200","Argentina",2004-07-01,132.6
26,"Industrias Metálicas Básicas, Siderurgia y aluminio",451,"Hierro esponja","Producción","miles de tn","Cámara Argentina del Acero","Mensual","Nacional","PAIS","200","Argentina",2004-08-01,54
26,"Industrias Metálicas Básicas, Siderurgia y aluminio",451,"Hierro esponja","Producción","miles de tn","Cámara Argentina del Acero","Mensual","Nacional","PAIS","200","Argentina",2004-09-01,150.1
26,"Industrias Metálicas Básicas, Siderurgia y aluminio",451,"Hierro esponja","Producción","miles de tn","Cámara Argentina del Acero","Mensual","Nacional","PAIS","200","Argentina",2004-10-01,169.6
26,"Industrias Metálicas Básicas, Siderurgia y aluminio",451,"Hierro esponja","Producción","miles de tn","Cámara Argentina del Acero","Mensual","Nacional","PAIS","200","Argentina",2004-11-01,169
26,"Industrias Metálicas Básicas, Siderurgia y aluminio",451,"Hierro esponja","Producción","miles de tn","Cámara Argentina del Acero","Mensual","Nacional","PAIS","200","Argentina",2004-12-01,170.699
26,"Industrias Metálicas Básicas, Siderurgia y aluminio",451,"Hierro esponja","Producción","miles de tn","Cámara Argentina del Acero","Mensual","Nacional","PAIS","200","Argentina",2005-01-01,129.8
26,"Industrias Metálicas Básicas, Siderurgia y aluminio",451,"Hierro esponja","Producción","miles de tn","Cámara Argentina del Acero","Mensual","Nacional","PAIS","200","Argentina",2005-02-01,136
26,"Industrias Metálicas Básicas, Siderurgia y aluminio",451,"Hierro esponja","Producción","miles de tn","Cámara Argentina del Acero","Mensual","Nacional","PAIS","200","Argentina",2005-03-01,157
26,"Industrias Metálicas Básicas, Siderurgia y aluminio",451,"Hierro esponja","Producción","miles de tn","Cámara Argentina del Acero","Mensual","Nacional","PAIS","200","Argentina",2005-04-01,163.3
26,"Industrias Metálicas Básicas, Siderurgia y aluminio",451,"Hierro esponja","Producción","miles de tn","Cámara Argentina del Acero","Mensual","Nacional","PAIS","200","Argentina",2005-05-01,147
26,"Industrias Metálicas Básicas, Siderurgia y aluminio",451,"Hierro esponja","Producción","miles de tn","Cámara Argentina del Acero","Mensual","Nacional","PAIS","200","Argentina",2005-06-01,148.8
26,"Industrias Metálicas Básicas, Siderurgia y aluminio",451,"Hierro esponja","Producción","miles de tn","Cámara Argentina del Acero","Mensual","Nacional","PAIS","200","Argentina",2005-07-01,90.2
26,"Industrias Metálicas Básicas, Siderurgia y aluminio",451,"Hierro esponja","Producción","miles de tn","Cámara Argentina del Acero","Mensual","Nacional","PAIS","200","Argentina",2005-08-01,171.1
26,"Industrias Metálicas Básicas, Siderurgia y aluminio",451,"Hierro esponja","Producción","miles de tn","Cámara Argentina del Acero","Mensual","Nacional","PAIS","200","Argentina",2005-09-01,168.2
26,"Industrias Metálicas Básicas, Siderurgia y aluminio",451,"Hierro esponja","Producción","miles de tn","Cámara Argentina del Acero","Mensual","Nacional","PAIS","200","Argentina",2005-10-01,163.5
26,"Industrias Metálicas Básicas, Siderurgia y aluminio",451,"Hierro esponja","Producción","miles de tn","Cámara Argentina del Acero","Mensual","Nacional","PAIS","200","Argentina",2005-11-01,167
26,"Industrias Metálicas Básicas, Siderurgia y aluminio",451,"Hierro esponja","Producción","miles de tn","Cámara Argentina del Acero","Mensual","Nacional","PAIS","200","Argentina",2005-12-01,179.011
26,"Industrias Metálicas Básicas, Siderurgia y aluminio",451,"Hierro esponja","Producción","miles de tn","Cámara Argentina del Acero","Mensual","Nacional","PAIS","200","Argentina",2006-01-01,180.5
26,"Industrias Metálicas Básicas, Siderurgia y aluminio",451,"Hierro esponja","Producción","miles de tn","Cámara Argentina del Acero","Mensual","Nacional","PAIS","200","Argentina",2006-02-01,150.7
26,"Industrias Metálicas Básicas, Siderurgia y aluminio",451,"Hierro esponja","Producción","miles de tn","Cámara Argentina del Acero","Mensual","Nacional","PAIS","200","Argentina",2006-03-01,177.9
26,"Industrias Metálicas Básicas, Siderurgia y aluminio",451,"Hierro esponja","Producción","miles de tn","Cámara Argentina del Acero","Mensual","Nacional","PAIS","200","Argentina",2006-04-01,170.3
26,"Industrias Metálicas Básicas, Siderurgia y aluminio",451,"Hierro esponja","Producción","miles de tn","Cámara Argentina del Acero","Mensual","Nacional","PAIS","200","Argentina",2006-05-01,170.8
26,"Industrias Metálicas Básicas, Siderurgia y aluminio",451,"Hierro esponja","Producción","miles de tn","Cámara Argentina del Acero","Mensual","Nacional","PAIS","200","Argentina",2006-06-01,160.4
26,"Industrias Metálicas Básicas, Siderurgia y aluminio",451,"Hierro esponja","Producción","miles de tn","Cámara Argentina del Acero","Mensual","Nacional","PAIS","200","Argentina",2006-07-01,149.3
26,"Industrias Metálicas Básicas, Siderurgia y aluminio",451,"Hierro esponja","Producción","miles de tn","Cámara Argentina del Acero","Mensual","Nacional","PAIS","200","Argentina",2006-08-01,103.4
26,"Industrias Metálicas Básicas, Siderurgia y aluminio",451,"Hierro esponja","Producción","miles de tn","Cámara Argentina del Acero","Mensual","Nacional","PAIS","200","Argentina",2006-09-01,177.2
26,"Industrias Metálicas Básicas, Siderurgia y aluminio",451,"Hierro esponja","Producción","miles de tn","Cámara Argentina del Acero","Mensual","Nacional","PAIS","200","Argentina",2006-10-01,181.1
26,"Industrias Metálicas Básicas, Siderurgia y aluminio",451,"Hierro esponja","Producción","miles de tn","Cámara Argentina del Acero","Mensual","Nacional","PAIS","200","Argentina",2006-11-01,163.8
26,"Industrias Metálicas Básicas, Siderurgia y aluminio",451,"Hierro esponja","Producción","miles de tn","Cámara Argentina del Acero","Mensual","Nacional","PAIS","200","Argentina",2006-12-01,159.877
26,"Industrias Metálicas Básicas, Siderurgia y aluminio",451,"Hierro esponja","Producción","miles de tn","Cámara Argentina del Acero","Mensual","Nacional","PAIS","200","Argentina",2007-01-01,175.644
26,"Industrias Metálicas Básicas, Siderurgia y aluminio",451,"Hierro esponja","Producción","miles de tn","Cámara Argentina del Acero","Mensual","Nacional","PAIS","200","Argentina",2007-02-01,154.083
26,"Industrias Metálicas Básicas, Siderurgia y aluminio",451,"Hierro esponja","Producción","miles de tn","Cámara Argentina del Acero","Mensual","Nacional","PAIS","200","Argentina",2007-03-01,168.327
26,"Industrias Metálicas Básicas, Siderurgia y aluminio",451,"Hierro esponja","Producción","miles de tn","Cámara Argentina del Acero","Mensual","Nacional","PAIS","200","Argentina",2007-04-01,150.182
26,"Industrias Metálicas Básicas, Siderurgia y aluminio",451,"Hierro esponja","Producción","miles de tn","Cámara Argentina del Acero","Mensual","Nacional","PAIS","200","Argentina",2007-05-01,135.929
26,"Industrias Metálicas Básicas, Siderurgia y aluminio",451,"Hierro esponja","Producción","miles de tn","Cámara Argentina del Acero","Mensual","Nacional","PAIS","200","Argentina",2007-06-01,83.243
26,"Industrias Metálicas Básicas, Siderurgia y aluminio",451,"Hierro esponja","Producción","miles de tn","Cámara Argentina del Acero","Mensual","Nacional","PAIS","200","Argentina",2007-07-01,81.772
26,"Industrias Metálicas Básicas, Siderurgia y aluminio",451,"Hierro esponja","Producción","miles de tn","Cámara Argentina del Acero","Mensual","Nacional","PAIS","200","Argentina",2007-08-01,136.208
26,"Industrias Metálicas Básicas, Siderurgia y aluminio",451,"Hierro esponja","Producción","miles de tn","Cámara Argentina del Acero","Mensual","Nacional","PAIS","200","Argentina",2007-09-01,179.918
26,"Industrias Metálicas Básicas, Siderurgia y aluminio",451,"Hierro esponja","Producción","miles de tn","Cámara Argentina del Acero","Mensual","Nacional","PAIS","200","Argentina",2007-10-01,183.318
26,"Industrias Metálicas Básicas, Siderurgia y aluminio",451,"Hierro esponja","Producción","miles de tn","Cámara Argentina del Acero","Mensual","Nacional","PAIS","200","Argentina",2007-11-01,160.1
26,"Industrias Metálicas Básicas, Siderurgia y aluminio",451,"Hierro esponja","Producción","miles de tn","Cámara Argentina del Acero","Mensual","Nacional","PAIS","200","Argentina",2007-12-01,191.266
26,"Industrias Metálicas Básicas, Siderurgia y aluminio",451,"Hierro esponja","Producción","miles de tn","Cámara Argentina del Acero","Mensual","Nacional","PAIS","200","Argentina",2008-01-01,182.466
26,"Industrias Metálicas Básicas, Siderurgia y aluminio",451,"Hierro esponja","Producción","miles de tn","Cámara Argentina del Acero","Mensual","Nacional","PAIS","200","Argentina",2008-02-01,168.332
26,"Industrias Metálicas Básicas, Siderurgia y aluminio",451,"Hierro esponja","Producción","miles de tn","Cámara Argentina del Acero","Mensual","Nacional","PAIS","200","Argentina",2008-03-01,171.663
26,"Industrias Metálicas Básicas, Siderurgia y aluminio",451,"Hierro esponja","Producción","miles de tn","Cámara Argentina del Acero","Mensual","Nacional","PAIS","200","Argentina",2008-04-01,160.108
26,"Industrias Metálicas Básicas, Siderurgia y aluminio",451,"Hierro esponja","Producción","miles de tn","Cámara Argentina del Acero","Mensual","Nacional","PAIS","200","Argentina",2008-05-01,149.161
26,"Industrias Metálicas Básicas, Siderurgia y aluminio",451,"Hierro esponja","Producción","miles de tn","Cámara Argentina del Acero","Mensual","Nacional","PAIS","200","Argentina",2008-06-01,116.492
26,"Industrias Metálicas Básicas, Siderurgia y aluminio",451,"Hierro esponja","Producción","miles de tn","Cámara Argentina del Acero","Mensual","Nacional","PAIS","200","Argentina",2008-07-01,164.459
26,"Industrias Metálicas Básicas, Siderurgia y aluminio",451,"Hierro esponja","Producción","miles de tn","Cámara Argentina del Acero","Mensual","Nacional","PAIS","200","Argentina",2008-08-01,159.181
26,"Industrias Metálicas Básicas, Siderurgia y aluminio",451,"Hierro esponja","Producción","miles de tn","Cámara Argentina del Acero","Mensual","Nacional","PAIS","200","Argentina",2008-09-01,160.638
26,"Industrias Metálicas Básicas, Siderurgia y aluminio",451,"Hierro esponja","Producción","miles de tn","Cámara Argentina del Acero","Mensual","Nacional","PAIS","200","Argentina",2008-10-01,189.371
26,"Industrias Metálicas Básicas, Siderurgia y aluminio",451,"Hierro esponja","Producción","miles de tn","Cámara Argentina del Acero","Mensual","Nacional","PAIS","200","Argentina",2008-11-01,159.086
26,"Industrias Metálicas Básicas, Siderurgia y aluminio",451,"Hierro esponja","Producción","miles de tn","Cámara Argentina del Acero","Mensual","Nacional","PAIS","200","Argentina",2008-12-01,65.958
26,"Industrias Metálicas Básicas, Siderurgia y aluminio",451,"Hierro esponja","Producción","miles de tn","Cámara Argentina del Acero","Mensual","Nacional","PAIS","200","Argentina",2009-01-01,67.938
26,"Industrias Metálicas Básicas, Siderurgia y aluminio",451,"Hierro esponja","Producción","miles de tn","Cámara Argentina del Acero","Mensual","Nacional","PAIS","200","Argentina",2009-02-01,73.247
26,"Industrias Metálicas Básicas, Siderurgia y aluminio",451,"Hierro esponja","Producción","miles de tn","Cámara Argentina del Acero","Mensual","Nacional","PAIS","200","Argentina",2009-03-01,2.97
26,"Industrias Metálicas Básicas, Siderurgia y aluminio",451,"Hierro esponja","Producción","miles de tn","Cámara Argentina del Acero","Mensual","Nacional","PAIS","200","Argentina",2009-04-01,78.868
26,"Industrias Metálicas Básicas, Siderurgia y aluminio",451,"Hierro esponja","Producción","miles de tn","Cámara Argentina del Acero","Mensual","Nacional","PAIS","200","Argentina",2009-05-01,49.65
26,"Industrias Metálicas Básicas, Siderurgia y aluminio",451,"Hierro esponja","Producción","miles de tn","Cámara Argentina del Acero","Mensual","Nacional","PAIS","200","Argentina",2009-06-01,46.154
26,"Industrias Metálicas Básicas, Siderurgia y aluminio",451,"Hierro esponja","Producción","miles de tn","Cámara Argentina del Acero","Mensual","Nacional","PAIS","200","Argentina",2009-07-01,23.661
26,"Industrias Metálicas Básicas, Siderurgia y aluminio",451,"Hierro esponja","Producción","miles de tn","Cámara Argentina del Acero","Mensual","Nacional","PAIS","200","Argentina",2009-08-01,3.166
26,"Industrias Metálicas Básicas, Siderurgia y aluminio",451,"Hierro esponja","Producción","miles de tn","Cámara Argentina del Acero","Mensual","Nacional","PAIS","200","Argentina",2009-09-01,71.909
26,"Industrias Metálicas Básicas, Siderurgia y aluminio",451,"Hierro esponja","Producción","miles de tn","Cámara Argentina del Acero","Mensual","Nacional","PAIS","200","Argentina",2009-10-01,138.192
26,"Industrias Metálicas Básicas, Siderurgia y aluminio",451,"Hierro esponja","Producción","miles de tn","Cámara Argentina del Acero","Mensual","Nacional","PAIS","200","Argentina",2009-11-01,114.505
26,"Industrias Metálicas Básicas, Siderurgia y aluminio",451,"Hierro esponja","Producción","miles de tn","Cámara Argentina del Acero","Mensual","Nacional","PAIS","200","Argentina",2009-12-01,137.122
26,"Industrias Metálicas Básicas, Siderurgia y aluminio",451,"Hierro esponja","Producción","miles de tn","Cámara Argentina del Acero","Mensual","Nacional","PAIS","200","Argentina",2010-01-01,151.165
26,"Industrias Metálicas Básicas, Siderurgia y aluminio",451,"Hierro esponja","Producción","miles de tn","Cámara Argentina del Acero","Mensual","Nacional","PAIS","200","Argentina",2010-02-01,129.619
26,"Industrias Metálicas Básicas, Siderurgia y aluminio",451,"Hierro esponja","Producción","miles de tn","Cámara Argentina del Acero","Mensual","Nacional","PAIS","200","Argentina",2010-03-01,160.9814
26,"Industrias Metálicas Básicas, Siderurgia y aluminio",451,"Hierro esponja","Producción","miles de tn","Cámara Argentina del Acero","Mensual","Nacional","PAIS","200","Argentina",2010-04-01,150.619
26,"Industrias Metálicas Básicas, Siderurgia y aluminio",451,"Hierro esponja","Producción","miles de tn","Cámara Argentina del Acero","Mensual","Nacional","PAIS","200","Argentina",2010-05-01,138.963
26,"Industrias Metálicas Básicas, Siderurgia y aluminio",451,"Hierro esponja","Producción","miles de tn","Cámara Argentina del Acero","Mensual","Nacional","PAIS","200","Argentina",2010-06-01,126.203
26,"Industrias Metálicas Básicas, Siderurgia y aluminio",451,"Hierro esponja","Producción","miles de tn","Cámara Argentina del Acero","Mensual","Nacional","PAIS","200","Argentina",2010-07-01,41.19
26,"Industrias Metálicas Básicas, Siderurgia y aluminio",451,"Hierro esponja","Producción","miles de tn","Cámara Argentina del Acero","Mensual","Nacional","PAIS","200","Argentina",2010-08-01,78.533
26,"Industrias Metálicas Básicas, Siderurgia y aluminio",451,"Hierro esponja","Producción","miles de tn","Cámara Argentina del Acero","Mensual","Nacional","PAIS","200","Argentina",2010-09-01,146.912
26,"Industrias Metálicas Básicas, Siderurgia y aluminio",451,"Hierro esponja","Producción","miles de tn","Cámara Argentina del Acero","Mensual","Nacional","PAIS","200","Argentina",2010-10-01,159.58
26,"Industrias Metálicas Básicas, Siderurgia y aluminio",451,"Hierro esponja","Producción","miles de tn","Cámara Argentina del Acero","Mensual","Nacional","PAIS","200","Argentina",2010-11-01,160.432
26,"Industrias Metálicas Básicas, Siderurgia y aluminio",451,"Hierro esponja","Producción","miles de tn","Cámara Argentina del Acero","Mensual","Nacional","PAIS","200","Argentina",2010-12-01,121.883
26,"Industrias Metálicas Básicas, Siderurgia y aluminio",451,"Hierro esponja","Producción","miles de tn","Cámara Argentina del Acero","Mensual","Nacional","PAIS","200","Argentina",2011-01-01,142.669
26,"Industrias Metálicas Básicas, Siderurgia y aluminio",451,"Hierro esponja","Producción","miles de tn","Cámara Argentina del Acero","Mensual","Nacional","PAIS","200","Argentina",2011-02-01,134.448
26,"Industrias Metálicas Básicas, Siderurgia y aluminio",451,"Hierro esponja","Producción","miles de tn","Cámara Argentina del Acero","Mensual","Nacional","PAIS","200","Argentina",2011-03-01,150.137
26,"Industrias Metálicas Básicas, Siderurgia y aluminio",451,"Hierro esponja","Producción","miles de tn","Cámara Argentina del Acero","Mensual","Nacional","PAIS","200","Argentina",2011-04-01,147.156
26,"Industrias Metálicas Básicas, Siderurgia y aluminio",451,"Hierro esponja","Producción","miles de tn","Cámara Argentina del Acero","Mensual","Nacional","PAIS","200","Argentina",2011-05-01,137.776
26,"Industrias Metálicas Básicas, Siderurgia y aluminio",451,"Hierro esponja","Producción","miles de tn","Cámara Argentina del Acero","Mensual","Nacional","PAIS","200","Argentina",2011-06-01,102.312
26,"Industrias Metálicas Básicas, Siderurgia y aluminio",451,"Hierro esponja","Producción","miles de tn","Cámara Argentina del Acero","Mensual","Nacional","PAIS","200","Argentina",2011-07-01,93.906
26,"Industrias Metálicas Básicas, Siderurgia y aluminio",451,"Hierro esponja","Producción","miles de tn","Cámara Argentina del Acero","Mensual","Nacional","PAIS","200","Argentina",2011-08-01,95.036
26,"Industrias Metálicas Básicas, Siderurgia y aluminio",451,"Hierro esponja","Producción","miles de tn","Cámara Argentina del Acero","Mensual","Nacional","PAIS","200","Argentina",2011-09-01,150.534
26,"Industrias Metálicas Básicas, Siderurgia y aluminio",451,"Hierro esponja","Producción","miles de tn","Cámara Argentina del Acero","Mensual","Nacional","PAIS","200","Argentina",2011-10-01,172.998
26,"Industrias Metálicas Básicas, Siderurgia y aluminio",451,"Hierro esponja","Producción","miles de tn","Cámara Argentina del Acero","Mensual","Nacional","PAIS","200","Argentina",2011-11-01,159.932
26,"Industrias Metálicas Básicas, Siderurgia y aluminio",451,"Hierro esponja","Producción","miles de tn","Cámara Argentina del Acero","Mensual","Nacional","PAIS","200","Argentina",2011-12-01,183.448
26,"Industrias Metálicas Básicas, Siderurgia y aluminio",451,"Hierro esponja","Producción","miles de tn","Cámara Argentina del Acero","Mensual","Nacional","PAIS","200","Argentina",2012-01-01,177.096
26,"Industrias Metálicas Básicas, Siderurgia y aluminio",451,"Hierro esponja","Producción","miles de tn","Cámara Argentina del Acero","Mensual","Nacional","PAIS","200","Argentina",2012-02-01,163.44
26,"Industrias Metálicas Básicas, Siderurgia y aluminio",451,"Hierro esponja","Producción","miles de tn","Cámara Argentina del Acero","Mensual","Nacional","PAIS","200","Argentina",2012-03-01,166.473
26,"Industrias Metálicas Básicas, Siderurgia y aluminio",451,"Hierro esponja","Producción","miles de tn","Cámara Argentina del Acero","Mensual","Nacional","PAIS","200","Argentina",2012-04-01,139.848
26,"Industrias Metálicas Básicas, Siderurgia y aluminio",451,"Hierro esponja","Producción","miles de tn","Cámara Argentina del Acero","Mensual","Nacional","PAIS","200","Argentina",2012-05-01,118.746
26,"Industrias Metálicas Básicas, Siderurgia y aluminio",451,"Hierro esponja","Producción","miles de tn","Cámara Argentina del Acero","Mensual","Nacional","PAIS","200","Argentina",2012-06-01,120.666
26,"Industrias Metálicas Básicas, Siderurgia y aluminio",451,"Hierro esponja","Producción","miles de tn","Cámara Argentina del Acero","Mensual","Nacional","PAIS","200","Argentina",2012-07-01,69.083
26,"Industrias Metálicas Básicas, Siderurgia y aluminio",451,"Hierro esponja","Producción","miles de tn","Cámara Argentina del Acero","Mensual","Nacional","PAIS","200","Argentina",2012-08-01,1.304
26,"Industrias Metálicas Básicas, Siderurgia y aluminio",451,"Hierro esponja","Producción","miles de tn","Cámara Argentina del Acero","Mensual","Nacional","PAIS","200","Argentina",2012-09-01,152.512
26,"Industrias Metálicas Básicas, Siderurgia y aluminio",451,"Hierro esponja","Producción","miles de tn","Cámara Argentina del Acero","Mensual","Nacional","PAIS","200","Argentina",2012-10-01,167.142
26,"Industrias Metálicas Básicas, Siderurgia y aluminio",451,"Hierro esponja","Producción","miles de tn","Cámara Argentina del Acero","Mensual","Nacional","PAIS","200","Argentina",2012-11-01,185.176
26,"Industrias Metálicas Básicas, Siderurgia y aluminio",451,"Hierro esponja","Producción","miles de tn","Cámara Argentina del Acero","Mensual","Nacional","PAIS","200","Argentina",2012-12-01,145.076
26,"Industrias Metálicas Básicas, Siderurgia y aluminio",451,"Hierro esponja","Producción","miles de tn","Cámara Argentina del Acero","Mensual","Nacional","PAIS","200","Argentina",2013-01-01,158.514
26,"Industrias Metálicas Básicas, Siderurgia y aluminio",451,"Hierro esponja","Producción","miles de tn","Cámara Argentina del Acero","Mensual","Nacional","PAIS","200","Argentina",2013-02-01,137.053
26,"Industrias Metálicas Básicas, Siderurgia y aluminio",451,"Hierro esponja","Producción","miles de tn","Cámara Argentina del Acero","Mensual","Nacional","PAIS","200","Argentina",2013-03-01,157.961
26,"Industrias Metálicas Básicas, Siderurgia y aluminio",451,"Hierro esponja","Producción","miles de tn","Cámara Argentina del Acero","Mensual","Nacional","PAIS","200","Argentina",2013-04-01,156.96
26,"Industrias Metálicas Básicas, Siderurgia y aluminio",451,"Hierro esponja","Producción","miles de tn","Cámara Argentina del Acero","Mensual","Nacional","PAIS","200","Argentina",2013-05-01,138.566
26,"Industrias Metálicas Básicas, Siderurgia y aluminio",451,"Hierro esponja","Producción","miles de tn","Cámara Argentina del Acero","Mensual","Nacional","PAIS","200","Argentina",2013-06-01,88.4
26,"Industrias Metálicas Básicas, Siderurgia y aluminio",451,"Hierro esponja","Producción","miles de tn","Cámara Argentina del Acero","Mensual","Nacional","PAIS","200","Argentina",2013-07-01,55.272
26,"Industrias Metálicas Básicas, Siderurgia y aluminio",451,"Hierro esponja","Producción","miles de tn","Cámara Argentina del Acero","Mensual","Nacional","PAIS","200","Argentina",2013-08-01,39.837
26,"Industrias Metálicas Básicas, Siderurgia y aluminio",451,"Hierro esponja","Producción","miles de tn","Cámara Argentina del Acero","Mensual","Nacional","PAIS","200","Argentina",2013-09-01,106.046
26,"Industrias Metálicas Básicas, Siderurgia y aluminio",451,"Hierro esponja","Producción","miles de tn","Cámara Argentina del Acero","Mensual","Nacional","PAIS","200","Argentina",2013-10-01,158.03
26,"Industrias Metálicas Básicas, Siderurgia y aluminio",451,"Hierro esponja","Producción","miles de tn","Cámara Argentina del Acero","Mensual","Nacional","PAIS","200","Argentina",2013-11-01,168.906
26,"Industrias Metálicas Básicas, Siderurgia y aluminio",451,"Hierro esponja","Producción","miles de tn","Cámara Argentina del Acero","Mensual","Nacional","PAIS","200","Argentina",2013-12-01,100.306
26,"Industrias Metálicas Básicas, Siderurgia y aluminio",451,"Hierro esponja","Producción","miles de tn","Cámara Argentina del Acero","Mensual","Nacional","PAIS","200","Argentina",2014-01-01,155.468
26,"Industrias Metálicas Básicas, Siderurgia y aluminio",451,"Hierro esponja","Producción","miles de tn","Cámara Argentina del Acero","Mensual","Nacional","PAIS","200","Argentina",2014-02-01,146.87
26,"Industrias Metálicas Básicas, Siderurgia y aluminio",451,"Hierro esponja","Producción","miles de tn","Cámara Argentina del Acero","Mensual","Nacional","PAIS","200","Argentina",2014-03-01,169.268
26,"Industrias Metálicas Básicas, Siderurgia y aluminio",451,"Hierro esponja","Producción","miles de tn","Cámara Argentina del Acero","Mensual","Nacional","PAIS","200","Argentina",2014-04-01,163.347
26,"Industrias Metálicas Básicas, Siderurgia y aluminio",451,"Hierro esponja","Producción","miles de tn","Cámara Argentina del Acero","Mensual","Nacional","PAIS","200","Argentina",2014-05-01,158.45
26,"Industrias Metálicas Básicas, Siderurgia y aluminio",451,"Hierro esponja","Producción","miles de tn","Cámara Argentina del Acero","Mensual","Nacional","PAIS","200","Argentina",2014-06-01,120.642
26,"Industrias Metálicas Básicas, Siderurgia y aluminio",451,"Hierro esponja","Producción","miles de tn","Cámara Argentina del Acero","Mensual","Nacional","PAIS","200","Argentina",2014-07-01,101.185
26,"Industrias Metálicas Básicas, Siderurgia y aluminio",451,"Hierro esponja","Producción","miles de tn","Cámara Argentina del Acero","Mensual","Nacional","PAIS","200","Argentina",2014-08-01,100.868
26,"Industrias Metálicas Básicas, Siderurgia y aluminio",451,"Hierro esponja","Producción","miles de tn","Cámara Argentina del Acero","Mensual","Nacional","PAIS","200","Argentina",2014-09-01,99.302
26,"Industrias Metálicas Básicas, Siderurgia y aluminio",451,"Hierro esponja","Producción","miles de tn","Cámara Argentina del Acero","Mensual","Nacional","PAIS","200","Argentina",2014-10-01,131.87
26,"Industrias Metálicas Básicas, Siderurgia y aluminio",451,"Hierro esponja","Producción","miles de tn","Cámara Argentina del Acero","Mensual","Nacional","PAIS","200","Argentina",2014-11-01,157.149
26,"Industrias Metálicas Básicas, Siderurgia y aluminio",451,"Hierro esponja","Producción","miles de tn","Cámara Argentina del Acero","Mensual","Nacional","PAIS","200","Argentina",2014-12-01,158.424
26,"Industrias Metálicas Básicas, Siderurgia y aluminio",451,"Hierro esponja","Producción","miles de tn","Cámara Argentina del Acero","Mensual","Nacional","PAIS","200","Argentina",2015-01-01,145.49
26,"Industrias Metálicas Básicas, Siderurgia y aluminio",451,"Hierro esponja","Producción","miles de tn","Cámara Argentina del Acero","Mensual","Nacional","PAIS","200","Argentina",2015-02-01,93.005
26,"Industrias Metálicas Básicas, Siderurgia y aluminio",451,"Hierro esponja","Producción","miles de tn","Cámara Argentina del Acero","Mensual","Nacional","PAIS","200","Argentina",2015-03-01,62.973
26,"Industrias Metálicas Básicas, Siderurgia y aluminio",451,"Hierro esponja","Producción","miles de tn","Cámara Argentina del Acero","Mensual","Nacional","PAIS","200","Argentina",2015-04-01,63.193
26,"Industrias Metálicas Básicas, Siderurgia y aluminio",451,"Hierro esponja","Producción","miles de tn","Cámara Argentina del Acero","Mensual","Nacional","PAIS","200","Argentina",2015-05-01,91.288
26,"Industrias Metálicas Básicas, Siderurgia y aluminio",451,"Hierro esponja","Producción","miles de tn","Cámara Argentina del Acero","Mensual","Nacional","PAIS","200","Argentina",2015-06-01,77.618
26,"Industrias Metálicas Básicas, Siderurgia y aluminio",451,"Hierro esponja","Producción","miles de tn","Cámara Argentina del Acero","Mensual","Nacional","PAIS","200","Argentina",2015-07-01,61.272
26,"Industrias Metálicas Básicas, Siderurgia y aluminio",451,"Hierro esponja","Producción","miles de tn","Cámara Argentina del Acero","Mensual","Nacional","PAIS","200","Argentina",2015-08-01,96.367
26,"Industrias Metálicas Básicas, Siderurgia y aluminio",451,"Hierro esponja","Producción","miles de tn","Cámara Argentina del Acero","Mensual","Nacional","PAIS","200","Argentina",2015-09-01,89.302
26,"Industrias Metálicas Básicas, Siderurgia y aluminio",451,"Hierro esponja","Producción","miles de tn","Cámara Argentina del Acero","Mensual","Nacional","PAIS","200","Argentina",2015-10-01,156.916
26,"Industrias Metálicas Básicas, Siderurgia y aluminio",451,"Hierro esponja","Producción","miles de tn","Cámara Argentina del Acero","Mensual","Nacional","PAIS","200","Argentina",2015-11-01,157.993
26,"Industrias Metálicas Básicas, Siderurgia y aluminio",451,"Hierro esponja","Producción","miles de tn","Cámara Argentina del Acero","Mensual","Nacional","PAIS","200","Argentina",2015-12-01,156.771
26,"Industrias Metálicas Básicas, Siderurgia y aluminio",451,"Hierro esponja","Producción","miles de tn","Cámara Argentina del Acero","Mensual","Nacional","PAIS","200","Argentina",2016-01-01,107.8
26,"Industrias Metálicas Básicas, Siderurgia y aluminio",451,"Hierro esponja","Producción","miles de tn","Cámara Argentina del Acero","Mensual","Nacional","PAIS","200","Argentina",2016-02-01,83.56
26,"Industrias Metálicas Básicas, Siderurgia y aluminio",451,"Hierro esponja","Producción","miles de tn","Cámara Argentina del Acero","Mensual","Nacional","PAIS","200","Argentina",2016-03-01,89.816
26,"Industrias Metálicas Básicas, Siderurgia y aluminio",451,"Hierro esponja","Producción","miles de tn","Cámara Argentina del Acero","Mensual","Nacional","PAIS","200","Argentina",2016-04-01,44.307
26,"Industrias Metálicas Básicas, Siderurgia y aluminio",451,"Hierro esponja","Producción","miles de tn","Cámara Argentina del Acero","Mensual","Nacional","PAIS","200","Argentina",2016-05-01,55.658
26,"Industrias Metálicas Básicas, Siderurgia y aluminio",451,"Hierro esponja","Producción","miles de tn","Cámara Argentina del Acero","Mensual","Nacional","PAIS","200","Argentina",2016-06-01,51.211
26,"Industrias Metálicas Básicas, Siderurgia y aluminio",451,"Hierro esponja","Producción","miles de tn","Cámara Argentina del Acero","Mensual","Nacional","PAIS","200","Argentina",2016-07-01,40.648
26,"Industrias Metálicas Básicas, Siderurgia y aluminio",451,"Hierro esponja","Producción","miles de tn","Cámara Argentina del Acero","Mensual","Nacional","PAIS","200","Argentina",2016-08-01,0
26,"Industrias Metálicas Básicas, Siderurgia y aluminio",451,"Hierro esponja","Producción","miles de tn","Cámara Argentina del Acero","Mensual","Nacional","PAIS","200","Argentina",2016-09-01,17.973
26,"Industrias Metálicas Básicas, Siderurgia y aluminio",451,"Hierro esponja","Producción","miles de tn","Cámara Argentina del Acero","Mensual","Nacional","PAIS","200","Argentina",2016-10-01,97.601
26,"Industrias Metálicas Básicas, Siderurgia y aluminio",451,"Hierro esponja","Producción","miles de tn","Cámara Argentina del Acero","Mensual","Nacional","PAIS","200","Argentina",2016-11-01,97.136
26,"Industrias Metálicas Básicas, Siderurgia y aluminio",451,"Hierro esponja","Producción","miles de tn","Cámara Argentina del Acero","Mensual","Nacional","PAIS","200","Argentina",2016-12-01,86.902
26,"Industrias Metálicas Básicas, Siderurgia y aluminio",451,"Hierro esponja","Producción","miles de tn","Cámara Argentina del Acero","Mensual","Nacional","PAIS","200","Argentina",2017-01-01,76.921
26,"Industrias Metálicas Básicas, Siderurgia y aluminio",451,"Hierro esponja","Producción","miles de tn","Cámara Argentina del Acero","Mensual","Nacional","PAIS","200","Argentina",2017-02-01,55.859
26,"Industrias Metálicas Básicas, Siderurgia y aluminio",451,"Hierro esponja","Producción","miles de tn","Cámara Argentina del Acero","Mensual","Nacional","PAIS","200","Argentina",2017-03-01,169.782
26,"Industrias Metálicas Básicas, Siderurgia y aluminio",451,"Hierro esponja","Producción","miles de tn","Cámara Argentina del Acero","Mensual","Nacional","PAIS","200","Argentina",2017-04-01,157.352
26,"Industrias Metálicas Básicas, Siderurgia y aluminio",451,"Hierro esponja","Producción","miles de tn","Cámara Argentina del Acero","Mensual","Nacional","PAIS","200","Argentina",2017-05-01,141.506
26,"Industrias Metálicas Básicas, Siderurgia y aluminio",451,"Hierro esponja","Producción","miles de tn","Cámara Argentina del Acero","Mensual","Nacional","PAIS","200","Argentina",2017-06-01,80.9
26,"Industrias Metálicas Básicas, Siderurgia y aluminio",451,"Hierro esponja","Producción","miles de tn","Cámara Argentina del Acero","Mensual","Nacional","PAIS","200","Argentina",2017-07-01,10.19
26,"Industrias Metálicas Básicas, Siderurgia y aluminio",451,"Hierro esponja","Producción","miles de tn","Cámara Argentina del Acero","Mensual","Nacional","PAIS","200","Argentina",2017-08-01,0
26,"Industrias Metálicas Básicas, Siderurgia y aluminio",451,"Hierro esponja","Producción","miles de tn","Cámara Argentina del Acero","Mensual","Nacional","PAIS","200","Argentina",2017-09-01,103.293
26,"Industrias Metálicas Básicas, Siderurgia y aluminio",451,"Hierro esponja","Producción","miles de tn","Cámara Argentina del Acero","Mensual","Nacional","PAIS","200","Argentina",2017-10-01,149.447
26,"Industrias Metálicas Básicas, Siderurgia y aluminio",451,"Hierro esponja","Producción","miles de tn","Cámara Argentina del Acero","Mensual","Nacional","PAIS","200","Argentina",2017-11-01,146.1
26,"Industrias Metálicas Básicas, Siderurgia y aluminio",451,"Hierro esponja","Producción","miles de tn","Cámara Argentina del Acero","Mensual","Nacional","PAIS","200","Argentina",2017-12-01,139.5
26,"Industrias Metálicas Básicas, Siderurgia y aluminio",451,"Hierro esponja","Producción","miles de tn","Cámara Argentina del Acero","Mensual","Nacional","PAIS","200","Argentina",2018-01-01,140.5
26,"Industrias Metálicas Básicas, Siderurgia y aluminio",451,"Hierro esponja","Producción","miles de tn","Cámara Argentina del Acero","Mensual","Nacional","PAIS","200","Argentina",2018-02-01,149.8
26,"Industrias Metálicas Básicas, Siderurgia y aluminio",451,"Hierro esponja","Producción","miles de tn","Cámara Argentina del Acero","Mensual","Nacional","PAIS","200","Argentina",2018-03-01,179.6
26,"Industrias Metálicas Básicas, Siderurgia y aluminio",451,"Hierro esponja","Producción","miles de tn","Cámara Argentina del Acero","Mensual","Nacional","PAIS","200","Argentina",2018-04-01,166
26,"Industrias Metálicas Básicas, Siderurgia y aluminio",451,"Hierro esponja","Producción","miles de tn","Cámara Argentina del Acero","Mensual","Nacional","PAIS","200","Argentina",2018-05-01,144.8
26,"Industrias Metálicas Básicas, Siderurgia y aluminio",451,"Hierro esponja","Producción","miles de tn","Cámara Argentina del Acero","Mensual","Nacional","PAIS","200","Argentina",2018-06-01,105.4
26,"Industrias Metálicas Básicas, Siderurgia y aluminio",451,"Hierro esponja","Producción","miles de tn","Cámara Argentina del Acero","Mensual","Nacional","PAIS","200","Argentina",2018-07-01,54.3
26,"Industrias Metálicas Básicas, Siderurgia y aluminio",451,"Hierro esponja","Producción","miles de tn","Cámara Argentina del Acero","Mensual","Nacional","PAIS","200","Argentina",2018-08-01,77.5
26,"Industrias Metálicas Básicas, Siderurgia y aluminio",451,"Hierro esponja","Producción","miles de tn","Cámara Argentina del Acero","Mensual","Nacional","PAIS","200","Argentina",2018-09-01,137
26,"Industrias Metálicas Básicas, Siderurgia y aluminio",451,"Hierro esponja","Producción","miles de tn","Cámara Argentina del Acero","Mensual","Nacional","PAIS","200","Argentina",2018-10-01,161.5
26,"Industrias Metálicas Básicas, Siderurgia y aluminio",451,"Hierro esponja","Producción","miles de tn","Cámara Argentina del Acero","Mensual","Nacional","PAIS","200","Argentina",2018-11-01,152.6
26,"Industrias Metálicas Básicas, Siderurgia y aluminio",451,"Hierro esponja","Producción","miles de tn","Cámara Argentina del Acero","Mensual","Nacional","PAIS","200","Argentina",2018-12-01,137.3
26,"Industrias Metálicas Básicas, Siderurgia y aluminio",451,"Hierro esponja","Producción","miles de tn","Cámara Argentina del Acero","Mensual","Nacional","PAIS","200","Argentina",2019-01-01,80.2
26,"Industrias Metálicas Básicas, Siderurgia y aluminio",451,"Hierro esponja","Producción","miles de tn","Cámara Argentina del Acero","Mensual","Nacional","PAIS","200","Argentina",2019-02-01,110.2
26,"Industrias Metálicas Básicas, Siderurgia y aluminio",451,"Hierro esponja","Producción","miles de tn","Cámara Argentina del Acero","Mensual","Nacional","PAIS","200","Argentina",2019-03-01,142.8
26,"Industrias Metálicas Básicas, Siderurgia y aluminio",451,"Hierro esponja","Producción","miles de tn","Cámara Argentina del Acero","Mensual","Nacional","PAIS","200","Argentina",2019-04-01,144.9
26,"Industrias Metálicas Básicas, Siderurgia y aluminio",451,"Hierro esponja","Producción","miles de tn","Cámara Argentina del Acero","Mensual","Nacional","PAIS","200","Argentina",2019-05-01,122.6
26,"Industrias Metálicas Básicas, Siderurgia y aluminio",451,"Hierro esponja","Producción","miles de tn","Cámara Argentina del Acero","Mensual","Nacional","PAIS","200","Argentina",2019-06-01,70.7
26,"Industrias Metálicas Básicas, Siderurgia y aluminio",451,"Hierro esponja","Producción","miles de tn","Cámara Argentina del Acero","Mensual","Nacional","PAIS","200","Argentina",2019-07-01,0
26,"Industrias Metálicas Básicas, Siderurgia y aluminio",451,"Hierro esponja","Producción","miles de tn","Cámara Argentina del Acero","Mensual","Nacional","PAIS","200","Argentina",2019-08-01,7.2
26,"Industrias Metálicas Básicas, Siderurgia y aluminio",451,"Hierro esponja","Producción","miles de tn","Cámara Argentina del Acero","Mensual","Nacional","PAIS","200","Argentina",2019-09-01,125.2
26,"Industrias Metálicas Básicas, Siderurgia y aluminio",451,"Hierro esponja","Producción","miles de tn","Cámara Argentina del Acero","Mensual","Nacional","PAIS","200","Argentina",2019-10-01,132.2
26,"Industrias Metálicas Básicas, Siderurgia y aluminio",451,"Hierro esponja","Producción","miles de tn","Cámara Argentina del Acero","Mensual","Nacional","PAIS","200","Argentina",2019-11-01,120.4
26,"Industrias Metálicas Básicas, Siderurgia y aluminio",451,"Hierro esponja","Producción","miles de tn","Cámara Argentina del Acero","Mensual","Nacional","PAIS","200","Argentina",2019-12-01,29.5
26,"Industrias Metálicas Básicas, Siderurgia y aluminio",451,"Hierro esponja","Producción","miles de tn","Cámara Argentina del Acero","Mensual","Nacional","PAIS","200","Argentina",2020-01-01,36.6
26,"Industrias Metálicas Básicas, Siderurgia y aluminio",451,"Hierro esponja","Producción","miles de tn","Cámara Argentina del Acero","Mensual","Nacional","PAIS","200","Argentina",2020-02-01,72.1
26,"Industrias Metálicas Básicas, Siderurgia y aluminio",451,"Hierro esponja","Producción","miles de tn","Cámara Argentina del Acero","Mensual","Nacional","PAIS","200","Argentina",2020-03-01,78.3
26,"Industrias Metálicas Básicas, Siderurgia y aluminio",451,"Hierro esponja","Producción","miles de tn","Cámara Argentina del Acero","Mensual","Nacional","PAIS","200","Argentina",2020-04-01,50.2
26,"Industrias Metálicas Básicas, Siderurgia y aluminio",451,"Hierro esponja","Producción","miles de tn","Cámara Argentina del Acero","Mensual","Nacional","PAIS","200","Argentina",2020-05-01,0
26,"Industrias Metálicas Básicas, Siderurgia y aluminio",451,"Hierro esponja","Producción","miles de tn","Cámara Argentina del Acero","Mensual","Nacional","PAIS","200","Argentina",2020-06-01,0
26,"Industrias Metálicas Básicas, Siderurgia y aluminio",451,"Hierro esponja","Producción","miles de tn","Cámara Argentina del Acero","Mensual","Nacional","PAIS","200","Argentina",2020-07-01,60.1
26,"Industrias Metálicas Básicas, Siderurgia y aluminio",451,"Hierro esponja","Producción","miles de tn","Cámara Argentina del Acero","Mensual","Nacional","PAIS","200","Argentina",2020-08-01,48.3
26,"Industrias Metálicas Básicas, Siderurgia y aluminio",451,"Hierro esponja","Producción","miles de tn","Cámara Argentina del Acero","Mensual","Nacional","PAIS","200","Argentina",2020-09-01,12.8
26,"Industrias Metálicas Básicas, Siderurgia y aluminio",451,"Hierro esponja","Producción","miles de tn","Cámara Argentina del Acero","Mensual","Nacional","PAIS","200","Argentina",2020-10-01,70.1
26,"Industrias Metálicas Básicas, Siderurgia y aluminio",451,"Hierro esponja","Producción","miles de tn","Cámara Argentina del Acero","Mensual","Nacional","PAIS","200","Argentina",2020-11-01,43.9
26,"Industrias Metálicas Básicas, Siderurgia y aluminio",451,"Hierro esponja","Producción","miles de tn","Cámara Argentina del Acero","Mensual","Nacional","PAIS","200","Argentina",2020-12-01,52.3
26,"Industrias Metálicas Básicas, Siderurgia y aluminio",451,"Hierro esponja","Producción","miles de tn","Cámara Argentina del Acero","Mensual","Nacional","PAIS","200","Argentina",2021-01-01,59.5
26,"Industrias Metálicas Básicas, Siderurgia y aluminio",451,"Hierro esponja","Producción","miles de tn","Cámara Argentina del Acero","Mensual","Nacional","PAIS","200","Argentina",2021-02-01,79.5
26,"Industrias Metálicas Básicas, Siderurgia y aluminio",451,"Hierro esponja","Producción","miles de tn","Cámara Argentina del Acero","Mensual","Nacional","PAIS","200","Argentina",2021-03-01,124.8
26,"Industrias Metálicas Básicas, Siderurgia y aluminio",451,"Hierro esponja","Producción","miles de tn","Cámara Argentina del Acero","Mensual","Nacional","PAIS","200","Argentina",2021-04-01,142.9
26,"Industrias Metálicas Básicas, Siderurgia y aluminio",451,"Hierro esponja","Producción","miles de tn","Cámara Argentina del Acero","Mensual","Nacional","PAIS","200","Argentina",2021-05-01,145.2
26,"Industrias Metálicas Básicas, Siderurgia y aluminio",451,"Hierro esponja","Producción","miles de tn","Cámara Argentina del Acero","Mensual","Nacional","PAIS","200","Argentina",2021-06-01,63.1
26,"Industrias Metálicas Básicas, Siderurgia y aluminio",451,"Hierro esponja","Producción","miles de tn","Cámara Argentina del Acero","Mensual","Nacional","PAIS","200","Argentina",2021-07-01,101.8
26,"Industrias Metálicas Básicas, Siderurgia y aluminio",451,"Hierro esponja","Producción","miles de tn","Cámara Argentina del Acero","Mensual","Nacional","PAIS","200","Argentina",2021-08-01,140.1
26,"Industrias Metálicas Básicas, Siderurgia y aluminio",451,"Hierro esponja","Producción","miles de tn","Cámara Argentina del Acero","Mensual","Nacional","PAIS","200","Argentina",2021-09-01,149.4
26,"Industrias Metálicas Básicas, Siderurgia y aluminio",451,"Hierro esponja","Producción","miles de tn","Cámara Argentina del Acero","Mensual","Nacional","PAIS","200","Argentina",2021-10-01,136.8
26,"Industrias Metálicas Básicas, Siderurgia y aluminio",451,"Hierro esponja","Producción","miles de tn","Cámara Argentina del Acero","Mensual","Nacional","PAIS","200","Argentina",2021-11-01,138.5
26,"Industrias Metálicas Básicas, Siderurgia y aluminio",451,"Hierro esponja","Producción","miles de tn","Cámara Argentina del Acero","Mensual","Nacional","PAIS","200","Argentina",2021-12-01,126.7
26,"Industrias Metálicas Básicas, Siderurgia y aluminio",451,"Hierro esponja","Producción","miles de tn","Cámara Argentina del Acero","Mensual","Nacional","PAIS","200","Argentina",2022-01-01,136.6
26,"Industrias Metálicas Básicas, Siderurgia y aluminio",451,"Hierro esponja","Producción","miles de tn","Cámara Argentina del Acero","Mensual","Nacional","PAIS","200","Argentina",2022-02-01,115.6
26,"Industrias Metálicas Básicas, Siderurgia y aluminio",451,"Hierro esponja","Producción","miles de tn","Cámara Argentina del Acero","Mensual","Nacional","PAIS","200","Argentina",2022-03-01,142.9
26,"Industrias Metálicas Básicas, Siderurgia y aluminio",451,"Hierro esponja","Producción","miles de tn","Cámara Argentina del Acero","Mensual","Nacional","PAIS","200","Argentina",2022-04-01,143.2
26,"Industrias Metálicas Básicas, Siderurgia y aluminio",451,"Hierro esponja","Producción","miles de tn","Cámara Argentina del Acero","Mensual","Nacional","PAIS","200","Argentina",2022-05-01,144.5
26,"Industrias Metálicas Básicas, Siderurgia y aluminio",451,"Hierro esponja","Producción","miles de tn","Cámara Argentina del Acero","Mensual","Nacional","PAIS","200","Argentina",2022-06-01,88.1
26,"Industrias Metálicas Básicas, Siderurgia y aluminio",451,"Hierro esponja","Producción","miles de tn","Cámara Argentina del Acero","Mensual","Nacional","PAIS","200","Argentina",2022-07-01,53
26,"Industrias Metálicas Básicas, Siderurgia y aluminio",451,"Hierro esponja","Producción","miles de tn","Cámara Argentina del Acero","Mensual","Nacional","PAIS","200","Argentina",2022-08-01,98.1
26,"Industrias Metálicas Básicas, Siderurgia y aluminio",451,"Hierro esponja","Producción","miles de tn","Cámara Argentina del Acero","Mensual","Nacional","PAIS","200","Argentina",2022-09-01,141.2
26,"Industrias Metálicas Básicas, Siderurgia y aluminio",451,"Hierro esponja","Producción","miles de tn","Cámara Argentina del Acero","Mensual","Nacional","PAIS","200","Argentina",2022-10-01,84.8
26,"Industrias Metálicas Básicas, Siderurgia y aluminio",451,"Hierro esponja","Producción","miles de tn","Cámara Argentina del Acero","Mensual","Nacional","PAIS","200","Argentina",2022-11-01,143.9
26,"Industrias Metálicas Básicas, Siderurgia y aluminio",451,"Hierro esponja","Producción","miles de tn","Cámara Argentina del Acero","Mensual","Nacional","PAIS","200","Argentina",2022-12-01,141.6
26,"Industrias Metálicas Básicas, Siderurgia y aluminio",451,"Hierro esponja","Producción","miles de tn","Cámara Argentina del Acero","Mensual","Nacional","PAIS","200","Argentina",2023-01-01,150.8
26,"Industrias Metálicas Básicas, Siderurgia y aluminio",451,"Hierro esponja","Producción","miles de tn","Cámara Argentina del Acero","Mensual","Nacional","PAIS","200","Argentina",2023-02-01,143.5
26,"Industrias Metálicas Básicas, Siderurgia y aluminio",451,"Hierro esponja","Producción","miles de tn","Cámara Argentina del Acero","Mensual","Nacional","PAIS","200","Argentina",2023-03-01,146.4
26,"Industrias Metálicas Básicas, Siderurgia y aluminio",451,"Hierro esponja","Producción","miles de tn","Cámara Argentina del Acero","Mensual","Nacional","PAIS","200","Argentina",2023-04-01,132.9
26,"Industrias Metálicas Básicas, Siderurgia y aluminio",451,"Hierro esponja","Producción","miles de tn","Cámara Argentina del Acero","Mensual","Nacional","PAIS","200","Argentina",2023-05-01,133.3
26,"Industrias Metálicas Básicas, Siderurgia y aluminio",451,"Hierro esponja","Producción","miles de tn","Cámara Argentina del Acero","Mensual","Nacional","PAIS","200","Argentina",2023-06-01,119.1
26,"Industrias Metálicas Básicas, Siderurgia y aluminio",451,"Hierro esponja","Producción","miles de tn","Cámara Argentina del Acero","Mensual","Nacional","PAIS","200","Argentina",2023-07-01,22.6
26,"Industrias Metálicas Básicas, Siderurgia y aluminio",451,"Hierro esponja","Producción","miles de tn","Cámara Argentina del Acero","Mensual","Nacional","PAIS","200","Argentina",2023-08-01,94.8
26,"Industrias Metálicas Básicas, Siderurgia y aluminio",451,"Hierro esponja","Producción","miles de tn","Cámara Argentina del Acero","Mensual","Nacional","PAIS","200","Argentina",2023-09-01,136.3
26,"Industrias Metálicas Básicas, Siderurgia y aluminio",451,"Hierro esponja","Producción","miles de tn","Cámara Argentina del Acero","Mensual","Nacional","PAIS","200","Argentina",2023-10-01,157.5
26,"Industrias Metálicas Básicas, Siderurgia y aluminio",451,"Hierro esponja","Producción","miles de tn","Cámara Argentina del Acero","Mensual","Nacional","PAIS","200","Argentina",2023-11-01,139.1
26,"Industrias Metálicas Básicas, Siderurgia y aluminio",451,"Hierro esponja","Producción","miles de tn","Cámara Argentina del Acero","Mensual","Nacional","PAIS","200","Argentina",2023-12-01,92
26,"Industrias Metálicas Básicas, Siderurgia y aluminio",451,"Hierro esponja","Producción","miles de tn","Cámara Argentina del Acero","Mensual","Nacional","PAIS","200","Argentina",2024-01-01,124.9
26,"Industrias Metálicas Básicas, Siderurgia y aluminio",451,"Hierro esponja","Producción","miles de tn","Cámara Argentina del Acero","Mensual","Nacional","PAIS","200","Argentina",2024-02-01,116.1
26,"Industrias Metálicas Básicas, Siderurgia y aluminio",451,"Hierro esponja","Producción","miles de tn","Cámara Argentina del Acero","Mensual","Nacional","PAIS","200","Argentina",2024-03-01,64.5
26,"Industrias Metálicas Básicas, Siderurgia y aluminio",451,"Hierro esponja","Producción","miles de tn","Cámara Argentina del Acero","Mensual","Nacional","PAIS","200","Argentina",2024-04-01,116.8
26,"Industrias Metálicas Básicas, Siderurgia y aluminio",451,"Hierro esponja","Producción","miles de tn","Cámara Argentina del Acero","Mensual","Nacional","PAIS","200","Argentina",2024-05-01,120.9
26,"Industrias Metálicas Básicas, Siderurgia y aluminio",451,"Hierro esponja","Producción","miles de tn","Cámara Argentina del Acero","Mensual","Nacional","PAIS","200","Argentina",2024-06-01,95.9
26,"Industrias Metálicas Básicas, Siderurgia y aluminio",451,"Hierro esponja","Producción","miles de tn","Cámara Argentina del Acero","Mensual","Nacional","PAIS","200","Argentina",2024-07-01,0
26,"Industrias Metálicas Básicas, Siderurgia y aluminio",451,"Hierro esponja","Producción","miles de tn","Cámara Argentina del Acero","Mensual","Nacional","PAIS","200","Argentina",2024-08-01,65.5
26,"Industrias Metálicas Básicas, Siderurgia y aluminio",451,"Hierro esponja","Producción","miles de tn","Cámara Argentina del Acero","Mensual","Nacional","PAIS","200","Argentina",2024-09-01,65.2
26,"Industrias Metálicas Básicas, Siderurgia y aluminio",451,"Hierro esponja","Producción","miles de tn","Cámara Argentina del Acero","Mensual","Nacional","PAIS","200","Argentina",2024-10-01,143.1
26,"Industrias Metálicas Básicas, Siderurgia y aluminio",451,"Hierro esponja","Producción","miles de tn","Cámara Argentina del Acero","Mensual","Nacional","PAIS","200","Argentina",2024-11-01,120.4
26,"Industrias Metálicas Básicas, Siderurgia y aluminio",451,"Hierro esponja","Producción","miles de tn","Cámara Argentina del Acero","Mensual","Nacional","PAIS","200","Argentina",2024-12-01,48
26,"Industrias Metálicas Básicas, Siderurgia y aluminio",451,"Hierro esponja","Producción","miles de tn","Cámara Argentina del Acero","Mensual","Nacional","PAIS","200","Argentina",2025-01-01,73.2
26,"Industrias Metálicas Básicas, Siderurgia y aluminio",451,"Hierro esponja","Producción","miles de tn","Cámara Argentina del Acero","Mensual","Nacional","PAIS","200","Argentina",2025-02-01,124
26,"Industrias Metálicas Básicas, Siderurgia y aluminio",451,"Hierro esponja","Producción","miles de tn","Cámara Argentina del Acero","Mensual","Nacional","PAIS","200","Argentina",2025-03-01,86.1
26,"Industrias Metálicas Básicas, Siderurgia y aluminio",451,"Hierro esponja","Producción","miles de tn","Cámara Argentina del Acero","Mensual","Nacional","PAIS","200","Argentina",2025-04-01,96.3
26,"Industrias Metálicas Básicas, Siderurgia y aluminio",451,"Hierro esponja","Producción","miles de tn","Cámara Argentina del Acero","Mensual","Nacional","PAIS","200","Argentina",2025-05-01,47.7
26,"Industrias Metálicas Básicas, Siderurgia y aluminio",451,"Hierro esponja","Producción","miles de tn","Cámara Argentina del Acero","Mensual","Nacional","PAIS","200","Argentina",2025-06-01,8.3
26,"Industrias Metálicas Básicas, Siderurgia y aluminio",451,"Hierro esponja","Producción","miles de tn","Cámara Argentina del Acero","Mensual","Nacional","PAIS","200","Argentina",2025-07-01,0
26,"Industrias Metálicas Básicas, Siderurgia y aluminio",451,"Hierro esponja","Producción","miles de tn","Cámara Argentina del Acero","Mensual","Nacional","PAIS","200","Argentina",2025-08-01,47.1
26,"Industrias Metálicas Básicas, Siderurgia y aluminio",451,"Hierro esponja","Producción","miles de tn","Cámara Argentina del Acero","Mensual","Nacional","PAIS","200","Argentina",2025-09-01,54.7
26,"Industrias Metálicas Básicas, Siderurgia y aluminio",451,"Hierro esponja","Producción","miles de tn","Cámara Argentina del Acero","Mensual","Nacional","PAIS","200","Argentina",2025-10-01,57.1
26,"Industrias Metálicas Básicas, Siderurgia y aluminio",451,"Hierro esponja","Producción","miles de tn","Cámara Argentina del Acero","Mensual","Nacional","PAIS","200","Argentina",2025-11-01,56
26,"Industrias Metálicas Básicas, Siderurgia y aluminio",451,"Hierro esponja","Producción","miles de tn","Cámara Argentina del Acero","Mensual","Nacional","PAIS","200","Argentina",2025-12-01,62
26,"Industrias Metálicas Básicas, Siderurgia y aluminio",451,"Hierro esponja","Producción","miles de tn","Cámara Argentina del Acero","Mensual","Nacional","PAIS","200","Argentina",2026-01-01,65.1
26,"Industrias Metálicas Básicas, Siderurgia y aluminio",451,"Hierro esponja","Producción","miles de tn","Cámara Argentina del Acero","Mensual","Nacional","PAIS","200","Argentina",2026-02-01,127.8
26,"Industrias Metálicas Básicas, Siderurgia y aluminio",451,"Hierro esponja","Producción","miles de tn","Cámara Argentina del Acero","Mensual","Nacional","PAIS","200","Argentina",2026-03-01,139.5
26,"Industrias Metálicas Básicas, Siderurgia y aluminio",451,"Hierro esponja","Producción","miles de tn","Cámara Argentina del Acero","Mensual","Nacional","PAIS","200","Argentina",2026-04-01,117.3
26,"Industrias Metálicas Básicas, Siderurgia y aluminio",451,"Hierro esponja","Producción","miles de tn","Cámara Argentina del Acero","Mensual","Nacional","PAIS","200","Argentina",2026-05-01,72.8
26,"Industrias Metálicas Básicas, Siderurgia y aluminio",451,"Hierro esponja","Producción","miles de tn","Cámara Argentina del Acero","Mensual","Nacional","PAIS","200","Argentina",2026-06-01,8.3
26,"Industrias Metálicas Básicas, Siderurgia y aluminio",452,"Hierro primario","Producción","miles de tn","Cámara Argentina del Acero","Mensual","Nacional","PAIS","200","Argentina",1993-01-01,170.275
26,"Industrias Metálicas Básicas, Siderurgia y aluminio",452,"Hierro primario","Producción","miles de tn","Cámara Argentina del Acero","Mensual","Nacional","PAIS","200","Argentina",1993-02-01,158.979
26,"Industrias Metálicas Básicas, Siderurgia y aluminio",452,"Hierro primario","Producción","miles de tn","Cámara Argentina del Acero","Mensual","Nacional","PAIS","200","Argentina",1993-03-01,188.651
26,"Industrias Metálicas Básicas, Siderurgia y aluminio",452,"Hierro primario","Producción","miles de tn","Cámara Argentina del Acero","Mensual","Nacional","PAIS","200","Argentina",1993-04-01,176.897
26,"Industrias Metálicas Básicas, Siderurgia y aluminio",452,"Hierro primario","Producción","miles de tn","Cámara Argentina del Acero","Mensual","Nacional","PAIS","200","Argentina",1993-05-01,182.676
26,"Industrias Metálicas Básicas, Siderurgia y aluminio",452,"Hierro primario","Producción","miles de tn","Cámara Argentina del Acero","Mensual","Nacional","PAIS","200","Argentina",1993-06-01,146.201
26,"Industrias Metálicas Básicas, Siderurgia y aluminio",452,"Hierro primario","Producción","miles de tn","Cámara Argentina del Acero","Mensual","Nacional","PAIS","200","Argentina",1993-07-01,167.821
26,"Industrias Metálicas Básicas, Siderurgia y aluminio",452,"Hierro primario","Producción","miles de tn","Cámara Argentina del Acero","Mensual","Nacional","PAIS","200","Argentina",1993-08-01,200.278
26,"Industrias Metálicas Básicas, Siderurgia y aluminio",452,"Hierro primario","Producción","miles de tn","Cámara Argentina del Acero","Mensual","Nacional","PAIS","200","Argentina",1993-09-01,186.484
26,"Industrias Metálicas Básicas, Siderurgia y aluminio",452,"Hierro primario","Producción","miles de tn","Cámara Argentina del Acero","Mensual","Nacional","PAIS","200","Argentina",1993-10-01,197.027
26,"Industrias Metálicas Básicas, Siderurgia y aluminio",452,"Hierro primario","Producción","miles de tn","Cámara Argentina del Acero","Mensual","Nacional","PAIS","200","Argentina",1993-11-01,183.393
26,"Industrias Metálicas Básicas, Siderurgia y aluminio",452,"Hierro primario","Producción","miles de tn","Cámara Argentina del Acero","Mensual","Nacional","PAIS","200","Argentina",1993-12-01,177.214
26,"Industrias Metálicas Básicas, Siderurgia y aluminio",452,"Hierro primario","Producción","miles de tn","Cámara Argentina del Acero","Mensual","Nacional","PAIS","200","Argentina",1994-01-01,180.1
26,"Industrias Metálicas Básicas, Siderurgia y aluminio",452,"Hierro primario","Producción","miles de tn","Cámara Argentina del Acero","Mensual","Nacional","PAIS","200","Argentina",1994-02-01,159.9
26,"Industrias Metálicas Básicas, Siderurgia y aluminio",452,"Hierro primario","Producción","miles de tn","Cámara Argentina del Acero","Mensual","Nacional","PAIS","200","Argentina",1994-03-01,208.3
26,"Industrias Metálicas Básicas, Siderurgia y aluminio",452,"Hierro primario","Producción","miles de tn","Cámara Argentina del Acero","Mensual","Nacional","PAIS","200","Argentina",1994-04-01,220.8
26,"Industrias Metálicas Básicas, Siderurgia y aluminio",452,"Hierro primario","Producción","miles de tn","Cámara Argentina del Acero","Mensual","Nacional","PAIS","200","Argentina",1994-05-01,207.7
26,"Industrias Metálicas Básicas, Siderurgia y aluminio",452,"Hierro primario","Producción","miles de tn","Cámara Argentina del Acero","Mensual","Nacional","PAIS","200","Argentina",1994-06-01,189.5
26,"Industrias Metálicas Básicas, Siderurgia y aluminio",452,"Hierro primario","Producción","miles de tn","Cámara Argentina del Acero","Mensual","Nacional","PAIS","200","Argentina",1994-07-01,219.9
26,"Industrias Metálicas Básicas, Siderurgia y aluminio",452,"Hierro primario","Producción","miles de tn","Cámara Argentina del Acero","Mensual","Nacional","PAIS","200","Argentina",1994-08-01,240.5
26,"Industrias Metálicas Básicas, Siderurgia y aluminio",452,"Hierro primario","Producción","miles de tn","Cámara Argentina del Acero","Mensual","Nacional","PAIS","200","Argentina",1994-09-01,245.3
26,"Industrias Metálicas Básicas, Siderurgia y aluminio",452,"Hierro primario","Producción","miles de tn","Cámara Argentina del Acero","Mensual","Nacional","PAIS","200","Argentina",1994-10-01,265.5
26,"Industrias Metálicas Básicas, Siderurgia y aluminio",452,"Hierro primario","Producción","miles de tn","Cámara Argentina del Acero","Mensual","Nacional","PAIS","200","Argentina",1994-11-01,264.5
26,"Industrias Metálicas Básicas, Siderurgia y aluminio",452,"Hierro primario","Producción","miles de tn","Cámara Argentina del Acero","Mensual","Nacional","PAIS","200","Argentina",1994-12-01,256.3
26,"Industrias Metálicas Básicas, Siderurgia y aluminio",452,"Hierro primario","Producción","miles de tn","Cámara Argentina del Acero","Mensual","Nacional","PAIS","200","Argentina",1995-01-01,243.207
26,"Industrias Metálicas Básicas, Siderurgia y aluminio",452,"Hierro primario","Producción","miles de tn","Cámara Argentina del Acero","Mensual","Nacional","PAIS","200","Argentina",1995-02-01,203.979
26,"Industrias Metálicas Básicas, Siderurgia y aluminio",452,"Hierro primario","Producción","miles de tn","Cámara Argentina del Acero","Mensual","Nacional","PAIS","200","Argentina",1995-03-01,233.257
26,"Industrias Metálicas Básicas, Siderurgia y aluminio",452,"Hierro primario","Producción","miles de tn","Cámara Argentina del Acero","Mensual","Nacional","PAIS","200","Argentina",1995-04-01,231.545
26,"Industrias Metálicas Básicas, Siderurgia y aluminio",452,"Hierro primario","Producción","miles de tn","Cámara Argentina del Acero","Mensual","Nacional","PAIS","200","Argentina",1995-05-01,252.202
26,"Industrias Metálicas Básicas, Siderurgia y aluminio",452,"Hierro primario","Producción","miles de tn","Cámara Argentina del Acero","Mensual","Nacional","PAIS","200","Argentina",1995-06-01,238.825
26,"Industrias Metálicas Básicas, Siderurgia y aluminio",452,"Hierro primario","Producción","miles de tn","Cámara Argentina del Acero","Mensual","Nacional","PAIS","200","Argentina",1995-07-01,259.962
26,"Industrias Metálicas Básicas, Siderurgia y aluminio",452,"Hierro primario","Producción","miles de tn","Cámara Argentina del Acero","Mensual","Nacional","PAIS","200","Argentina",1995-08-01,245.039
26,"Industrias Metálicas Básicas, Siderurgia y aluminio",452,"Hierro primario","Producción","miles de tn","Cámara Argentina del Acero","Mensual","Nacional","PAIS","200","Argentina",1995-09-01,262.02
26,"Industrias Metálicas Básicas, Siderurgia y aluminio",452,"Hierro primario","Producción","miles de tn","Cámara Argentina del Acero","Mensual","Nacional","PAIS","200","Argentina",1995-10-01,250.46
26,"Industrias Metálicas Básicas, Siderurgia y aluminio",452,"Hierro primario","Producción","miles de tn","Cámara Argentina del Acero","Mensual","Nacional","PAIS","200","Argentina",1995-11-01,260.435
26,"Industrias Metálicas Básicas, Siderurgia y aluminio",452,"Hierro primario","Producción","miles de tn","Cámara Argentina del Acero","Mensual","Nacional","PAIS","200","Argentina",1995-12-01,215.127
26,"Industrias Metálicas Básicas, Siderurgia y aluminio",452,"Hierro primario","Producción","miles de tn","Cámara Argentina del Acero","Mensual","Nacional","PAIS","200","Argentina",1996-01-01,228.3
26,"Industrias Metálicas Básicas, Siderurgia y aluminio",452,"Hierro primario","Producción","miles de tn","Cámara Argentina del Acero","Mensual","Nacional","PAIS","200","Argentina",1996-02-01,261.6
26,"Industrias Metálicas Básicas, Siderurgia y aluminio",452,"Hierro primario","Producción","miles de tn","Cámara Argentina del Acero","Mensual","Nacional","PAIS","200","Argentina",1996-03-01,283.3
26,"Industrias Metálicas Básicas, Siderurgia y aluminio",452,"Hierro primario","Producción","miles de tn","Cámara Argentina del Acero","Mensual","Nacional","PAIS","200","Argentina",1996-04-01,280.1
26,"Industrias Metálicas Básicas, Siderurgia y aluminio",452,"Hierro primario","Producción","miles de tn","Cámara Argentina del Acero","Mensual","Nacional","PAIS","200","Argentina",1996-05-01,277.3
26,"Industrias Metálicas Básicas, Siderurgia y aluminio",452,"Hierro primario","Producción","miles de tn","Cámara Argentina del Acero","Mensual","Nacional","PAIS","200","Argentina",1996-06-01,297.3
26,"Industrias Metálicas Básicas, Siderurgia y aluminio",452,"Hierro primario","Producción","miles de tn","Cámara Argentina del Acero","Mensual","Nacional","PAIS","200","Argentina",1996-07-01,297.7
26,"Industrias Metálicas Básicas, Siderurgia y aluminio",452,"Hierro primario","Producción","miles de tn","Cámara Argentina del Acero","Mensual","Nacional","PAIS","200","Argentina",1996-08-01,290
26,"Industrias Metálicas Básicas, Siderurgia y aluminio",452,"Hierro primario","Producción","miles de tn","Cámara Argentina del Acero","Mensual","Nacional","PAIS","200","Argentina",1996-09-01,286.5
26,"Industrias Metálicas Básicas, Siderurgia y aluminio",452,"Hierro primario","Producción","miles de tn","Cámara Argentina del Acero","Mensual","Nacional","PAIS","200","Argentina",1996-10-01,304.8
26,"Industrias Metálicas Básicas, Siderurgia y aluminio",452,"Hierro primario","Producción","miles de tn","Cámara Argentina del Acero","Mensual","Nacional","PAIS","200","Argentina",1996-11-01,294.8
26,"Industrias Metálicas Básicas, Siderurgia y aluminio",452,"Hierro primario","Producción","miles de tn","Cámara Argentina del Acero","Mensual","Nacional","PAIS","200","Argentina",1996-12-01,285.1
26,"Industrias Metálicas Básicas, Siderurgia y aluminio",452,"Hierro primario","Producción","miles de tn","Cámara Argentina del Acero","Mensual","Nacional","PAIS","200","Argentina",1997-01-01,255.947
26,"Industrias Metálicas Básicas, Siderurgia y aluminio",452,"Hierro primario","Producción","miles de tn","Cámara Argentina del Acero","Mensual","Nacional","PAIS","200","Argentina",1997-02-01,276.238
26,"Industrias Metálicas Básicas, Siderurgia y aluminio",452,"Hierro primario","Producción","miles de tn","Cámara Argentina del Acero","Mensual","Nacional","PAIS","200","Argentina",1997-03-01,300.389
26,"Industrias Metálicas Básicas, Siderurgia y aluminio",452,"Hierro primario","Producción","miles de tn","Cámara Argentina del Acero","Mensual","Nacional","PAIS","200","Argentina",1997-04-01,294.389
26,"Industrias Metálicas Básicas, Siderurgia y aluminio",452,"Hierro primario","Producción","miles de tn","Cámara Argentina del Acero","Mensual","Nacional","PAIS","200","Argentina",1997-05-01,297.443
26,"Industrias Metálicas Básicas, Siderurgia y aluminio",452,"Hierro primario","Producción","miles de tn","Cámara Argentina del Acero","Mensual","Nacional","PAIS","200","Argentina",1997-06-01,288.037
26,"Industrias Metálicas Básicas, Siderurgia y aluminio",452,"Hierro primario","Producción","miles de tn","Cámara Argentina del Acero","Mensual","Nacional","PAIS","200","Argentina",1997-07-01,299.91
26,"Industrias Metálicas Básicas, Siderurgia y aluminio",452,"Hierro primario","Producción","miles de tn","Cámara Argentina del Acero","Mensual","Nacional","PAIS","200","Argentina",1997-08-01,256.558
26,"Industrias Metálicas Básicas, Siderurgia y aluminio",452,"Hierro primario","Producción","miles de tn","Cámara Argentina del Acero","Mensual","Nacional","PAIS","200","Argentina",1997-09-01,315.144
26,"Industrias Metálicas Básicas, Siderurgia y aluminio",452,"Hierro primario","Producción","miles de tn","Cámara Argentina del Acero","Mensual","Nacional","PAIS","200","Argentina",1997-10-01,338.962
26,"Industrias Metálicas Básicas, Siderurgia y aluminio",452,"Hierro primario","Producción","miles de tn","Cámara Argentina del Acero","Mensual","Nacional","PAIS","200","Argentina",1997-11-01,321.445
26,"Industrias Metálicas Básicas, Siderurgia y aluminio",452,"Hierro primario","Producción","miles de tn","Cámara Argentina del Acero","Mensual","Nacional","PAIS","200","Argentina",1997-12-01,331.425
26,"Industrias Metálicas Básicas, Siderurgia y aluminio",452,"Hierro primario","Producción","miles de tn","Cámara Argentina del Acero","Mensual","Nacional","PAIS","200","Argentina",1998-01-01,292.676
26,"Industrias Metálicas Básicas, Siderurgia y aluminio",452,"Hierro primario","Producción","miles de tn","Cámara Argentina del Acero","Mensual","Nacional","PAIS","200","Argentina",1998-02-01,308.433
26,"Industrias Metálicas Básicas, Siderurgia y aluminio",452,"Hierro primario","Producción","miles de tn","Cámara Argentina del Acero","Mensual","Nacional","PAIS","200","Argentina",1998-03-01,334.75
26,"Industrias Metálicas Básicas, Siderurgia y aluminio",452,"Hierro primario","Producción","miles de tn","Cámara Argentina del Acero","Mensual","Nacional","PAIS","200","Argentina",1998-04-01,315.426
26,"Industrias Metálicas Básicas, Siderurgia y aluminio",452,"Hierro primario","Producción","miles de tn","Cámara Argentina del Acero","Mensual","Nacional","PAIS","200","Argentina",1998-05-01,338.714
26,"Industrias Metálicas Básicas, Siderurgia y aluminio",452,"Hierro primario","Producción","miles de tn","Cámara Argentina del Acero","Mensual","Nacional","PAIS","200","Argentina",1998-06-01,330.837
26,"Industrias Metálicas Básicas, Siderurgia y aluminio",452,"Hierro primario","Producción","miles de tn","Cámara Argentina del Acero","Mensual","Nacional","PAIS","200","Argentina",1998-07-01,310.065
26,"Industrias Metálicas Básicas, Siderurgia y aluminio",452,"Hierro primario","Producción","miles de tn","Cámara Argentina del Acero","Mensual","Nacional","PAIS","200","Argentina",1998-08-01,306.416
26,"Industrias Metálicas Básicas, Siderurgia y aluminio",452,"Hierro primario","Producción","miles de tn","Cámara Argentina del Acero","Mensual","Nacional","PAIS","200","Argentina",1998-09-01,299.133
26,"Industrias Metálicas Básicas, Siderurgia y aluminio",452,"Hierro primario","Producción","miles de tn","Cámara Argentina del Acero","Mensual","Nacional","PAIS","200","Argentina",1998-10-01,290.14
26,"Industrias Metálicas Básicas, Siderurgia y aluminio",452,"Hierro primario","Producción","miles de tn","Cámara Argentina del Acero","Mensual","Nacional","PAIS","200","Argentina",1998-11-01,286.137
26,"Industrias Metálicas Básicas, Siderurgia y aluminio",452,"Hierro primario","Producción","miles de tn","Cámara Argentina del Acero","Mensual","Nacional","PAIS","200","Argentina",1998-12-01,247.017
26,"Industrias Metálicas Básicas, Siderurgia y aluminio",452,"Hierro primario","Producción","miles de tn","Cámara Argentina del Acero","Mensual","Nacional","PAIS","200","Argentina",1999-01-01,205.13
26,"Industrias Metálicas Básicas, Siderurgia y aluminio",452,"Hierro primario","Producción","miles de tn","Cámara Argentina del Acero","Mensual","Nacional","PAIS","200","Argentina",1999-02-01,313.409
26,"Industrias Metálicas Básicas, Siderurgia y aluminio",452,"Hierro primario","Producción","miles de tn","Cámara Argentina del Acero","Mensual","Nacional","PAIS","200","Argentina",1999-03-01,195.692
26,"Industrias Metálicas Básicas, Siderurgia y aluminio",452,"Hierro primario","Producción","miles de tn","Cámara Argentina del Acero","Mensual","Nacional","PAIS","200","Argentina",1999-04-01,243.192
26,"Industrias Metálicas Básicas, Siderurgia y aluminio",452,"Hierro primario","Producción","miles de tn","Cámara Argentina del Acero","Mensual","Nacional","PAIS","200","Argentina",1999-05-01,260.319
26,"Industrias Metálicas Básicas, Siderurgia y aluminio",452,"Hierro primario","Producción","miles de tn","Cámara Argentina del Acero","Mensual","Nacional","PAIS","200","Argentina",1999-06-01,230.265
26,"Industrias Metálicas Básicas, Siderurgia y aluminio",452,"Hierro primario","Producción","miles de tn","Cámara Argentina del Acero","Mensual","Nacional","PAIS","200","Argentina",1999-07-01,272.731
26,"Industrias Metálicas Básicas, Siderurgia y aluminio",452,"Hierro primario","Producción","miles de tn","Cámara Argentina del Acero","Mensual","Nacional","PAIS","200","Argentina",1999-08-01,282.172
26,"Industrias Metálicas Básicas, Siderurgia y aluminio",452,"Hierro primario","Producción","miles de tn","Cámara Argentina del Acero","Mensual","Nacional","PAIS","200","Argentina",1999-09-01,276.319
26,"Industrias Metálicas Básicas, Siderurgia y aluminio",452,"Hierro primario","Producción","miles de tn","Cámara Argentina del Acero","Mensual","Nacional","PAIS","200","Argentina",1999-10-01,287.395
26,"Industrias Metálicas Básicas, Siderurgia y aluminio",452,"Hierro primario","Producción","miles de tn","Cámara Argentina del Acero","Mensual","Nacional","PAIS","200","Argentina",1999-11-01,290.732
26,"Industrias Metálicas Básicas, Siderurgia y aluminio",452,"Hierro primario","Producción","miles de tn","Cámara Argentina del Acero","Mensual","Nacional","PAIS","200","Argentina",1999-12-01,274.403
26,"Industrias Metálicas Básicas, Siderurgia y aluminio",452,"Hierro primario","Producción","miles de tn","Cámara Argentina del Acero","Mensual","Nacional","PAIS","200","Argentina",2000-01-01,262.884
26,"Industrias Metálicas Básicas, Siderurgia y aluminio",452,"Hierro primario","Producción","miles de tn","Cámara Argentina del Acero","Mensual","Nacional","PAIS","200","Argentina",2000-02-01,258.673
26,"Industrias Metálicas Básicas, Siderurgia y aluminio",452,"Hierro primario","Producción","miles de tn","Cámara Argentina del Acero","Mensual","Nacional","PAIS","200","Argentina",2000-03-01,337.994
26,"Industrias Metálicas Básicas, Siderurgia y aluminio",452,"Hierro primario","Producción","miles de tn","Cámara Argentina del Acero","Mensual","Nacional","PAIS","200","Argentina",2000-04-01,321.181
26,"Industrias Metálicas Básicas, Siderurgia y aluminio",452,"Hierro primario","Producción","miles de tn","Cámara Argentina del Acero","Mensual","Nacional","PAIS","200","Argentina",2000-05-01,303.314
26,"Industrias Metálicas Básicas, Siderurgia y aluminio",452,"Hierro primario","Producción","miles de tn","Cámara Argentina del Acero","Mensual","Nacional","PAIS","200","Argentina",2000-06-01,285.463
26,"Industrias Metálicas Básicas, Siderurgia y aluminio",452,"Hierro primario","Producción","miles de tn","Cámara Argentina del Acero","Mensual","Nacional","PAIS","200","Argentina",2000-07-01,282.919
26,"Industrias Metálicas Básicas, Siderurgia y aluminio",452,"Hierro primario","Producción","miles de tn","Cámara Argentina del Acero","Mensual","Nacional","PAIS","200","Argentina",2000-08-01,306.383
26,"Industrias Metálicas Básicas, Siderurgia y aluminio",452,"Hierro primario","Producción","miles de tn","Cámara Argentina del Acero","Mensual","Nacional","PAIS","200","Argentina",2000-09-01,310.818
26,"Industrias Metálicas Básicas, Siderurgia y aluminio",452,"Hierro primario","Producción","miles de tn","Cámara Argentina del Acero","Mensual","Nacional","PAIS","200","Argentina",2000-10-01,321.864
26,"Industrias Metálicas Básicas, Siderurgia y aluminio",452,"Hierro primario","Producción","miles de tn","Cámara Argentina del Acero","Mensual","Nacional","PAIS","200","Argentina",2000-11-01,311.056
26,"Industrias Metálicas Básicas, Siderurgia y aluminio",452,"Hierro primario","Producción","miles de tn","Cámara Argentina del Acero","Mensual","Nacional","PAIS","200","Argentina",2000-12-01,303.1
26,"Industrias Metálicas Básicas, Siderurgia y aluminio",452,"Hierro primario","Producción","miles de tn","Cámara Argentina del Acero","Mensual","Nacional","PAIS","200","Argentina",2001-01-01,288.059
26,"Industrias Metálicas Básicas, Siderurgia y aluminio",452,"Hierro primario","Producción","miles de tn","Cámara Argentina del Acero","Mensual","Nacional","PAIS","200","Argentina",2001-02-01,250.876
26,"Industrias Metálicas Básicas, Siderurgia y aluminio",452,"Hierro primario","Producción","miles de tn","Cámara Argentina del Acero","Mensual","Nacional","PAIS","200","Argentina",2001-03-01,311.23
26,"Industrias Metálicas Básicas, Siderurgia y aluminio",452,"Hierro primario","Producción","miles de tn","Cámara Argentina del Acero","Mensual","Nacional","PAIS","200","Argentina",2001-04-01,305.216
26,"Industrias Metálicas Básicas, Siderurgia y aluminio",452,"Hierro primario","Producción","miles de tn","Cámara Argentina del Acero","Mensual","Nacional","PAIS","200","Argentina",2001-05-01,327.256
26,"Industrias Metálicas Básicas, Siderurgia y aluminio",452,"Hierro primario","Producción","miles de tn","Cámara Argentina del Acero","Mensual","Nacional","PAIS","200","Argentina",2001-06-01,305.455
26,"Industrias Metálicas Básicas, Siderurgia y aluminio",452,"Hierro primario","Producción","miles de tn","Cámara Argentina del Acero","Mensual","Nacional","PAIS","200","Argentina",2001-07-01,272.741
26,"Industrias Metálicas Básicas, Siderurgia y aluminio",452,"Hierro primario","Producción","miles de tn","Cámara Argentina del Acero","Mensual","Nacional","PAIS","200","Argentina",2001-08-01,217.808
26,"Industrias Metálicas Básicas, Siderurgia y aluminio",452,"Hierro primario","Producción","miles de tn","Cámara Argentina del Acero","Mensual","Nacional","PAIS","200","Argentina",2001-09-01,197.688
26,"Industrias Metálicas Básicas, Siderurgia y aluminio",452,"Hierro primario","Producción","miles de tn","Cámara Argentina del Acero","Mensual","Nacional","PAIS","200","Argentina",2001-10-01,245.839
26,"Industrias Metálicas Básicas, Siderurgia y aluminio",452,"Hierro primario","Producción","miles de tn","Cámara Argentina del Acero","Mensual","Nacional","PAIS","200","Argentina",2001-11-01,244.42
26,"Industrias Metálicas Básicas, Siderurgia y aluminio",452,"Hierro primario","Producción","miles de tn","Cámara Argentina del Acero","Mensual","Nacional","PAIS","200","Argentina",2001-12-01,229.56
26,"Industrias Metálicas Básicas, Siderurgia y aluminio",452,"Hierro primario","Producción","miles de tn","Cámara Argentina del Acero","Mensual","Nacional","PAIS","200","Argentina",2002-01-01,212.295
26,"Industrias Metálicas Básicas, Siderurgia y aluminio",452,"Hierro primario","Producción","miles de tn","Cámara Argentina del Acero","Mensual","Nacional","PAIS","200","Argentina",2002-02-01,243.298
26,"Industrias Metálicas Básicas, Siderurgia y aluminio",452,"Hierro primario","Producción","miles de tn","Cámara Argentina del Acero","Mensual","Nacional","PAIS","200","Argentina",2002-03-01,291.786
26,"Industrias Metálicas Básicas, Siderurgia y aluminio",452,"Hierro primario","Producción","miles de tn","Cámara Argentina del Acero","Mensual","Nacional","PAIS","200","Argentina",2002-04-01,328.968
26,"Industrias Metálicas Básicas, Siderurgia y aluminio",452,"Hierro primario","Producción","miles de tn","Cámara Argentina del Acero","Mensual","Nacional","PAIS","200","Argentina",2002-05-01,320.679
26,"Industrias Metálicas Básicas, Siderurgia y aluminio",452,"Hierro primario","Producción","miles de tn","Cámara Argentina del Acero","Mensual","Nacional","PAIS","200","Argentina",2002-06-01,319.417
26,"Industrias Metálicas Básicas, Siderurgia y aluminio",452,"Hierro primario","Producción","miles de tn","Cámara Argentina del Acero","Mensual","Nacional","PAIS","200","Argentina",2002-07-01,312.535
26,"Industrias Metálicas Básicas, Siderurgia y aluminio",452,"Hierro primario","Producción","miles de tn","Cámara Argentina del Acero","Mensual","Nacional","PAIS","200","Argentina",2002-08-01,291.781
26,"Industrias Metálicas Básicas, Siderurgia y aluminio",452,"Hierro primario","Producción","miles de tn","Cámara Argentina del Acero","Mensual","Nacional","PAIS","200","Argentina",2002-09-01,321.487
26,"Industrias Metálicas Básicas, Siderurgia y aluminio",452,"Hierro primario","Producción","miles de tn","Cámara Argentina del Acero","Mensual","Nacional","PAIS","200","Argentina",2002-10-01,343.109
26,"Industrias Metálicas Básicas, Siderurgia y aluminio",452,"Hierro primario","Producción","miles de tn","Cámara Argentina del Acero","Mensual","Nacional","PAIS","200","Argentina",2002-11-01,316.045
26,"Industrias Metálicas Básicas, Siderurgia y aluminio",452,"Hierro primario","Producción","miles de tn","Cámara Argentina del Acero","Mensual","Nacional","PAIS","200","Argentina",2002-12-01,348.041
26,"Industrias Metálicas Básicas, Siderurgia y aluminio",452,"Hierro primario","Producción","miles de tn","Cámara Argentina del Acero","Mensual","Nacional","PAIS","200","Argentina",2003-01-01,334.744
26,"Industrias Metálicas Básicas, Siderurgia y aluminio",452,"Hierro primario","Producción","miles de tn","Cámara Argentina del Acero","Mensual","Nacional","PAIS","200","Argentina",2003-02-01,324.958
26,"Industrias Metálicas Básicas, Siderurgia y aluminio",452,"Hierro primario","Producción","miles de tn","Cámara Argentina del Acero","Mensual","Nacional","PAIS","200","Argentina",2003-03-01,366.972
26,"Industrias Metálicas Básicas, Siderurgia y aluminio",452,"Hierro primario","Producción","miles de tn","Cámara Argentina del Acero","Mensual","Nacional","PAIS","200","Argentina",2003-04-01,365.489
26,"Industrias Metálicas Básicas, Siderurgia y aluminio",452,"Hierro primario","Producción","miles de tn","Cámara Argentina del Acero","Mensual","Nacional","PAIS","200","Argentina",2003-05-01,367.322
26,"Industrias Metálicas Básicas, Siderurgia y aluminio",452,"Hierro primario","Producción","miles de tn","Cámara Argentina del Acero","Mensual","Nacional","PAIS","200","Argentina",2003-06-01,351.413
26,"Industrias Metálicas Básicas, Siderurgia y aluminio",452,"Hierro primario","Producción","miles de tn","Cámara Argentina del Acero","Mensual","Nacional","PAIS","200","Argentina",2003-07-01,277.032
26,"Industrias Metálicas Básicas, Siderurgia y aluminio",452,"Hierro primario","Producción","miles de tn","Cámara Argentina del Acero","Mensual","Nacional","PAIS","200","Argentina",2003-08-01,341.23
26,"Industrias Metálicas Básicas, Siderurgia y aluminio",452,"Hierro primario","Producción","miles de tn","Cámara Argentina del Acero","Mensual","Nacional","PAIS","200","Argentina",2003-09-01,348.127
26,"Industrias Metálicas Básicas, Siderurgia y aluminio",452,"Hierro primario","Producción","miles de tn","Cámara Argentina del Acero","Mensual","Nacional","PAIS","200","Argentina",2003-10-01,366.994
26,"Industrias Metálicas Básicas, Siderurgia y aluminio",452,"Hierro primario","Producción","miles de tn","Cámara Argentina del Acero","Mensual","Nacional","PAIS","200","Argentina",2003-11-01,339.984
26,"Industrias Metálicas Básicas, Siderurgia y aluminio",452,"Hierro primario","Producción","miles de tn","Cámara Argentina del Acero","Mensual","Nacional","PAIS","200","Argentina",2003-12-01,356.237
26,"Industrias Metálicas Básicas, Siderurgia y aluminio",452,"Hierro primario","Producción","miles de tn","Cámara Argentina del Acero","Mensual","Nacional","PAIS","200","Argentina",2004-01-01,350.348
26,"Industrias Metálicas Básicas, Siderurgia y aluminio",452,"Hierro primario","Producción","miles de tn","Cámara Argentina del Acero","Mensual","Nacional","PAIS","200","Argentina",2004-02-01,335.56
26,"Industrias Metálicas Básicas, Siderurgia y aluminio",452,"Hierro primario","Producción","miles de tn","Cámara Argentina del Acero","Mensual","Nacional","PAIS","200","Argentina",2004-03-01,341.799
26,"Industrias Metálicas Básicas, Siderurgia y aluminio",452,"Hierro primario","Producción","miles de tn","Cámara Argentina del Acero","Mensual","Nacional","PAIS","200","Argentina",2004-04-01,322.326
26,"Industrias Metálicas Básicas, Siderurgia y aluminio",452,"Hierro primario","Producción","miles de tn","Cámara Argentina del Acero","Mensual","Nacional","PAIS","200","Argentina",2004-05-01,343.872
26,"Industrias Metálicas Básicas, Siderurgia y aluminio",452,"Hierro primario","Producción","miles de tn","Cámara Argentina del Acero","Mensual","Nacional","PAIS","200","Argentina",2004-06-01,330.833
26,"Industrias Metálicas Básicas, Siderurgia y aluminio",452,"Hierro primario","Producción","miles de tn","Cámara Argentina del Acero","Mensual","Nacional","PAIS","200","Argentina",2004-07-01,321.5
26,"Industrias Metálicas Básicas, Siderurgia y aluminio",452,"Hierro primario","Producción","miles de tn","Cámara Argentina del Acero","Mensual","Nacional","PAIS","200","Argentina",2004-08-01,243.8
26,"Industrias Metálicas Básicas, Siderurgia y aluminio",452,"Hierro primario","Producción","miles de tn","Cámara Argentina del Acero","Mensual","Nacional","PAIS","200","Argentina",2004-09-01,358.3
26,"Industrias Metálicas Básicas, Siderurgia y aluminio",452,"Hierro primario","Producción","miles de tn","Cámara Argentina del Acero","Mensual","Nacional","PAIS","200","Argentina",2004-10-01,403.8
26,"Industrias Metálicas Básicas, Siderurgia y aluminio",452,"Hierro primario","Producción","miles de tn","Cámara Argentina del Acero","Mensual","Nacional","PAIS","200","Argentina",2004-11-01,400.1
26,"Industrias Metálicas Básicas, Siderurgia y aluminio",452,"Hierro primario","Producción","miles de tn","Cámara Argentina del Acero","Mensual","Nacional","PAIS","200","Argentina",2004-12-01,395.235
26,"Industrias Metálicas Básicas, Siderurgia y aluminio",452,"Hierro primario","Producción","miles de tn","Cámara Argentina del Acero","Mensual","Nacional","PAIS","200","Argentina",2005-01-01,361.3
26,"Industrias Metálicas Básicas, Siderurgia y aluminio",452,"Hierro primario","Producción","miles de tn","Cámara Argentina del Acero","Mensual","Nacional","PAIS","200","Argentina",2005-02-01,339.3
26,"Industrias Metálicas Básicas, Siderurgia y aluminio",452,"Hierro primario","Producción","miles de tn","Cámara Argentina del Acero","Mensual","Nacional","PAIS","200","Argentina",2005-03-01,386
26,"Industrias Metálicas Básicas, Siderurgia y aluminio",452,"Hierro primario","Producción","miles de tn","Cámara Argentina del Acero","Mensual","Nacional","PAIS","200","Argentina",2005-04-01,386.2
26,"Industrias Metálicas Básicas, Siderurgia y aluminio",452,"Hierro primario","Producción","miles de tn","Cámara Argentina del Acero","Mensual","Nacional","PAIS","200","Argentina",2005-05-01,377.5
26,"Industrias Metálicas Básicas, Siderurgia y aluminio",452,"Hierro primario","Producción","miles de tn","Cámara Argentina del Acero","Mensual","Nacional","PAIS","200","Argentina",2005-06-01,365.3
26,"Industrias Metálicas Básicas, Siderurgia y aluminio",452,"Hierro primario","Producción","miles de tn","Cámara Argentina del Acero","Mensual","Nacional","PAIS","200","Argentina",2005-07-01,318.5
26,"Industrias Metálicas Básicas, Siderurgia y aluminio",452,"Hierro primario","Producción","miles de tn","Cámara Argentina del Acero","Mensual","Nacional","PAIS","200","Argentina",2005-08-01,400
26,"Industrias Metálicas Básicas, Siderurgia y aluminio",452,"Hierro primario","Producción","miles de tn","Cámara Argentina del Acero","Mensual","Nacional","PAIS","200","Argentina",2005-09-01,361.5
26,"Industrias Metálicas Básicas, Siderurgia y aluminio",452,"Hierro primario","Producción","miles de tn","Cámara Argentina del Acero","Mensual","Nacional","PAIS","200","Argentina",2005-10-01,368.5
26,"Industrias Metálicas Básicas, Siderurgia y aluminio",452,"Hierro primario","Producción","miles de tn","Cámara Argentina del Acero","Mensual","Nacional","PAIS","200","Argentina",2005-11-01,385.9
26,"Industrias Metálicas Básicas, Siderurgia y aluminio",452,"Hierro primario","Producción","miles de tn","Cámara Argentina del Acero","Mensual","Nacional","PAIS","200","Argentina",2005-12-01,416.544
26,"Industrias Metálicas Básicas, Siderurgia y aluminio",452,"Hierro primario","Producción","miles de tn","Cámara Argentina del Acero","Mensual","Nacional","PAIS","200","Argentina",2006-01-01,412.7
26,"Industrias Metálicas Básicas, Siderurgia y aluminio",452,"Hierro primario","Producción","miles de tn","Cámara Argentina del Acero","Mensual","Nacional","PAIS","200","Argentina",2006-02-01,357.7
26,"Industrias Metálicas Básicas, Siderurgia y aluminio",452,"Hierro primario","Producción","miles de tn","Cámara Argentina del Acero","Mensual","Nacional","PAIS","200","Argentina",2006-03-01,415.5
26,"Industrias Metálicas Básicas, Siderurgia y aluminio",452,"Hierro primario","Producción","miles de tn","Cámara Argentina del Acero","Mensual","Nacional","PAIS","200","Argentina",2006-04-01,403.2
26,"Industrias Metálicas Básicas, Siderurgia y aluminio",452,"Hierro primario","Producción","miles de tn","Cámara Argentina del Acero","Mensual","Nacional","PAIS","200","Argentina",2006-05-01,412.3
26,"Industrias Metálicas Básicas, Siderurgia y aluminio",452,"Hierro primario","Producción","miles de tn","Cámara Argentina del Acero","Mensual","Nacional","PAIS","200","Argentina",2006-06-01,392.7
26,"Industrias Metálicas Básicas, Siderurgia y aluminio",452,"Hierro primario","Producción","miles de tn","Cámara Argentina del Acero","Mensual","Nacional","PAIS","200","Argentina",2006-07-01,349.9
26,"Industrias Metálicas Básicas, Siderurgia y aluminio",452,"Hierro primario","Producción","miles de tn","Cámara Argentina del Acero","Mensual","Nacional","PAIS","200","Argentina",2006-08-01,292.6
26,"Industrias Metálicas Básicas, Siderurgia y aluminio",452,"Hierro primario","Producción","miles de tn","Cámara Argentina del Acero","Mensual","Nacional","PAIS","200","Argentina",2006-09-01,376.5
26,"Industrias Metálicas Básicas, Siderurgia y aluminio",452,"Hierro primario","Producción","miles de tn","Cámara Argentina del Acero","Mensual","Nacional","PAIS","200","Argentina",2006-10-01,438.9
26,"Industrias Metálicas Básicas, Siderurgia y aluminio",452,"Hierro primario","Producción","miles de tn","Cámara Argentina del Acero","Mensual","Nacional","PAIS","200","Argentina",2006-11-01,284.4
26,"Industrias Metálicas Básicas, Siderurgia y aluminio",452,"Hierro primario","Producción","miles de tn","Cámara Argentina del Acero","Mensual","Nacional","PAIS","200","Argentina",2006-12-01,291.054
26,"Industrias Metálicas Básicas, Siderurgia y aluminio",452,"Hierro primario","Producción","miles de tn","Cámara Argentina del Acero","Mensual","Nacional","PAIS","200","Argentina",2007-01-01,311.981
26,"Industrias Metálicas Básicas, Siderurgia y aluminio",452,"Hierro primario","Producción","miles de tn","Cámara Argentina del Acero","Mensual","Nacional","PAIS","200","Argentina",2007-02-01,352.496
26,"Industrias Metálicas Básicas, Siderurgia y aluminio",452,"Hierro primario","Producción","miles de tn","Cámara Argentina del Acero","Mensual","Nacional","PAIS","200","Argentina",2007-03-01,396.409
26,"Industrias Metálicas Básicas, Siderurgia y aluminio",452,"Hierro primario","Producción","miles de tn","Cámara Argentina del Acero","Mensual","Nacional","PAIS","200","Argentina",2007-04-01,393.262
26,"Industrias Metálicas Básicas, Siderurgia y aluminio",452,"Hierro primario","Producción","miles de tn","Cámara Argentina del Acero","Mensual","Nacional","PAIS","200","Argentina",2007-05-01,372.005
26,"Industrias Metálicas Básicas, Siderurgia y aluminio",452,"Hierro primario","Producción","miles de tn","Cámara Argentina del Acero","Mensual","Nacional","PAIS","200","Argentina",2007-06-01,318.327
26,"Industrias Metálicas Básicas, Siderurgia y aluminio",452,"Hierro primario","Producción","miles de tn","Cámara Argentina del Acero","Mensual","Nacional","PAIS","200","Argentina",2007-07-01,225.382
26,"Industrias Metálicas Básicas, Siderurgia y aluminio",452,"Hierro primario","Producción","miles de tn","Cámara Argentina del Acero","Mensual","Nacional","PAIS","200","Argentina",2007-08-01,375.936
26,"Industrias Metálicas Básicas, Siderurgia y aluminio",452,"Hierro primario","Producción","miles de tn","Cámara Argentina del Acero","Mensual","Nacional","PAIS","200","Argentina",2007-09-01,420.354
26,"Industrias Metálicas Básicas, Siderurgia y aluminio",452,"Hierro primario","Producción","miles de tn","Cámara Argentina del Acero","Mensual","Nacional","PAIS","200","Argentina",2007-10-01,412.592
26,"Industrias Metálicas Básicas, Siderurgia y aluminio",452,"Hierro primario","Producción","miles de tn","Cámara Argentina del Acero","Mensual","Nacional","PAIS","200","Argentina",2007-11-01,389.007
26,"Industrias Metálicas Básicas, Siderurgia y aluminio",452,"Hierro primario","Producción","miles de tn","Cámara Argentina del Acero","Mensual","Nacional","PAIS","200","Argentina",2007-12-01,425.428
26,"Industrias Metálicas Básicas, Siderurgia y aluminio",452,"Hierro primario","Producción","miles de tn","Cámara Argentina del Acero","Mensual","Nacional","PAIS","200","Argentina",2008-01-01,409.477
26,"Industrias Metálicas Básicas, Siderurgia y aluminio",452,"Hierro primario","Producción","miles de tn","Cámara Argentina del Acero","Mensual","Nacional","PAIS","200","Argentina",2008-02-01,386.357
26,"Industrias Metálicas Básicas, Siderurgia y aluminio",452,"Hierro primario","Producción","miles de tn","Cámara Argentina del Acero","Mensual","Nacional","PAIS","200","Argentina",2008-03-01,413.746
26,"Industrias Metálicas Básicas, Siderurgia y aluminio",452,"Hierro primario","Producción","miles de tn","Cámara Argentina del Acero","Mensual","Nacional","PAIS","200","Argentina",2008-04-01,397.352
26,"Industrias Metálicas Básicas, Siderurgia y aluminio",452,"Hierro primario","Producción","miles de tn","Cámara Argentina del Acero","Mensual","Nacional","PAIS","200","Argentina",2008-05-01,380.148
26,"Industrias Metálicas Básicas, Siderurgia y aluminio",452,"Hierro primario","Producción","miles de tn","Cámara Argentina del Acero","Mensual","Nacional","PAIS","200","Argentina",2008-06-01,347.388
26,"Industrias Metálicas Básicas, Siderurgia y aluminio",452,"Hierro primario","Producción","miles de tn","Cámara Argentina del Acero","Mensual","Nacional","PAIS","200","Argentina",2008-07-01,409.097
26,"Industrias Metálicas Básicas, Siderurgia y aluminio",452,"Hierro primario","Producción","miles de tn","Cámara Argentina del Acero","Mensual","Nacional","PAIS","200","Argentina",2008-08-01,402.644
26,"Industrias Metálicas Básicas, Siderurgia y aluminio",452,"Hierro primario","Producción","miles de tn","Cámara Argentina del Acero","Mensual","Nacional","PAIS","200","Argentina",2008-09-01,408.237
26,"Industrias Metálicas Básicas, Siderurgia y aluminio",452,"Hierro primario","Producción","miles de tn","Cámara Argentina del Acero","Mensual","Nacional","PAIS","200","Argentina",2008-10-01,378.963
26,"Industrias Metálicas Básicas, Siderurgia y aluminio",452,"Hierro primario","Producción","miles de tn","Cámara Argentina del Acero","Mensual","Nacional","PAIS","200","Argentina",2008-11-01,289.866
26,"Industrias Metálicas Básicas, Siderurgia y aluminio",452,"Hierro primario","Producción","miles de tn","Cámara Argentina del Acero","Mensual","Nacional","PAIS","200","Argentina",2008-12-01,204.885
26,"Industrias Metálicas Básicas, Siderurgia y aluminio",452,"Hierro primario","Producción","miles de tn","Cámara Argentina del Acero","Mensual","Nacional","PAIS","200","Argentina",2009-01-01,213.86
26,"Industrias Metálicas Básicas, Siderurgia y aluminio",452,"Hierro primario","Producción","miles de tn","Cámara Argentina del Acero","Mensual","Nacional","PAIS","200","Argentina",2009-02-01,209.734
26,"Industrias Metálicas Básicas, Siderurgia y aluminio",452,"Hierro primario","Producción","miles de tn","Cámara Argentina del Acero","Mensual","Nacional","PAIS","200","Argentina",2009-03-01,157.48
26,"Industrias Metálicas Básicas, Siderurgia y aluminio",452,"Hierro primario","Producción","miles de tn","Cámara Argentina del Acero","Mensual","Nacional","PAIS","200","Argentina",2009-04-01,221.339
26,"Industrias Metálicas Básicas, Siderurgia y aluminio",452,"Hierro primario","Producción","miles de tn","Cámara Argentina del Acero","Mensual","Nacional","PAIS","200","Argentina",2009-05-01,201.74
26,"Industrias Metálicas Básicas, Siderurgia y aluminio",452,"Hierro primario","Producción","miles de tn","Cámara Argentina del Acero","Mensual","Nacional","PAIS","200","Argentina",2009-06-01,195.458
26,"Industrias Metálicas Básicas, Siderurgia y aluminio",452,"Hierro primario","Producción","miles de tn","Cámara Argentina del Acero","Mensual","Nacional","PAIS","200","Argentina",2009-07-01,206.785
26,"Industrias Metálicas Básicas, Siderurgia y aluminio",452,"Hierro primario","Producción","miles de tn","Cámara Argentina del Acero","Mensual","Nacional","PAIS","200","Argentina",2009-08-01,194.275
26,"Industrias Metálicas Básicas, Siderurgia y aluminio",452,"Hierro primario","Producción","miles de tn","Cámara Argentina del Acero","Mensual","Nacional","PAIS","200","Argentina",2009-09-01,256.269
26,"Industrias Metálicas Básicas, Siderurgia y aluminio",452,"Hierro primario","Producción","miles de tn","Cámara Argentina del Acero","Mensual","Nacional","PAIS","200","Argentina",2009-10-01,350.758
26,"Industrias Metálicas Básicas, Siderurgia y aluminio",452,"Hierro primario","Producción","miles de tn","Cámara Argentina del Acero","Mensual","Nacional","PAIS","200","Argentina",2009-11-01,305.633
26,"Industrias Metálicas Básicas, Siderurgia y aluminio",452,"Hierro primario","Producción","miles de tn","Cámara Argentina del Acero","Mensual","Nacional","PAIS","200","Argentina",2009-12-01,335.601
26,"Industrias Metálicas Básicas, Siderurgia y aluminio",452,"Hierro primario","Producción","miles de tn","Cámara Argentina del Acero","Mensual","Nacional","PAIS","200","Argentina",2010-01-01,363.239
26,"Industrias Metálicas Básicas, Siderurgia y aluminio",452,"Hierro primario","Producción","miles de tn","Cámara Argentina del Acero","Mensual","Nacional","PAIS","200","Argentina",2010-02-01,303.769
26,"Industrias Metálicas Básicas, Siderurgia y aluminio",452,"Hierro primario","Producción","miles de tn","Cámara Argentina del Acero","Mensual","Nacional","PAIS","200","Argentina",2010-03-01,369.8824
26,"Industrias Metálicas Básicas, Siderurgia y aluminio",452,"Hierro primario","Producción","miles de tn","Cámara Argentina del Acero","Mensual","Nacional","PAIS","200","Argentina",2010-04-01,338.427
26,"Industrias Metálicas Básicas, Siderurgia y aluminio",452,"Hierro primario","Producción","miles de tn","Cámara Argentina del Acero","Mensual","Nacional","PAIS","200","Argentina",2010-05-01,355.553
26,"Industrias Metálicas Básicas, Siderurgia y aluminio",452,"Hierro primario","Producción","miles de tn","Cámara Argentina del Acero","Mensual","Nacional","PAIS","200","Argentina",2010-06-01,305.803
26,"Industrias Metálicas Básicas, Siderurgia y aluminio",452,"Hierro primario","Producción","miles de tn","Cámara Argentina del Acero","Mensual","Nacional","PAIS","200","Argentina",2010-07-01,231.036
26,"Industrias Metálicas Básicas, Siderurgia y aluminio",452,"Hierro primario","Producción","miles de tn","Cámara Argentina del Acero","Mensual","Nacional","PAIS","200","Argentina",2010-08-01,319.607
26,"Industrias Metálicas Básicas, Siderurgia y aluminio",452,"Hierro primario","Producción","miles de tn","Cámara Argentina del Acero","Mensual","Nacional","PAIS","200","Argentina",2010-09-01,368.614
26,"Industrias Metálicas Básicas, Siderurgia y aluminio",452,"Hierro primario","Producción","miles de tn","Cámara Argentina del Acero","Mensual","Nacional","PAIS","200","Argentina",2010-10-01,395.332
26,"Industrias Metálicas Básicas, Siderurgia y aluminio",452,"Hierro primario","Producción","miles de tn","Cámara Argentina del Acero","Mensual","Nacional","PAIS","200","Argentina",2010-11-01,384.999
26,"Industrias Metálicas Básicas, Siderurgia y aluminio",452,"Hierro primario","Producción","miles de tn","Cámara Argentina del Acero","Mensual","Nacional","PAIS","200","Argentina",2010-12-01,362.197
26,"Industrias Metálicas Básicas, Siderurgia y aluminio",452,"Hierro primario","Producción","miles de tn","Cámara Argentina del Acero","Mensual","Nacional","PAIS","200","Argentina",2011-01-01,382.997
26,"Industrias Metálicas Básicas, Siderurgia y aluminio",452,"Hierro primario","Producción","miles de tn","Cámara Argentina del Acero","Mensual","Nacional","PAIS","200","Argentina",2011-02-01,351.842
26,"Industrias Metálicas Básicas, Siderurgia y aluminio",452,"Hierro primario","Producción","miles de tn","Cámara Argentina del Acero","Mensual","Nacional","PAIS","200","Argentina",2011-03-01,389.153
26,"Industrias Metálicas Básicas, Siderurgia y aluminio",452,"Hierro primario","Producción","miles de tn","Cámara Argentina del Acero","Mensual","Nacional","PAIS","200","Argentina",2011-04-01,376.483
26,"Industrias Metálicas Básicas, Siderurgia y aluminio",452,"Hierro primario","Producción","miles de tn","Cámara Argentina del Acero","Mensual","Nacional","PAIS","200","Argentina",2011-05-01,376.551
26,"Industrias Metálicas Básicas, Siderurgia y aluminio",452,"Hierro primario","Producción","miles de tn","Cámara Argentina del Acero","Mensual","Nacional","PAIS","200","Argentina",2011-06-01,325.936
26,"Industrias Metálicas Básicas, Siderurgia y aluminio",452,"Hierro primario","Producción","miles de tn","Cámara Argentina del Acero","Mensual","Nacional","PAIS","200","Argentina",2011-07-01,333.561
26,"Industrias Metálicas Básicas, Siderurgia y aluminio",452,"Hierro primario","Producción","miles de tn","Cámara Argentina del Acero","Mensual","Nacional","PAIS","200","Argentina",2011-08-01,333.936
26,"Industrias Metálicas Básicas, Siderurgia y aluminio",452,"Hierro primario","Producción","miles de tn","Cámara Argentina del Acero","Mensual","Nacional","PAIS","200","Argentina",2011-09-01,384.306
26,"Industrias Metálicas Básicas, Siderurgia y aluminio",452,"Hierro primario","Producción","miles de tn","Cámara Argentina del Acero","Mensual","Nacional","PAIS","200","Argentina",2011-10-01,413.127
26,"Industrias Metálicas Básicas, Siderurgia y aluminio",452,"Hierro primario","Producción","miles de tn","Cámara Argentina del Acero","Mensual","Nacional","PAIS","200","Argentina",2011-11-01,384.578
26,"Industrias Metálicas Básicas, Siderurgia y aluminio",452,"Hierro primario","Producción","miles de tn","Cámara Argentina del Acero","Mensual","Nacional","PAIS","200","Argentina",2011-12-01,418.392
26,"Industrias Metálicas Básicas, Siderurgia y aluminio",452,"Hierro primario","Producción","miles de tn","Cámara Argentina del Acero","Mensual","Nacional","PAIS","200","Argentina",2012-01-01,415.81
26,"Industrias Metálicas Básicas, Siderurgia y aluminio",452,"Hierro primario","Producción","miles de tn","Cámara Argentina del Acero","Mensual","Nacional","PAIS","200","Argentina",2012-02-01,384.314
26,"Industrias Metálicas Básicas, Siderurgia y aluminio",452,"Hierro primario","Producción","miles de tn","Cámara Argentina del Acero","Mensual","Nacional","PAIS","200","Argentina",2012-03-01,398.37
26,"Industrias Metálicas Básicas, Siderurgia y aluminio",452,"Hierro primario","Producción","miles de tn","Cámara Argentina del Acero","Mensual","Nacional","PAIS","200","Argentina",2012-04-01,370.391
26,"Industrias Metálicas Básicas, Siderurgia y aluminio",452,"Hierro primario","Producción","miles de tn","Cámara Argentina del Acero","Mensual","Nacional","PAIS","200","Argentina",2012-05-01,334.175
26,"Industrias Metálicas Básicas, Siderurgia y aluminio",452,"Hierro primario","Producción","miles de tn","Cámara Argentina del Acero","Mensual","Nacional","PAIS","200","Argentina",2012-06-01,331.947
26,"Industrias Metálicas Básicas, Siderurgia y aluminio",452,"Hierro primario","Producción","miles de tn","Cámara Argentina del Acero","Mensual","Nacional","PAIS","200","Argentina",2012-07-01,211.788
26,"Industrias Metálicas Básicas, Siderurgia y aluminio",452,"Hierro primario","Producción","miles de tn","Cámara Argentina del Acero","Mensual","Nacional","PAIS","200","Argentina",2012-08-01,118.092
26,"Industrias Metálicas Básicas, Siderurgia y aluminio",452,"Hierro primario","Producción","miles de tn","Cámara Argentina del Acero","Mensual","Nacional","PAIS","200","Argentina",2012-09-01,272.196
26,"Industrias Metálicas Básicas, Siderurgia y aluminio",452,"Hierro primario","Producción","miles de tn","Cámara Argentina del Acero","Mensual","Nacional","PAIS","200","Argentina",2012-10-01,289.537
26,"Industrias Metálicas Básicas, Siderurgia y aluminio",452,"Hierro primario","Producción","miles de tn","Cámara Argentina del Acero","Mensual","Nacional","PAIS","200","Argentina",2012-11-01,300.81
26,"Industrias Metálicas Básicas, Siderurgia y aluminio",452,"Hierro primario","Producción","miles de tn","Cámara Argentina del Acero","Mensual","Nacional","PAIS","200","Argentina",2012-12-01,252.243
26,"Industrias Metálicas Básicas, Siderurgia y aluminio",452,"Hierro primario","Producción","miles de tn","Cámara Argentina del Acero","Mensual","Nacional","PAIS","200","Argentina",2013-01-01,270.18
26,"Industrias Metálicas Básicas, Siderurgia y aluminio",452,"Hierro primario","Producción","miles de tn","Cámara Argentina del Acero","Mensual","Nacional","PAIS","200","Argentina",2013-02-01,294.082
26,"Industrias Metálicas Básicas, Siderurgia y aluminio",452,"Hierro primario","Producción","miles de tn","Cámara Argentina del Acero","Mensual","Nacional","PAIS","200","Argentina",2013-03-01,393.748
26,"Industrias Metálicas Básicas, Siderurgia y aluminio",452,"Hierro primario","Producción","miles de tn","Cámara Argentina del Acero","Mensual","Nacional","PAIS","200","Argentina",2013-04-01,380.18
26,"Industrias Metálicas Básicas, Siderurgia y aluminio",452,"Hierro primario","Producción","miles de tn","Cámara Argentina del Acero","Mensual","Nacional","PAIS","200","Argentina",2013-05-01,373.119
26,"Industrias Metálicas Básicas, Siderurgia y aluminio",452,"Hierro primario","Producción","miles de tn","Cámara Argentina del Acero","Mensual","Nacional","PAIS","200","Argentina",2013-06-01,316.1
26,"Industrias Metálicas Básicas, Siderurgia y aluminio",452,"Hierro primario","Producción","miles de tn","Cámara Argentina del Acero","Mensual","Nacional","PAIS","200","Argentina",2013-07-01,288.118
26,"Industrias Metálicas Básicas, Siderurgia y aluminio",452,"Hierro primario","Producción","miles de tn","Cámara Argentina del Acero","Mensual","Nacional","PAIS","200","Argentina",2013-08-01,277.972
26,"Industrias Metálicas Básicas, Siderurgia y aluminio",452,"Hierro primario","Producción","miles de tn","Cámara Argentina del Acero","Mensual","Nacional","PAIS","200","Argentina",2013-09-01,335.856
26,"Industrias Metálicas Básicas, Siderurgia y aluminio",452,"Hierro primario","Producción","miles de tn","Cámara Argentina del Acero","Mensual","Nacional","PAIS","200","Argentina",2013-10-01,385.23
26,"Industrias Metálicas Básicas, Siderurgia y aluminio",452,"Hierro primario","Producción","miles de tn","Cámara Argentina del Acero","Mensual","Nacional","PAIS","200","Argentina",2013-11-01,402.102
26,"Industrias Metálicas Básicas, Siderurgia y aluminio",452,"Hierro primario","Producción","miles de tn","Cámara Argentina del Acero","Mensual","Nacional","PAIS","200","Argentina",2013-12-01,398.716
26,"Industrias Metálicas Básicas, Siderurgia y aluminio",452,"Hierro primario","Producción","miles de tn","Cámara Argentina del Acero","Mensual","Nacional","PAIS","200","Argentina",2014-01-01,393.622
26,"Industrias Metálicas Básicas, Siderurgia y aluminio",452,"Hierro primario","Producción","miles de tn","Cámara Argentina del Acero","Mensual","Nacional","PAIS","200","Argentina",2014-02-01,354.019
26,"Industrias Metálicas Básicas, Siderurgia y aluminio",452,"Hierro primario","Producción","miles de tn","Cámara Argentina del Acero","Mensual","Nacional","PAIS","200","Argentina",2014-03-01,396.968
26,"Industrias Metálicas Básicas, Siderurgia y aluminio",452,"Hierro primario","Producción","miles de tn","Cámara Argentina del Acero","Mensual","Nacional","PAIS","200","Argentina",2014-04-01,387.889
26,"Industrias Metálicas Básicas, Siderurgia y aluminio",452,"Hierro primario","Producción","miles de tn","Cámara Argentina del Acero","Mensual","Nacional","PAIS","200","Argentina",2014-05-01,396.798
26,"Industrias Metálicas Básicas, Siderurgia y aluminio",452,"Hierro primario","Producción","miles de tn","Cámara Argentina del Acero","Mensual","Nacional","PAIS","200","Argentina",2014-06-01,345.901
26,"Industrias Metálicas Básicas, Siderurgia y aluminio",452,"Hierro primario","Producción","miles de tn","Cámara Argentina del Acero","Mensual","Nacional","PAIS","200","Argentina",2014-07-01,338.478
26,"Industrias Metálicas Básicas, Siderurgia y aluminio",452,"Hierro primario","Producción","miles de tn","Cámara Argentina del Acero","Mensual","Nacional","PAIS","200","Argentina",2014-08-01,339.58
26,"Industrias Metálicas Básicas, Siderurgia y aluminio",452,"Hierro primario","Producción","miles de tn","Cámara Argentina del Acero","Mensual","Nacional","PAIS","200","Argentina",2014-09-01,325.218
26,"Industrias Metálicas Básicas, Siderurgia y aluminio",452,"Hierro primario","Producción","miles de tn","Cámara Argentina del Acero","Mensual","Nacional","PAIS","200","Argentina",2014-10-01,366.508
26,"Industrias Metálicas Básicas, Siderurgia y aluminio",452,"Hierro primario","Producción","miles de tn","Cámara Argentina del Acero","Mensual","Nacional","PAIS","200","Argentina",2014-11-01,385.889
26,"Industrias Metálicas Básicas, Siderurgia y aluminio",452,"Hierro primario","Producción","miles de tn","Cámara Argentina del Acero","Mensual","Nacional","PAIS","200","Argentina",2014-12-01,397.499
26,"Industrias Metálicas Básicas, Siderurgia y aluminio",452,"Hierro primario","Producción","miles de tn","Cámara Argentina del Acero","Mensual","Nacional","PAIS","200","Argentina",2015-01-01,383.89
26,"Industrias Metálicas Básicas, Siderurgia y aluminio",452,"Hierro primario","Producción","miles de tn","Cámara Argentina del Acero","Mensual","Nacional","PAIS","200","Argentina",2015-02-01,310.911
26,"Industrias Metálicas Básicas, Siderurgia y aluminio",452,"Hierro primario","Producción","miles de tn","Cámara Argentina del Acero","Mensual","Nacional","PAIS","200","Argentina",2015-03-01,292.954
26,"Industrias Metálicas Básicas, Siderurgia y aluminio",452,"Hierro primario","Producción","miles de tn","Cámara Argentina del Acero","Mensual","Nacional","PAIS","200","Argentina",2015-04-01,277.342
26,"Industrias Metálicas Básicas, Siderurgia y aluminio",452,"Hierro primario","Producción","miles de tn","Cámara Argentina del Acero","Mensual","Nacional","PAIS","200","Argentina",2015-05-01,333.265
26,"Industrias Metálicas Básicas, Siderurgia y aluminio",452,"Hierro primario","Producción","miles de tn","Cámara Argentina del Acero","Mensual","Nacional","PAIS","200","Argentina",2015-06-01,312.422
26,"Industrias Metálicas Básicas, Siderurgia y aluminio",452,"Hierro primario","Producción","miles de tn","Cámara Argentina del Acero","Mensual","Nacional","PAIS","200","Argentina",2015-07-01,301.698
26,"Industrias Metálicas Básicas, Siderurgia y aluminio",452,"Hierro primario","Producción","miles de tn","Cámara Argentina del Acero","Mensual","Nacional","PAIS","200","Argentina",2015-08-01,341.964
26,"Industrias Metálicas Básicas, Siderurgia y aluminio",452,"Hierro primario","Producción","miles de tn","Cámara Argentina del Acero","Mensual","Nacional","PAIS","200","Argentina",2015-09-01,315.22
26,"Industrias Metálicas Básicas, Siderurgia y aluminio",452,"Hierro primario","Producción","miles de tn","Cámara Argentina del Acero","Mensual","Nacional","PAIS","200","Argentina",2015-10-01,382.497
26,"Industrias Metálicas Básicas, Siderurgia y aluminio",452,"Hierro primario","Producción","miles de tn","Cámara Argentina del Acero","Mensual","Nacional","PAIS","200","Argentina",2015-11-01,354.195
26,"Industrias Metálicas Básicas, Siderurgia y aluminio",452,"Hierro primario","Producción","miles de tn","Cámara Argentina del Acero","Mensual","Nacional","PAIS","200","Argentina",2015-12-01,331.062
26,"Industrias Metálicas Básicas, Siderurgia y aluminio",452,"Hierro primario","Producción","miles de tn","Cámara Argentina del Acero","Mensual","Nacional","PAIS","200","Argentina",2016-01-01,297.36
26,"Industrias Metálicas Básicas, Siderurgia y aluminio",452,"Hierro primario","Producción","miles de tn","Cámara Argentina del Acero","Mensual","Nacional","PAIS","200","Argentina",2016-02-01,246.557
26,"Industrias Metálicas Básicas, Siderurgia y aluminio",452,"Hierro primario","Producción","miles de tn","Cámara Argentina del Acero","Mensual","Nacional","PAIS","200","Argentina",2016-03-01,267.51
26,"Industrias Metálicas Básicas, Siderurgia y aluminio",452,"Hierro primario","Producción","miles de tn","Cámara Argentina del Acero","Mensual","Nacional","PAIS","200","Argentina",2016-04-01,227.553
26,"Industrias Metálicas Básicas, Siderurgia y aluminio",452,"Hierro primario","Producción","miles de tn","Cámara Argentina del Acero","Mensual","Nacional","PAIS","200","Argentina",2016-05-01,247.385
26,"Industrias Metálicas Básicas, Siderurgia y aluminio",452,"Hierro primario","Producción","miles de tn","Cámara Argentina del Acero","Mensual","Nacional","PAIS","200","Argentina",2016-06-01,238.183
26,"Industrias Metálicas Básicas, Siderurgia y aluminio",452,"Hierro primario","Producción","miles de tn","Cámara Argentina del Acero","Mensual","Nacional","PAIS","200","Argentina",2016-07-01,225.832
26,"Industrias Metálicas Básicas, Siderurgia y aluminio",452,"Hierro primario","Producción","miles de tn","Cámara Argentina del Acero","Mensual","Nacional","PAIS","200","Argentina",2016-08-01,183.152
26,"Industrias Metálicas Básicas, Siderurgia y aluminio",452,"Hierro primario","Producción","miles de tn","Cámara Argentina del Acero","Mensual","Nacional","PAIS","200","Argentina",2016-09-01,179.647
26,"Industrias Metálicas Básicas, Siderurgia y aluminio",452,"Hierro primario","Producción","miles de tn","Cámara Argentina del Acero","Mensual","Nacional","PAIS","200","Argentina",2016-10-01,280.926
26,"Industrias Metálicas Básicas, Siderurgia y aluminio",452,"Hierro primario","Producción","miles de tn","Cámara Argentina del Acero","Mensual","Nacional","PAIS","200","Argentina",2016-11-01,271.718
26,"Industrias Metálicas Básicas, Siderurgia y aluminio",452,"Hierro primario","Producción","miles de tn","Cámara Argentina del Acero","Mensual","Nacional","PAIS","200","Argentina",2016-12-01,247.779
26,"Industrias Metálicas Básicas, Siderurgia y aluminio",452,"Hierro primario","Producción","miles de tn","Cámara Argentina del Acero","Mensual","Nacional","PAIS","200","Argentina",2017-01-01,247.592
26,"Industrias Metálicas Básicas, Siderurgia y aluminio",452,"Hierro primario","Producción","miles de tn","Cámara Argentina del Acero","Mensual","Nacional","PAIS","200","Argentina",2017-02-01,219.93
26,"Industrias Metálicas Básicas, Siderurgia y aluminio",452,"Hierro primario","Producción","miles de tn","Cámara Argentina del Acero","Mensual","Nacional","PAIS","200","Argentina",2017-03-01,348.28
26,"Industrias Metálicas Básicas, Siderurgia y aluminio",452,"Hierro primario","Producción","miles de tn","Cámara Argentina del Acero","Mensual","Nacional","PAIS","200","Argentina",2017-04-01,337.678
26,"Industrias Metálicas Básicas, Siderurgia y aluminio",452,"Hierro primario","Producción","miles de tn","Cámara Argentina del Acero","Mensual","Nacional","PAIS","200","Argentina",2017-05-01,324.459
26,"Industrias Metálicas Básicas, Siderurgia y aluminio",452,"Hierro primario","Producción","miles de tn","Cámara Argentina del Acero","Mensual","Nacional","PAIS","200","Argentina",2017-06-01,262.96
26,"Industrias Metálicas Básicas, Siderurgia y aluminio",452,"Hierro primario","Producción","miles de tn","Cámara Argentina del Acero","Mensual","Nacional","PAIS","200","Argentina",2017-07-01,189.26
26,"Industrias Metálicas Básicas, Siderurgia y aluminio",452,"Hierro primario","Producción","miles de tn","Cámara Argentina del Acero","Mensual","Nacional","PAIS","200","Argentina",2017-08-01,189.1
26,"Industrias Metálicas Básicas, Siderurgia y aluminio",452,"Hierro primario","Producción","miles de tn","Cámara Argentina del Acero","Mensual","Nacional","PAIS","200","Argentina",2017-09-01,275.311
26,"Industrias Metálicas Básicas, Siderurgia y aluminio",452,"Hierro primario","Producción","miles de tn","Cámara Argentina del Acero","Mensual","Nacional","PAIS","200","Argentina",2017-10-01,347.013
26,"Industrias Metálicas Básicas, Siderurgia y aluminio",452,"Hierro primario","Producción","miles de tn","Cámara Argentina del Acero","Mensual","Nacional","PAIS","200","Argentina",2017-11-01,327.2
26,"Industrias Metálicas Básicas, Siderurgia y aluminio",452,"Hierro primario","Producción","miles de tn","Cámara Argentina del Acero","Mensual","Nacional","PAIS","200","Argentina",2017-12-01,333.3
26,"Industrias Metálicas Básicas, Siderurgia y aluminio",452,"Hierro primario","Producción","miles de tn","Cámara Argentina del Acero","Mensual","Nacional","PAIS","200","Argentina",2018-01-01,328.1
26,"Industrias Metálicas Básicas, Siderurgia y aluminio",452,"Hierro primario","Producción","miles de tn","Cámara Argentina del Acero","Mensual","Nacional","PAIS","200","Argentina",2018-02-01,329.7
26,"Industrias Metálicas Básicas, Siderurgia y aluminio",452,"Hierro primario","Producción","miles de tn","Cámara Argentina del Acero","Mensual","Nacional","PAIS","200","Argentina",2018-03-01,370
26,"Industrias Metálicas Básicas, Siderurgia y aluminio",452,"Hierro primario","Producción","miles de tn","Cámara Argentina del Acero","Mensual","Nacional","PAIS","200","Argentina",2018-04-01,348.6
26,"Industrias Metálicas Básicas, Siderurgia y aluminio",452,"Hierro primario","Producción","miles de tn","Cámara Argentina del Acero","Mensual","Nacional","PAIS","200","Argentina",2018-05-01,306.6
26,"Industrias Metálicas Básicas, Siderurgia y aluminio",452,"Hierro primario","Producción","miles de tn","Cámara Argentina del Acero","Mensual","Nacional","PAIS","200","Argentina",2018-06-01,272.8
26,"Industrias Metálicas Básicas, Siderurgia y aluminio",452,"Hierro primario","Producción","miles de tn","Cámara Argentina del Acero","Mensual","Nacional","PAIS","200","Argentina",2018-07-01,248.4
26,"Industrias Metálicas Básicas, Siderurgia y aluminio",452,"Hierro primario","Producción","miles de tn","Cámara Argentina del Acero","Mensual","Nacional","PAIS","200","Argentina",2018-08-01,257
26,"Industrias Metálicas Básicas, Siderurgia y aluminio",452,"Hierro primario","Producción","miles de tn","Cámara Argentina del Acero","Mensual","Nacional","PAIS","200","Argentina",2018-09-01,324.1
26,"Industrias Metálicas Básicas, Siderurgia y aluminio",452,"Hierro primario","Producción","miles de tn","Cámara Argentina del Acero","Mensual","Nacional","PAIS","200","Argentina",2018-10-01,334.3
26,"Industrias Metálicas Básicas, Siderurgia y aluminio",452,"Hierro primario","Producción","miles de tn","Cámara Argentina del Acero","Mensual","Nacional","PAIS","200","Argentina",2018-11-01,341.5
26,"Industrias Metálicas Básicas, Siderurgia y aluminio",452,"Hierro primario","Producción","miles de tn","Cámara Argentina del Acero","Mensual","Nacional","PAIS","200","Argentina",2018-12-01,329
26,"Industrias Metálicas Básicas, Siderurgia y aluminio",452,"Hierro primario","Producción","miles de tn","Cámara Argentina del Acero","Mensual","Nacional","PAIS","200","Argentina",2019-01-01,250.1
26,"Industrias Metálicas Básicas, Siderurgia y aluminio",452,"Hierro primario","Producción","miles de tn","Cámara Argentina del Acero","Mensual","Nacional","PAIS","200","Argentina",2019-02-01,270.2
26,"Industrias Metálicas Básicas, Siderurgia y aluminio",452,"Hierro primario","Producción","miles de tn","Cámara Argentina del Acero","Mensual","Nacional","PAIS","200","Argentina",2019-03-01,307.9
26,"Industrias Metálicas Básicas, Siderurgia y aluminio",452,"Hierro primario","Producción","miles de tn","Cámara Argentina del Acero","Mensual","Nacional","PAIS","200","Argentina",2019-04-01,318.9
26,"Industrias Metálicas Básicas, Siderurgia y aluminio",452,"Hierro primario","Producción","miles de tn","Cámara Argentina del Acero","Mensual","Nacional","PAIS","200","Argentina",2019-05-01,284.9
26,"Industrias Metálicas Básicas, Siderurgia y aluminio",452,"Hierro primario","Producción","miles de tn","Cámara Argentina del Acero","Mensual","Nacional","PAIS","200","Argentina",2019-06-01,240.6
26,"Industrias Metálicas Básicas, Siderurgia y aluminio",452,"Hierro primario","Producción","miles de tn","Cámara Argentina del Acero","Mensual","Nacional","PAIS","200","Argentina",2019-07-01,171.5
26,"Industrias Metálicas Básicas, Siderurgia y aluminio",452,"Hierro primario","Producción","miles de tn","Cámara Argentina del Acero","Mensual","Nacional","PAIS","200","Argentina",2019-08-01,178.9
26,"Industrias Metálicas Básicas, Siderurgia y aluminio",452,"Hierro primario","Producción","miles de tn","Cámara Argentina del Acero","Mensual","Nacional","PAIS","200","Argentina",2019-09-01,288.4
26,"Industrias Metálicas Básicas, Siderurgia y aluminio",452,"Hierro primario","Producción","miles de tn","Cámara Argentina del Acero","Mensual","Nacional","PAIS","200","Argentina",2019-10-01,273.2
26,"Industrias Metálicas Básicas, Siderurgia y aluminio",452,"Hierro primario","Producción","miles de tn","Cámara Argentina del Acero","Mensual","Nacional","PAIS","200","Argentina",2019-11-01,268
26,"Industrias Metálicas Básicas, Siderurgia y aluminio",452,"Hierro primario","Producción","miles de tn","Cámara Argentina del Acero","Mensual","Nacional","PAIS","200","Argentina",2019-12-01,197.5
26,"Industrias Metálicas Básicas, Siderurgia y aluminio",452,"Hierro primario","Producción","miles de tn","Cámara Argentina del Acero","Mensual","Nacional","PAIS","200","Argentina",2020-01-01,207.1
26,"Industrias Metálicas Básicas, Siderurgia y aluminio",452,"Hierro primario","Producción","miles de tn","Cámara Argentina del Acero","Mensual","Nacional","PAIS","200","Argentina",2020-02-01,247.9
26,"Industrias Metálicas Básicas, Siderurgia y aluminio",452,"Hierro primario","Producción","miles de tn","Cámara Argentina del Acero","Mensual","Nacional","PAIS","200","Argentina",2020-03-01,234.2
26,"Industrias Metálicas Básicas, Siderurgia y aluminio",452,"Hierro primario","Producción","miles de tn","Cámara Argentina del Acero","Mensual","Nacional","PAIS","200","Argentina",2020-04-01,148
26,"Industrias Metálicas Básicas, Siderurgia y aluminio",452,"Hierro primario","Producción","miles de tn","Cámara Argentina del Acero","Mensual","Nacional","PAIS","200","Argentina",2020-05-01,92.4
26,"Industrias Metálicas Básicas, Siderurgia y aluminio",452,"Hierro primario","Producción","miles de tn","Cámara Argentina del Acero","Mensual","Nacional","PAIS","200","Argentina",2020-06-01,113.9
26,"Industrias Metálicas Básicas, Siderurgia y aluminio",452,"Hierro primario","Producción","miles de tn","Cámara Argentina del Acero","Mensual","Nacional","PAIS","200","Argentina",2020-07-01,235.3
26,"Industrias Metálicas Básicas, Siderurgia y aluminio",452,"Hierro primario","Producción","miles de tn","Cámara Argentina del Acero","Mensual","Nacional","PAIS","200","Argentina",2020-08-01,243.7
26,"Industrias Metálicas Básicas, Siderurgia y aluminio",452,"Hierro primario","Producción","miles de tn","Cámara Argentina del Acero","Mensual","Nacional","PAIS","200","Argentina",2020-09-01,195.5
26,"Industrias Metálicas Básicas, Siderurgia y aluminio",452,"Hierro primario","Producción","miles de tn","Cámara Argentina del Acero","Mensual","Nacional","PAIS","200","Argentina",2020-10-01,259.7
26,"Industrias Metálicas Básicas, Siderurgia y aluminio",452,"Hierro primario","Producción","miles de tn","Cámara Argentina del Acero","Mensual","Nacional","PAIS","200","Argentina",2020-11-01,224.9
26,"Industrias Metálicas Básicas, Siderurgia y aluminio",452,"Hierro primario","Producción","miles de tn","Cámara Argentina del Acero","Mensual","Nacional","PAIS","200","Argentina",2020-12-01,252.5
26,"Industrias Metálicas Básicas, Siderurgia y aluminio",452,"Hierro primario","Producción","miles de tn","Cámara Argentina del Acero","Mensual","Nacional","PAIS","200","Argentina",2021-01-01,241.7
26,"Industrias Metálicas Básicas, Siderurgia y aluminio",452,"Hierro primario","Producción","miles de tn","Cámara Argentina del Acero","Mensual","Nacional","PAIS","200","Argentina",2021-02-01,251.6
26,"Industrias Metálicas Básicas, Siderurgia y aluminio",452,"Hierro primario","Producción","miles de tn","Cámara Argentina del Acero","Mensual","Nacional","PAIS","200","Argentina",2021-03-01,307
26,"Industrias Metálicas Básicas, Siderurgia y aluminio",452,"Hierro primario","Producción","miles de tn","Cámara Argentina del Acero","Mensual","Nacional","PAIS","200","Argentina",2021-04-01,314.4
26,"Industrias Metálicas Básicas, Siderurgia y aluminio",452,"Hierro primario","Producción","miles de tn","Cámara Argentina del Acero","Mensual","Nacional","PAIS","200","Argentina",2021-05-01,300.6
26,"Industrias Metálicas Básicas, Siderurgia y aluminio",452,"Hierro primario","Producción","miles de tn","Cámara Argentina del Acero","Mensual","Nacional","PAIS","200","Argentina",2021-06-01,244.2
26,"Industrias Metálicas Básicas, Siderurgia y aluminio",452,"Hierro primario","Producción","miles de tn","Cámara Argentina del Acero","Mensual","Nacional","PAIS","200","Argentina",2021-07-01,297
26,"Industrias Metálicas Básicas, Siderurgia y aluminio",452,"Hierro primario","Producción","miles de tn","Cámara Argentina del Acero","Mensual","Nacional","PAIS","200","Argentina",2021-08-01,315.2
26,"Industrias Metálicas Básicas, Siderurgia y aluminio",452,"Hierro primario","Producción","miles de tn","Cámara Argentina del Acero","Mensual","Nacional","PAIS","200","Argentina",2021-09-01,333.5
26,"Industrias Metálicas Básicas, Siderurgia y aluminio",452,"Hierro primario","Producción","miles de tn","Cámara Argentina del Acero","Mensual","Nacional","PAIS","200","Argentina",2021-10-01,311.2
26,"Industrias Metálicas Básicas, Siderurgia y aluminio",452,"Hierro primario","Producción","miles de tn","Cámara Argentina del Acero","Mensual","Nacional","PAIS","200","Argentina",2021-11-01,326.6
26,"Industrias Metálicas Básicas, Siderurgia y aluminio",452,"Hierro primario","Producción","miles de tn","Cámara Argentina del Acero","Mensual","Nacional","PAIS","200","Argentina",2021-12-01,306.8
26,"Industrias Metálicas Básicas, Siderurgia y aluminio",452,"Hierro primario","Producción","miles de tn","Cámara Argentina del Acero","Mensual","Nacional","PAIS","200","Argentina",2022-01-01,324.6
26,"Industrias Metálicas Básicas, Siderurgia y aluminio",452,"Hierro primario","Producción","miles de tn","Cámara Argentina del Acero","Mensual","Nacional","PAIS","200","Argentina",2022-02-01,259.6
26,"Industrias Metálicas Básicas, Siderurgia y aluminio",452,"Hierro primario","Producción","miles de tn","Cámara Argentina del Acero","Mensual","Nacional","PAIS","200","Argentina",2022-03-01,311.1
26,"Industrias Metálicas Básicas, Siderurgia y aluminio",452,"Hierro primario","Producción","miles de tn","Cámara Argentina del Acero","Mensual","Nacional","PAIS","200","Argentina",2022-04-01,284.1
26,"Industrias Metálicas Básicas, Siderurgia y aluminio",452,"Hierro primario","Producción","miles de tn","Cámara Argentina del Acero","Mensual","Nacional","PAIS","200","Argentina",2022-05-01,328.7
26,"Industrias Metálicas Básicas, Siderurgia y aluminio",452,"Hierro primario","Producción","miles de tn","Cámara Argentina del Acero","Mensual","Nacional","PAIS","200","Argentina",2022-06-01,268.7
26,"Industrias Metálicas Básicas, Siderurgia y aluminio",452,"Hierro primario","Producción","miles de tn","Cámara Argentina del Acero","Mensual","Nacional","PAIS","200","Argentina",2022-07-01,227.3
26,"Industrias Metálicas Básicas, Siderurgia y aluminio",452,"Hierro primario","Producción","miles de tn","Cámara Argentina del Acero","Mensual","Nacional","PAIS","200","Argentina",2022-08-01,281.9
26,"Industrias Metálicas Básicas, Siderurgia y aluminio",452,"Hierro primario","Producción","miles de tn","Cámara Argentina del Acero","Mensual","Nacional","PAIS","200","Argentina",2022-09-01,293.6
26,"Industrias Metálicas Básicas, Siderurgia y aluminio",452,"Hierro primario","Producción","miles de tn","Cámara Argentina del Acero","Mensual","Nacional","PAIS","200","Argentina",2022-10-01,274.8
26,"Industrias Metálicas Básicas, Siderurgia y aluminio",452,"Hierro primario","Producción","miles de tn","Cámara Argentina del Acero","Mensual","Nacional","PAIS","200","Argentina",2022-11-01,312.1
26,"Industrias Metálicas Básicas, Siderurgia y aluminio",452,"Hierro primario","Producción","miles de tn","Cámara Argentina del Acero","Mensual","Nacional","PAIS","200","Argentina",2022-12-01,327.3
26,"Industrias Metálicas Básicas, Siderurgia y aluminio",452,"Hierro primario","Producción","miles de tn","Cámara Argentina del Acero","Mensual","Nacional","PAIS","200","Argentina",2023-01-01,328.8
26,"Industrias Metálicas Básicas, Siderurgia y aluminio",452,"Hierro primario","Producción","miles de tn","Cámara Argentina del Acero","Mensual","Nacional","PAIS","200","Argentina",2023-02-01,315.5
26,"Industrias Metálicas Básicas, Siderurgia y aluminio",452,"Hierro primario","Producción","miles de tn","Cámara Argentina del Acero","Mensual","Nacional","PAIS","200","Argentina",2023-03-01,314.7
26,"Industrias Metálicas Básicas, Siderurgia y aluminio",452,"Hierro primario","Producción","miles de tn","Cámara Argentina del Acero","Mensual","Nacional","PAIS","200","Argentina",2023-04-01,313.3
26,"Industrias Metálicas Básicas, Siderurgia y aluminio",452,"Hierro primario","Producción","miles de tn","Cámara Argentina del Acero","Mensual","Nacional","PAIS","200","Argentina",2023-05-01,292.6
26,"Industrias Metálicas Básicas, Siderurgia y aluminio",452,"Hierro primario","Producción","miles de tn","Cámara Argentina del Acero","Mensual","Nacional","PAIS","200","Argentina",2023-06-01,288.8
26,"Industrias Metálicas Básicas, Siderurgia y aluminio",452,"Hierro primario","Producción","miles de tn","Cámara Argentina del Acero","Mensual","Nacional","PAIS","200","Argentina",2023-07-01,195
26,"Industrias Metálicas Básicas, Siderurgia y aluminio",452,"Hierro primario","Producción","miles de tn","Cámara Argentina del Acero","Mensual","Nacional","PAIS","200","Argentina",2023-08-01,264.3
26,"Industrias Metálicas Básicas, Siderurgia y aluminio",452,"Hierro primario","Producción","miles de tn","Cámara Argentina del Acero","Mensual","Nacional","PAIS","200","Argentina",2023-09-01,306
26,"Industrias Metálicas Básicas, Siderurgia y aluminio",452,"Hierro primario","Producción","miles de tn","Cámara Argentina del Acero","Mensual","Nacional","PAIS","200","Argentina",2023-10-01,338.1
26,"Industrias Metálicas Básicas, Siderurgia y aluminio",452,"Hierro primario","Producción","miles de tn","Cámara Argentina del Acero","Mensual","Nacional","PAIS","200","Argentina",2023-11-01,280
26,"Industrias Metálicas Básicas, Siderurgia y aluminio",452,"Hierro primario","Producción","miles de tn","Cámara Argentina del Acero","Mensual","Nacional","PAIS","200","Argentina",2023-12-01,209
26,"Industrias Metálicas Básicas, Siderurgia y aluminio",452,"Hierro primario","Producción","miles de tn","Cámara Argentina del Acero","Mensual","Nacional","PAIS","200","Argentina",2024-01-01,285
26,"Industrias Metálicas Básicas, Siderurgia y aluminio",452,"Hierro primario","Producción","miles de tn","Cámara Argentina del Acero","Mensual","Nacional","PAIS","200","Argentina",2024-02-01,261.4
26,"Industrias Metálicas Básicas, Siderurgia y aluminio",452,"Hierro primario","Producción","miles de tn","Cámara Argentina del Acero","Mensual","Nacional","PAIS","200","Argentina",2024-03-01,189.1
26,"Industrias Metálicas Básicas, Siderurgia y aluminio",452,"Hierro primario","Producción","miles de tn","Cámara Argentina del Acero","Mensual","Nacional","PAIS","200","Argentina",2024-04-01,265
26,"Industrias Metálicas Básicas, Siderurgia y aluminio",452,"Hierro primario","Producción","miles de tn","Cámara Argentina del Acero","Mensual","Nacional","PAIS","200","Argentina",2024-05-01,249
26,"Industrias Metálicas Básicas, Siderurgia y aluminio",452,"Hierro primario","Producción","miles de tn","Cámara Argentina del Acero","Mensual","Nacional","PAIS","200","Argentina",2024-06-01,231.9
26,"Industrias Metálicas Básicas, Siderurgia y aluminio",452,"Hierro primario","Producción","miles de tn","Cámara Argentina del Acero","Mensual","Nacional","PAIS","200","Argentina",2024-07-01,170
26,"Industrias Metálicas Básicas, Siderurgia y aluminio",452,"Hierro primario","Producción","miles de tn","Cámara Argentina del Acero","Mensual","Nacional","PAIS","200","Argentina",2024-08-01,223.9
26,"Industrias Metálicas Básicas, Siderurgia y aluminio",452,"Hierro primario","Producción","miles de tn","Cámara Argentina del Acero","Mensual","Nacional","PAIS","200","Argentina",2024-09-01,222.4
26,"Industrias Metálicas Básicas, Siderurgia y aluminio",452,"Hierro primario","Producción","miles de tn","Cámara Argentina del Acero","Mensual","Nacional","PAIS","200","Argentina",2024-10-01,276.5
26,"Industrias Metálicas Básicas, Siderurgia y aluminio",452,"Hierro primario","Producción","miles de tn","Cámara Argentina del Acero","Mensual","Nacional","PAIS","200","Argentina",2024-11-01,274.2
26,"Industrias Metálicas Básicas, Siderurgia y aluminio",452,"Hierro primario","Producción","miles de tn","Cámara Argentina del Acero","Mensual","Nacional","PAIS","200","Argentina",2024-12-01,196.5
26,"Industrias Metálicas Básicas, Siderurgia y aluminio",452,"Hierro primario","Producción","miles de tn","Cámara Argentina del Acero","Mensual","Nacional","PAIS","200","Argentina",2025-01-01,220.9
26,"Industrias Metálicas Básicas, Siderurgia y aluminio",452,"Hierro primario","Producción","miles de tn","Cámara Argentina del Acero","Mensual","Nacional","PAIS","200","Argentina",2025-02-01,261.5
26,"Industrias Metálicas Básicas, Siderurgia y aluminio",452,"Hierro primario","Producción","miles de tn","Cámara Argentina del Acero","Mensual","Nacional","PAIS","200","Argentina",2025-03-01,234.7
26,"Industrias Metálicas Básicas, Siderurgia y aluminio",452,"Hierro primario","Producción","miles de tn","Cámara Argentina del Acero","Mensual","Nacional","PAIS","200","Argentina",2025-04-01,237.5
26,"Industrias Metálicas Básicas, Siderurgia y aluminio",452,"Hierro primario","Producción","miles de tn","Cámara Argentina del Acero","Mensual","Nacional","PAIS","200","Argentina",2025-05-01,199.3
26,"Industrias Metálicas Básicas, Siderurgia y aluminio",452,"Hierro primario","Producción","miles de tn","Cámara Argentina del Acero","Mensual","Nacional","PAIS","200","Argentina",2025-06-01,146.5
26,"Industrias Metálicas Básicas, Siderurgia y aluminio",452,"Hierro primario","Producción","miles de tn","Cámara Argentina del Acero","Mensual","Nacional","PAIS","200","Argentina",2025-07-01,132.3
26,"Industrias Metálicas Básicas, Siderurgia y aluminio",452,"Hierro primario","Producción","miles de tn","Cámara Argentina del Acero","Mensual","Nacional","PAIS","200","Argentina",2025-08-01,209.4
26,"Industrias Metálicas Básicas, Siderurgia y aluminio",452,"Hierro primario","Producción","miles de tn","Cámara Argentina del Acero","Mensual","Nacional","PAIS","200","Argentina",2025-09-01,207.3
26,"Industrias Metálicas Básicas, Siderurgia y aluminio",452,"Hierro primario","Producción","miles de tn","Cámara Argentina del Acero","Mensual","Nacional","PAIS","200","Argentina",2025-10-01,214.5
26,"Industrias Metálicas Básicas, Siderurgia y aluminio",452,"Hierro primario","Producción","miles de tn","Cámara Argentina del Acero","Mensual","Nacional","PAIS","200","Argentina",2025-11-01,214.9
26,"Industrias Metálicas Básicas, Siderurgia y aluminio",452,"Hierro primario","Producción","miles de tn","Cámara Argentina del Acero","Mensual","Nacional","PAIS","200","Argentina",2025-12-01,189.7
26,"Industrias Metálicas Básicas, Siderurgia y aluminio",452,"Hierro primario","Producción","miles de tn","Cámara Argentina del Acero","Mensual","Nacional","PAIS","200","Argentina",2026-01-01,230.2
26,"Industrias Metálicas Básicas, Siderurgia y aluminio",452,"Hierro primario","Producción","miles de tn","Cámara Argentina del Acero","Mensual","Nacional","PAIS","200","Argentina",2026-02-01,282.4
26,"Industrias Metálicas Básicas, Siderurgia y aluminio",452,"Hierro primario","Producción","miles de tn","Cámara Argentina del Acero","Mensual","Nacional","PAIS","200","Argentina",2026-03-01,300.3
26,"Industrias Metálicas Básicas, Siderurgia y aluminio",452,"Hierro primario","Producción","miles de tn","Cámara Argentina del Acero","Mensual","Nacional","PAIS","200","Argentina",2026-04-01,266.4
26,"Industrias Metálicas Básicas, Siderurgia y aluminio",452,"Hierro primario","Producción","miles de tn","Cámara Argentina del Acero","Mensual","Nacional","PAIS","200","Argentina",2026-05-01,239.9
26,"Industrias Metálicas Básicas, Siderurgia y aluminio",452,"Hierro primario","Producción","miles de tn","Cámara Argentina del Acero","Mensual","Nacional","PAIS","200","Argentina",2026-06-01,139.5
26,"Industrias Metálicas Básicas, Siderurgia y aluminio",453,"Laminados en caliente","Producción","miles de tn","Cámara Argentina del Acero","Mensual","Nacional","PAIS","200","Argentina",1993-01-01,194.547
26,"Industrias Metálicas Básicas, Siderurgia y aluminio",453,"Laminados en caliente","Producción","miles de tn","Cámara Argentina del Acero","Mensual","Nacional","PAIS","200","Argentina",1993-02-01,157.041
26,"Industrias Metálicas Básicas, Siderurgia y aluminio",453,"Laminados en caliente","Producción","miles de tn","Cámara Argentina del Acero","Mensual","Nacional","PAIS","200","Argentina",1993-03-01,247.19
26,"Industrias Metálicas Básicas, Siderurgia y aluminio",453,"Laminados en caliente","Producción","miles de tn","Cámara Argentina del Acero","Mensual","Nacional","PAIS","200","Argentina",1993-04-01,260.775
26,"Industrias Metálicas Básicas, Siderurgia y aluminio",453,"Laminados en caliente","Producción","miles de tn","Cámara Argentina del Acero","Mensual","Nacional","PAIS","200","Argentina",1993-05-01,252.282
26,"Industrias Metálicas Básicas, Siderurgia y aluminio",453,"Laminados en caliente","Producción","miles de tn","Cámara Argentina del Acero","Mensual","Nacional","PAIS","200","Argentina",1993-06-01,219.603
26,"Industrias Metálicas Básicas, Siderurgia y aluminio",453,"Laminados en caliente","Producción","miles de tn","Cámara Argentina del Acero","Mensual","Nacional","PAIS","200","Argentina",1993-07-01,259.195
26,"Industrias Metálicas Básicas, Siderurgia y aluminio",453,"Laminados en caliente","Producción","miles de tn","Cámara Argentina del Acero","Mensual","Nacional","PAIS","200","Argentina",1993-08-01,258.768
26,"Industrias Metálicas Básicas, Siderurgia y aluminio",453,"Laminados en caliente","Producción","miles de tn","Cámara Argentina del Acero","Mensual","Nacional","PAIS","200","Argentina",1993-09-01,252.311
26,"Industrias Metálicas Básicas, Siderurgia y aluminio",453,"Laminados en caliente","Producción","miles de tn","Cámara Argentina del Acero","Mensual","Nacional","PAIS","200","Argentina",1993-10-01,275.197
26,"Industrias Metálicas Básicas, Siderurgia y aluminio",453,"Laminados en caliente","Producción","miles de tn","Cámara Argentina del Acero","Mensual","Nacional","PAIS","200","Argentina",1993-11-01,255.683
26,"Industrias Metálicas Básicas, Siderurgia y aluminio",453,"Laminados en caliente","Producción","miles de tn","Cámara Argentina del Acero","Mensual","Nacional","PAIS","200","Argentina",1993-12-01,250.474
26,"Industrias Metálicas Básicas, Siderurgia y aluminio",453,"Laminados en caliente","Producción","miles de tn","Cámara Argentina del Acero","Mensual","Nacional","PAIS","200","Argentina",1994-01-01,269.3
26,"Industrias Metálicas Básicas, Siderurgia y aluminio",453,"Laminados en caliente","Producción","miles de tn","Cámara Argentina del Acero","Mensual","Nacional","PAIS","200","Argentina",1994-02-01,155.6
26,"Industrias Metálicas Básicas, Siderurgia y aluminio",453,"Laminados en caliente","Producción","miles de tn","Cámara Argentina del Acero","Mensual","Nacional","PAIS","200","Argentina",1994-03-01,259.4
26,"Industrias Metálicas Básicas, Siderurgia y aluminio",453,"Laminados en caliente","Producción","miles de tn","Cámara Argentina del Acero","Mensual","Nacional","PAIS","200","Argentina",1994-04-01,298.3
26,"Industrias Metálicas Básicas, Siderurgia y aluminio",453,"Laminados en caliente","Producción","miles de tn","Cámara Argentina del Acero","Mensual","Nacional","PAIS","200","Argentina",1994-05-01,288.4
26,"Industrias Metálicas Básicas, Siderurgia y aluminio",453,"Laminados en caliente","Producción","miles de tn","Cámara Argentina del Acero","Mensual","Nacional","PAIS","200","Argentina",1994-06-01,283.5
26,"Industrias Metálicas Básicas, Siderurgia y aluminio",453,"Laminados en caliente","Producción","miles de tn","Cámara Argentina del Acero","Mensual","Nacional","PAIS","200","Argentina",1994-07-01,295
26,"Industrias Metálicas Básicas, Siderurgia y aluminio",453,"Laminados en caliente","Producción","miles de tn","Cámara Argentina del Acero","Mensual","Nacional","PAIS","200","Argentina",1994-08-01,312.2
26,"Industrias Metálicas Básicas, Siderurgia y aluminio",453,"Laminados en caliente","Producción","miles de tn","Cámara Argentina del Acero","Mensual","Nacional","PAIS","200","Argentina",1994-09-01,289.9
26,"Industrias Metálicas Básicas, Siderurgia y aluminio",453,"Laminados en caliente","Producción","miles de tn","Cámara Argentina del Acero","Mensual","Nacional","PAIS","200","Argentina",1994-10-01,329.3
26,"Industrias Metálicas Básicas, Siderurgia y aluminio",453,"Laminados en caliente","Producción","miles de tn","Cámara Argentina del Acero","Mensual","Nacional","PAIS","200","Argentina",1994-11-01,300.5
26,"Industrias Metálicas Básicas, Siderurgia y aluminio",453,"Laminados en caliente","Producción","miles de tn","Cámara Argentina del Acero","Mensual","Nacional","PAIS","200","Argentina",1994-12-01,276.4
26,"Industrias Metálicas Básicas, Siderurgia y aluminio",453,"Laminados en caliente","Producción","miles de tn","Cámara Argentina del Acero","Mensual","Nacional","PAIS","200","Argentina",1995-01-01,305.044
26,"Industrias Metálicas Básicas, Siderurgia y aluminio",453,"Laminados en caliente","Producción","miles de tn","Cámara Argentina del Acero","Mensual","Nacional","PAIS","200","Argentina",1995-02-01,205.701
26,"Industrias Metálicas Básicas, Siderurgia y aluminio",453,"Laminados en caliente","Producción","miles de tn","Cámara Argentina del Acero","Mensual","Nacional","PAIS","200","Argentina",1995-03-01,241.905
26,"Industrias Metálicas Básicas, Siderurgia y aluminio",453,"Laminados en caliente","Producción","miles de tn","Cámara Argentina del Acero","Mensual","Nacional","PAIS","200","Argentina",1995-04-01,316.328
26,"Industrias Metálicas Básicas, Siderurgia y aluminio",453,"Laminados en caliente","Producción","miles de tn","Cámara Argentina del Acero","Mensual","Nacional","PAIS","200","Argentina",1995-05-01,318.873
26,"Industrias Metálicas Básicas, Siderurgia y aluminio",453,"Laminados en caliente","Producción","miles de tn","Cámara Argentina del Acero","Mensual","Nacional","PAIS","200","Argentina",1995-06-01,325.59
26,"Industrias Metálicas Básicas, Siderurgia y aluminio",453,"Laminados en caliente","Producción","miles de tn","Cámara Argentina del Acero","Mensual","Nacional","PAIS","200","Argentina",1995-07-01,341.965
26,"Industrias Metálicas Básicas, Siderurgia y aluminio",453,"Laminados en caliente","Producción","miles de tn","Cámara Argentina del Acero","Mensual","Nacional","PAIS","200","Argentina",1995-08-01,346.221
26,"Industrias Metálicas Básicas, Siderurgia y aluminio",453,"Laminados en caliente","Producción","miles de tn","Cámara Argentina del Acero","Mensual","Nacional","PAIS","200","Argentina",1995-09-01,313.437
26,"Industrias Metálicas Básicas, Siderurgia y aluminio",453,"Laminados en caliente","Producción","miles de tn","Cámara Argentina del Acero","Mensual","Nacional","PAIS","200","Argentina",1995-10-01,345.102
26,"Industrias Metálicas Básicas, Siderurgia y aluminio",453,"Laminados en caliente","Producción","miles de tn","Cámara Argentina del Acero","Mensual","Nacional","PAIS","200","Argentina",1995-11-01,331.193
26,"Industrias Metálicas Básicas, Siderurgia y aluminio",453,"Laminados en caliente","Producción","miles de tn","Cámara Argentina del Acero","Mensual","Nacional","PAIS","200","Argentina",1995-12-01,292.752
26,"Industrias Metálicas Básicas, Siderurgia y aluminio",453,"Laminados en caliente","Producción","miles de tn","Cámara Argentina del Acero","Mensual","Nacional","PAIS","200","Argentina",1996-01-01,184.4
26,"Industrias Metálicas Básicas, Siderurgia y aluminio",453,"Laminados en caliente","Producción","miles de tn","Cámara Argentina del Acero","Mensual","Nacional","PAIS","200","Argentina",1996-02-01,264.5
26,"Industrias Metálicas Básicas, Siderurgia y aluminio",453,"Laminados en caliente","Producción","miles de tn","Cámara Argentina del Acero","Mensual","Nacional","PAIS","200","Argentina",1996-03-01,355.8
26,"Industrias Metálicas Básicas, Siderurgia y aluminio",453,"Laminados en caliente","Producción","miles de tn","Cámara Argentina del Acero","Mensual","Nacional","PAIS","200","Argentina",1996-04-01,328.8
26,"Industrias Metálicas Básicas, Siderurgia y aluminio",453,"Laminados en caliente","Producción","miles de tn","Cámara Argentina del Acero","Mensual","Nacional","PAIS","200","Argentina",1996-05-01,348.4
26,"Industrias Metálicas Básicas, Siderurgia y aluminio",453,"Laminados en caliente","Producción","miles de tn","Cámara Argentina del Acero","Mensual","Nacional","PAIS","200","Argentina",1996-06-01,348.4
26,"Industrias Metálicas Básicas, Siderurgia y aluminio",453,"Laminados en caliente","Producción","miles de tn","Cámara Argentina del Acero","Mensual","Nacional","PAIS","200","Argentina",1996-07-01,358.5
26,"Industrias Metálicas Básicas, Siderurgia y aluminio",453,"Laminados en caliente","Producción","miles de tn","Cámara Argentina del Acero","Mensual","Nacional","PAIS","200","Argentina",1996-08-01,363.6
26,"Industrias Metálicas Básicas, Siderurgia y aluminio",453,"Laminados en caliente","Producción","miles de tn","Cámara Argentina del Acero","Mensual","Nacional","PAIS","200","Argentina",1996-09-01,353.1
26,"Industrias Metálicas Básicas, Siderurgia y aluminio",453,"Laminados en caliente","Producción","miles de tn","Cámara Argentina del Acero","Mensual","Nacional","PAIS","200","Argentina",1996-10-01,390.4
26,"Industrias Metálicas Básicas, Siderurgia y aluminio",453,"Laminados en caliente","Producción","miles de tn","Cámara Argentina del Acero","Mensual","Nacional","PAIS","200","Argentina",1996-11-01,380.2
26,"Industrias Metálicas Básicas, Siderurgia y aluminio",453,"Laminados en caliente","Producción","miles de tn","Cámara Argentina del Acero","Mensual","Nacional","PAIS","200","Argentina",1996-12-01,348.7
26,"Industrias Metálicas Básicas, Siderurgia y aluminio",453,"Laminados en caliente","Producción","miles de tn","Cámara Argentina del Acero","Mensual","Nacional","PAIS","200","Argentina",1997-01-01,199.944
26,"Industrias Metálicas Básicas, Siderurgia y aluminio",453,"Laminados en caliente","Producción","miles de tn","Cámara Argentina del Acero","Mensual","Nacional","PAIS","200","Argentina",1997-02-01,242.333
26,"Industrias Metálicas Básicas, Siderurgia y aluminio",453,"Laminados en caliente","Producción","miles de tn","Cámara Argentina del Acero","Mensual","Nacional","PAIS","200","Argentina",1997-03-01,354.961
26,"Industrias Metálicas Básicas, Siderurgia y aluminio",453,"Laminados en caliente","Producción","miles de tn","Cámara Argentina del Acero","Mensual","Nacional","PAIS","200","Argentina",1997-04-01,373.672
26,"Industrias Metálicas Básicas, Siderurgia y aluminio",453,"Laminados en caliente","Producción","miles de tn","Cámara Argentina del Acero","Mensual","Nacional","PAIS","200","Argentina",1997-05-01,367.572
26,"Industrias Metálicas Básicas, Siderurgia y aluminio",453,"Laminados en caliente","Producción","miles de tn","Cámara Argentina del Acero","Mensual","Nacional","PAIS","200","Argentina",1997-06-01,376.871
26,"Industrias Metálicas Básicas, Siderurgia y aluminio",453,"Laminados en caliente","Producción","miles de tn","Cámara Argentina del Acero","Mensual","Nacional","PAIS","200","Argentina",1997-07-01,387.442
26,"Industrias Metálicas Básicas, Siderurgia y aluminio",453,"Laminados en caliente","Producción","miles de tn","Cámara Argentina del Acero","Mensual","Nacional","PAIS","200","Argentina",1997-08-01,395.965
26,"Industrias Metálicas Básicas, Siderurgia y aluminio",453,"Laminados en caliente","Producción","miles de tn","Cámara Argentina del Acero","Mensual","Nacional","PAIS","200","Argentina",1997-09-01,382.934
26,"Industrias Metálicas Básicas, Siderurgia y aluminio",453,"Laminados en caliente","Producción","miles de tn","Cámara Argentina del Acero","Mensual","Nacional","PAIS","200","Argentina",1997-10-01,423.183
26,"Industrias Metálicas Básicas, Siderurgia y aluminio",453,"Laminados en caliente","Producción","miles de tn","Cámara Argentina del Acero","Mensual","Nacional","PAIS","200","Argentina",1997-11-01,395.093
26,"Industrias Metálicas Básicas, Siderurgia y aluminio",453,"Laminados en caliente","Producción","miles de tn","Cámara Argentina del Acero","Mensual","Nacional","PAIS","200","Argentina",1997-12-01,357.088
26,"Industrias Metálicas Básicas, Siderurgia y aluminio",453,"Laminados en caliente","Producción","miles de tn","Cámara Argentina del Acero","Mensual","Nacional","PAIS","200","Argentina",1998-01-01,316.388
26,"Industrias Metálicas Básicas, Siderurgia y aluminio",453,"Laminados en caliente","Producción","miles de tn","Cámara Argentina del Acero","Mensual","Nacional","PAIS","200","Argentina",1998-02-01,259.207
26,"Industrias Metálicas Básicas, Siderurgia y aluminio",453,"Laminados en caliente","Producción","miles de tn","Cámara Argentina del Acero","Mensual","Nacional","PAIS","200","Argentina",1998-03-01,361.674
26,"Industrias Metálicas Básicas, Siderurgia y aluminio",453,"Laminados en caliente","Producción","miles de tn","Cámara Argentina del Acero","Mensual","Nacional","PAIS","200","Argentina",1998-04-01,395.805
26,"Industrias Metálicas Básicas, Siderurgia y aluminio",453,"Laminados en caliente","Producción","miles de tn","Cámara Argentina del Acero","Mensual","Nacional","PAIS","200","Argentina",1998-05-01,394.356
26,"Industrias Metálicas Básicas, Siderurgia y aluminio",453,"Laminados en caliente","Producción","miles de tn","Cámara Argentina del Acero","Mensual","Nacional","PAIS","200","Argentina",1998-06-01,375.667
26,"Industrias Metálicas Básicas, Siderurgia y aluminio",453,"Laminados en caliente","Producción","miles de tn","Cámara Argentina del Acero","Mensual","Nacional","PAIS","200","Argentina",1998-07-01,333.81
26,"Industrias Metálicas Básicas, Siderurgia y aluminio",453,"Laminados en caliente","Producción","miles de tn","Cámara Argentina del Acero","Mensual","Nacional","PAIS","200","Argentina",1998-08-01,386.411
26,"Industrias Metálicas Básicas, Siderurgia y aluminio",453,"Laminados en caliente","Producción","miles de tn","Cámara Argentina del Acero","Mensual","Nacional","PAIS","200","Argentina",1998-09-01,337.577
26,"Industrias Metálicas Básicas, Siderurgia y aluminio",453,"Laminados en caliente","Producción","miles de tn","Cámara Argentina del Acero","Mensual","Nacional","PAIS","200","Argentina",1998-10-01,332.634
26,"Industrias Metálicas Básicas, Siderurgia y aluminio",453,"Laminados en caliente","Producción","miles de tn","Cámara Argentina del Acero","Mensual","Nacional","PAIS","200","Argentina",1998-11-01,332.35
26,"Industrias Metálicas Básicas, Siderurgia y aluminio",453,"Laminados en caliente","Producción","miles de tn","Cámara Argentina del Acero","Mensual","Nacional","PAIS","200","Argentina",1998-12-01,305.128
26,"Industrias Metálicas Básicas, Siderurgia y aluminio",453,"Laminados en caliente","Producción","miles de tn","Cámara Argentina del Acero","Mensual","Nacional","PAIS","200","Argentina",1999-01-01,230.564
26,"Industrias Metálicas Básicas, Siderurgia y aluminio",453,"Laminados en caliente","Producción","miles de tn","Cámara Argentina del Acero","Mensual","Nacional","PAIS","200","Argentina",1999-02-01,208.094
26,"Industrias Metálicas Básicas, Siderurgia y aluminio",453,"Laminados en caliente","Producción","miles de tn","Cámara Argentina del Acero","Mensual","Nacional","PAIS","200","Argentina",1999-03-01,303.711
26,"Industrias Metálicas Básicas, Siderurgia y aluminio",453,"Laminados en caliente","Producción","miles de tn","Cámara Argentina del Acero","Mensual","Nacional","PAIS","200","Argentina",1999-04-01,312.78
26,"Industrias Metálicas Básicas, Siderurgia y aluminio",453,"Laminados en caliente","Producción","miles de tn","Cámara Argentina del Acero","Mensual","Nacional","PAIS","200","Argentina",1999-05-01,334.554
26,"Industrias Metálicas Básicas, Siderurgia y aluminio",453,"Laminados en caliente","Producción","miles de tn","Cámara Argentina del Acero","Mensual","Nacional","PAIS","200","Argentina",1999-06-01,321.625
26,"Industrias Metálicas Básicas, Siderurgia y aluminio",453,"Laminados en caliente","Producción","miles de tn","Cámara Argentina del Acero","Mensual","Nacional","PAIS","200","Argentina",1999-07-01,331.824
26,"Industrias Metálicas Básicas, Siderurgia y aluminio",453,"Laminados en caliente","Producción","miles de tn","Cámara Argentina del Acero","Mensual","Nacional","PAIS","200","Argentina",1999-08-01,344.191
26,"Industrias Metálicas Básicas, Siderurgia y aluminio",453,"Laminados en caliente","Producción","miles de tn","Cámara Argentina del Acero","Mensual","Nacional","PAIS","200","Argentina",1999-09-01,347.864
26,"Industrias Metálicas Básicas, Siderurgia y aluminio",453,"Laminados en caliente","Producción","miles de tn","Cámara Argentina del Acero","Mensual","Nacional","PAIS","200","Argentina",1999-10-01,366.328
26,"Industrias Metálicas Básicas, Siderurgia y aluminio",453,"Laminados en caliente","Producción","miles de tn","Cámara Argentina del Acero","Mensual","Nacional","PAIS","200","Argentina",1999-11-01,355.31
26,"Industrias Metálicas Básicas, Siderurgia y aluminio",453,"Laminados en caliente","Producción","miles de tn","Cámara Argentina del Acero","Mensual","Nacional","PAIS","200","Argentina",1999-12-01,330.851
26,"Industrias Metálicas Básicas, Siderurgia y aluminio",453,"Laminados en caliente","Producción","miles de tn","Cámara Argentina del Acero","Mensual","Nacional","PAIS","200","Argentina",2000-01-01,311.383
26,"Industrias Metálicas Básicas, Siderurgia y aluminio",453,"Laminados en caliente","Producción","miles de tn","Cámara Argentina del Acero","Mensual","Nacional","PAIS","200","Argentina",2000-02-01,327.794
26,"Industrias Metálicas Básicas, Siderurgia y aluminio",453,"Laminados en caliente","Producción","miles de tn","Cámara Argentina del Acero","Mensual","Nacional","PAIS","200","Argentina",2000-03-01,318.34
26,"Industrias Metálicas Básicas, Siderurgia y aluminio",453,"Laminados en caliente","Producción","miles de tn","Cámara Argentina del Acero","Mensual","Nacional","PAIS","200","Argentina",2000-04-01,340.524
26,"Industrias Metálicas Básicas, Siderurgia y aluminio",453,"Laminados en caliente","Producción","miles de tn","Cámara Argentina del Acero","Mensual","Nacional","PAIS","200","Argentina",2000-05-01,384.257
26,"Industrias Metálicas Básicas, Siderurgia y aluminio",453,"Laminados en caliente","Producción","miles de tn","Cámara Argentina del Acero","Mensual","Nacional","PAIS","200","Argentina",2000-06-01,308.625
26,"Industrias Metálicas Básicas, Siderurgia y aluminio",453,"Laminados en caliente","Producción","miles de tn","Cámara Argentina del Acero","Mensual","Nacional","PAIS","200","Argentina",2000-07-01,346.24
26,"Industrias Metálicas Básicas, Siderurgia y aluminio",453,"Laminados en caliente","Producción","miles de tn","Cámara Argentina del Acero","Mensual","Nacional","PAIS","200","Argentina",2000-08-01,404.082
26,"Industrias Metálicas Básicas, Siderurgia y aluminio",453,"Laminados en caliente","Producción","miles de tn","Cámara Argentina del Acero","Mensual","Nacional","PAIS","200","Argentina",2000-09-01,368.261
26,"Industrias Metálicas Básicas, Siderurgia y aluminio",453,"Laminados en caliente","Producción","miles de tn","Cámara Argentina del Acero","Mensual","Nacional","PAIS","200","Argentina",2000-10-01,361.318
26,"Industrias Metálicas Básicas, Siderurgia y aluminio",453,"Laminados en caliente","Producción","miles de tn","Cámara Argentina del Acero","Mensual","Nacional","PAIS","200","Argentina",2000-11-01,352.406
26,"Industrias Metálicas Básicas, Siderurgia y aluminio",453,"Laminados en caliente","Producción","miles de tn","Cámara Argentina del Acero","Mensual","Nacional","PAIS","200","Argentina",2000-12-01,353.567
26,"Industrias Metálicas Básicas, Siderurgia y aluminio",453,"Laminados en caliente","Producción","miles de tn","Cámara Argentina del Acero","Mensual","Nacional","PAIS","200","Argentina",2001-01-01,317.047
26,"Industrias Metálicas Básicas, Siderurgia y aluminio",453,"Laminados en caliente","Producción","miles de tn","Cámara Argentina del Acero","Mensual","Nacional","PAIS","200","Argentina",2001-02-01,311.026
26,"Industrias Metálicas Básicas, Siderurgia y aluminio",453,"Laminados en caliente","Producción","miles de tn","Cámara Argentina del Acero","Mensual","Nacional","PAIS","200","Argentina",2001-03-01,384.992
26,"Industrias Metálicas Básicas, Siderurgia y aluminio",453,"Laminados en caliente","Producción","miles de tn","Cámara Argentina del Acero","Mensual","Nacional","PAIS","200","Argentina",2001-04-01,370.896
26,"Industrias Metálicas Básicas, Siderurgia y aluminio",453,"Laminados en caliente","Producción","miles de tn","Cámara Argentina del Acero","Mensual","Nacional","PAIS","200","Argentina",2001-05-01,353.549
26,"Industrias Metálicas Básicas, Siderurgia y aluminio",453,"Laminados en caliente","Producción","miles de tn","Cámara Argentina del Acero","Mensual","Nacional","PAIS","200","Argentina",2001-06-01,338.184
26,"Industrias Metálicas Básicas, Siderurgia y aluminio",453,"Laminados en caliente","Producción","miles de tn","Cámara Argentina del Acero","Mensual","Nacional","PAIS","200","Argentina",2001-07-01,345.988
26,"Industrias Metálicas Básicas, Siderurgia y aluminio",453,"Laminados en caliente","Producción","miles de tn","Cámara Argentina del Acero","Mensual","Nacional","PAIS","200","Argentina",2001-08-01,289.731
26,"Industrias Metálicas Básicas, Siderurgia y aluminio",453,"Laminados en caliente","Producción","miles de tn","Cámara Argentina del Acero","Mensual","Nacional","PAIS","200","Argentina",2001-09-01,327.48
26,"Industrias Metálicas Básicas, Siderurgia y aluminio",453,"Laminados en caliente","Producción","miles de tn","Cámara Argentina del Acero","Mensual","Nacional","PAIS","200","Argentina",2001-10-01,314.423
26,"Industrias Metálicas Básicas, Siderurgia y aluminio",453,"Laminados en caliente","Producción","miles de tn","Cámara Argentina del Acero","Mensual","Nacional","PAIS","200","Argentina",2001-11-01,276.962
26,"Industrias Metálicas Básicas, Siderurgia y aluminio",453,"Laminados en caliente","Producción","miles de tn","Cámara Argentina del Acero","Mensual","Nacional","PAIS","200","Argentina",2001-12-01,217.409
26,"Industrias Metálicas Básicas, Siderurgia y aluminio",453,"Laminados en caliente","Producción","miles de tn","Cámara Argentina del Acero","Mensual","Nacional","PAIS","200","Argentina",2002-01-01,212.508
26,"Industrias Metálicas Básicas, Siderurgia y aluminio",453,"Laminados en caliente","Producción","miles de tn","Cámara Argentina del Acero","Mensual","Nacional","PAIS","200","Argentina",2002-02-01,255.067
26,"Industrias Metálicas Básicas, Siderurgia y aluminio",453,"Laminados en caliente","Producción","miles de tn","Cámara Argentina del Acero","Mensual","Nacional","PAIS","200","Argentina",2002-03-01,319.886
26,"Industrias Metálicas Básicas, Siderurgia y aluminio",453,"Laminados en caliente","Producción","miles de tn","Cámara Argentina del Acero","Mensual","Nacional","PAIS","200","Argentina",2002-04-01,344.622
26,"Industrias Metálicas Básicas, Siderurgia y aluminio",453,"Laminados en caliente","Producción","miles de tn","Cámara Argentina del Acero","Mensual","Nacional","PAIS","200","Argentina",2002-05-01,329.928
26,"Industrias Metálicas Básicas, Siderurgia y aluminio",453,"Laminados en caliente","Producción","miles de tn","Cámara Argentina del Acero","Mensual","Nacional","PAIS","200","Argentina",2002-06-01,340.318
26,"Industrias Metálicas Básicas, Siderurgia y aluminio",453,"Laminados en caliente","Producción","miles de tn","Cámara Argentina del Acero","Mensual","Nacional","PAIS","200","Argentina",2002-07-01,342.107
26,"Industrias Metálicas Básicas, Siderurgia y aluminio",453,"Laminados en caliente","Producción","miles de tn","Cámara Argentina del Acero","Mensual","Nacional","PAIS","200","Argentina",2002-08-01,367.43
26,"Industrias Metálicas Básicas, Siderurgia y aluminio",453,"Laminados en caliente","Producción","miles de tn","Cámara Argentina del Acero","Mensual","Nacional","PAIS","200","Argentina",2002-09-01,332.441
26,"Industrias Metálicas Básicas, Siderurgia y aluminio",453,"Laminados en caliente","Producción","miles de tn","Cámara Argentina del Acero","Mensual","Nacional","PAIS","200","Argentina",2002-10-01,356.32
26,"Industrias Metálicas Básicas, Siderurgia y aluminio",453,"Laminados en caliente","Producción","miles de tn","Cámara Argentina del Acero","Mensual","Nacional","PAIS","200","Argentina",2002-11-01,337.984
26,"Industrias Metálicas Básicas, Siderurgia y aluminio",453,"Laminados en caliente","Producción","miles de tn","Cámara Argentina del Acero","Mensual","Nacional","PAIS","200","Argentina",2002-12-01,288.668
26,"Industrias Metálicas Básicas, Siderurgia y aluminio",453,"Laminados en caliente","Producción","miles de tn","Cámara Argentina del Acero","Mensual","Nacional","PAIS","200","Argentina",2003-01-01,337.029
26,"Industrias Metálicas Básicas, Siderurgia y aluminio",453,"Laminados en caliente","Producción","miles de tn","Cámara Argentina del Acero","Mensual","Nacional","PAIS","200","Argentina",2003-02-01,347.349
26,"Industrias Metálicas Básicas, Siderurgia y aluminio",453,"Laminados en caliente","Producción","miles de tn","Cámara Argentina del Acero","Mensual","Nacional","PAIS","200","Argentina",2003-03-01,408.069
26,"Industrias Metálicas Básicas, Siderurgia y aluminio",453,"Laminados en caliente","Producción","miles de tn","Cámara Argentina del Acero","Mensual","Nacional","PAIS","200","Argentina",2003-04-01,389.432
26,"Industrias Metálicas Básicas, Siderurgia y aluminio",453,"Laminados en caliente","Producción","miles de tn","Cámara Argentina del Acero","Mensual","Nacional","PAIS","200","Argentina",2003-05-01,398.654
26,"Industrias Metálicas Básicas, Siderurgia y aluminio",453,"Laminados en caliente","Producción","miles de tn","Cámara Argentina del Acero","Mensual","Nacional","PAIS","200","Argentina",2003-06-01,394.45
26,"Industrias Metálicas Básicas, Siderurgia y aluminio",453,"Laminados en caliente","Producción","miles de tn","Cámara Argentina del Acero","Mensual","Nacional","PAIS","200","Argentina",2003-07-01,416.648
26,"Industrias Metálicas Básicas, Siderurgia y aluminio",453,"Laminados en caliente","Producción","miles de tn","Cámara Argentina del Acero","Mensual","Nacional","PAIS","200","Argentina",2003-08-01,393.412
26,"Industrias Metálicas Básicas, Siderurgia y aluminio",453,"Laminados en caliente","Producción","miles de tn","Cámara Argentina del Acero","Mensual","Nacional","PAIS","200","Argentina",2003-09-01,398.253
26,"Industrias Metálicas Básicas, Siderurgia y aluminio",453,"Laminados en caliente","Producción","miles de tn","Cámara Argentina del Acero","Mensual","Nacional","PAIS","200","Argentina",2003-10-01,430.687
26,"Industrias Metálicas Básicas, Siderurgia y aluminio",453,"Laminados en caliente","Producción","miles de tn","Cámara Argentina del Acero","Mensual","Nacional","PAIS","200","Argentina",2003-11-01,387.263
26,"Industrias Metálicas Básicas, Siderurgia y aluminio",453,"Laminados en caliente","Producción","miles de tn","Cámara Argentina del Acero","Mensual","Nacional","PAIS","200","Argentina",2003-12-01,384.394
26,"Industrias Metálicas Básicas, Siderurgia y aluminio",453,"Laminados en caliente","Producción","miles de tn","Cámara Argentina del Acero","Mensual","Nacional","PAIS","200","Argentina",2004-01-01,350.7
26,"Industrias Metálicas Básicas, Siderurgia y aluminio",453,"Laminados en caliente","Producción","miles de tn","Cámara Argentina del Acero","Mensual","Nacional","PAIS","200","Argentina",2004-02-01,399.4
26,"Industrias Metálicas Básicas, Siderurgia y aluminio",453,"Laminados en caliente","Producción","miles de tn","Cámara Argentina del Acero","Mensual","Nacional","PAIS","200","Argentina",2004-03-01,407
26,"Industrias Metálicas Básicas, Siderurgia y aluminio",453,"Laminados en caliente","Producción","miles de tn","Cámara Argentina del Acero","Mensual","Nacional","PAIS","200","Argentina",2004-04-01,408.6
26,"Industrias Metálicas Básicas, Siderurgia y aluminio",453,"Laminados en caliente","Producción","miles de tn","Cámara Argentina del Acero","Mensual","Nacional","PAIS","200","Argentina",2004-05-01,402.6
26,"Industrias Metálicas Básicas, Siderurgia y aluminio",453,"Laminados en caliente","Producción","miles de tn","Cámara Argentina del Acero","Mensual","Nacional","PAIS","200","Argentina",2004-06-01,414.4
26,"Industrias Metálicas Básicas, Siderurgia y aluminio",453,"Laminados en caliente","Producción","miles de tn","Cámara Argentina del Acero","Mensual","Nacional","PAIS","200","Argentina",2004-07-01,423.2
26,"Industrias Metálicas Básicas, Siderurgia y aluminio",453,"Laminados en caliente","Producción","miles de tn","Cámara Argentina del Acero","Mensual","Nacional","PAIS","200","Argentina",2004-08-01,314.7
26,"Industrias Metálicas Básicas, Siderurgia y aluminio",453,"Laminados en caliente","Producción","miles de tn","Cámara Argentina del Acero","Mensual","Nacional","PAIS","200","Argentina",2004-09-01,378.8
26,"Industrias Metálicas Básicas, Siderurgia y aluminio",453,"Laminados en caliente","Producción","miles de tn","Cámara Argentina del Acero","Mensual","Nacional","PAIS","200","Argentina",2004-10-01,449.1
26,"Industrias Metálicas Básicas, Siderurgia y aluminio",453,"Laminados en caliente","Producción","miles de tn","Cámara Argentina del Acero","Mensual","Nacional","PAIS","200","Argentina",2004-11-01,438.5
26,"Industrias Metálicas Básicas, Siderurgia y aluminio",453,"Laminados en caliente","Producción","miles de tn","Cámara Argentina del Acero","Mensual","Nacional","PAIS","200","Argentina",2004-12-01,416.581
26,"Industrias Metálicas Básicas, Siderurgia y aluminio",453,"Laminados en caliente","Producción","miles de tn","Cámara Argentina del Acero","Mensual","Nacional","PAIS","200","Argentina",2005-01-01,410.3
26,"Industrias Metálicas Básicas, Siderurgia y aluminio",453,"Laminados en caliente","Producción","miles de tn","Cámara Argentina del Acero","Mensual","Nacional","PAIS","200","Argentina",2005-02-01,397.6
26,"Industrias Metálicas Básicas, Siderurgia y aluminio",453,"Laminados en caliente","Producción","miles de tn","Cámara Argentina del Acero","Mensual","Nacional","PAIS","200","Argentina",2005-03-01,426.2
26,"Industrias Metálicas Básicas, Siderurgia y aluminio",453,"Laminados en caliente","Producción","miles de tn","Cámara Argentina del Acero","Mensual","Nacional","PAIS","200","Argentina",2005-04-01,432.2
26,"Industrias Metálicas Básicas, Siderurgia y aluminio",453,"Laminados en caliente","Producción","miles de tn","Cámara Argentina del Acero","Mensual","Nacional","PAIS","200","Argentina",2005-05-01,404.7
26,"Industrias Metálicas Básicas, Siderurgia y aluminio",453,"Laminados en caliente","Producción","miles de tn","Cámara Argentina del Acero","Mensual","Nacional","PAIS","200","Argentina",2005-06-01,415.5
26,"Industrias Metálicas Básicas, Siderurgia y aluminio",453,"Laminados en caliente","Producción","miles de tn","Cámara Argentina del Acero","Mensual","Nacional","PAIS","200","Argentina",2005-07-01,395.3
26,"Industrias Metálicas Básicas, Siderurgia y aluminio",453,"Laminados en caliente","Producción","miles de tn","Cámara Argentina del Acero","Mensual","Nacional","PAIS","200","Argentina",2005-08-01,431.8
26,"Industrias Metálicas Básicas, Siderurgia y aluminio",453,"Laminados en caliente","Producción","miles de tn","Cámara Argentina del Acero","Mensual","Nacional","PAIS","200","Argentina",2005-09-01,325.8
26,"Industrias Metálicas Básicas, Siderurgia y aluminio",453,"Laminados en caliente","Producción","miles de tn","Cámara Argentina del Acero","Mensual","Nacional","PAIS","200","Argentina",2005-10-01,442.2
26,"Industrias Metálicas Básicas, Siderurgia y aluminio",453,"Laminados en caliente","Producción","miles de tn","Cámara Argentina del Acero","Mensual","Nacional","PAIS","200","Argentina",2005-11-01,427.6
26,"Industrias Metálicas Básicas, Siderurgia y aluminio",453,"Laminados en caliente","Producción","miles de tn","Cámara Argentina del Acero","Mensual","Nacional","PAIS","200","Argentina",2005-12-01,423.191
26,"Industrias Metálicas Básicas, Siderurgia y aluminio",453,"Laminados en caliente","Producción","miles de tn","Cámara Argentina del Acero","Mensual","Nacional","PAIS","200","Argentina",2006-01-01,393.1
26,"Industrias Metálicas Básicas, Siderurgia y aluminio",453,"Laminados en caliente","Producción","miles de tn","Cámara Argentina del Acero","Mensual","Nacional","PAIS","200","Argentina",2006-02-01,383.6
26,"Industrias Metálicas Básicas, Siderurgia y aluminio",453,"Laminados en caliente","Producción","miles de tn","Cámara Argentina del Acero","Mensual","Nacional","PAIS","200","Argentina",2006-03-01,465.2
26,"Industrias Metálicas Básicas, Siderurgia y aluminio",453,"Laminados en caliente","Producción","miles de tn","Cámara Argentina del Acero","Mensual","Nacional","PAIS","200","Argentina",2006-04-01,432.3
26,"Industrias Metálicas Básicas, Siderurgia y aluminio",453,"Laminados en caliente","Producción","miles de tn","Cámara Argentina del Acero","Mensual","Nacional","PAIS","200","Argentina",2006-05-01,433.6
26,"Industrias Metálicas Básicas, Siderurgia y aluminio",453,"Laminados en caliente","Producción","miles de tn","Cámara Argentina del Acero","Mensual","Nacional","PAIS","200","Argentina",2006-06-01,452.1
26,"Industrias Metálicas Básicas, Siderurgia y aluminio",453,"Laminados en caliente","Producción","miles de tn","Cámara Argentina del Acero","Mensual","Nacional","PAIS","200","Argentina",2006-07-01,490.1
26,"Industrias Metálicas Básicas, Siderurgia y aluminio",453,"Laminados en caliente","Producción","miles de tn","Cámara Argentina del Acero","Mensual","Nacional","PAIS","200","Argentina",2006-08-01,464.6
26,"Industrias Metálicas Básicas, Siderurgia y aluminio",453,"Laminados en caliente","Producción","miles de tn","Cámara Argentina del Acero","Mensual","Nacional","PAIS","200","Argentina",2006-09-01,428.5
26,"Industrias Metálicas Básicas, Siderurgia y aluminio",453,"Laminados en caliente","Producción","miles de tn","Cámara Argentina del Acero","Mensual","Nacional","PAIS","200","Argentina",2006-10-01,481
26,"Industrias Metálicas Básicas, Siderurgia y aluminio",453,"Laminados en caliente","Producción","miles de tn","Cámara Argentina del Acero","Mensual","Nacional","PAIS","200","Argentina",2006-11-01,449
26,"Industrias Metálicas Básicas, Siderurgia y aluminio",453,"Laminados en caliente","Producción","miles de tn","Cámara Argentina del Acero","Mensual","Nacional","PAIS","200","Argentina",2006-12-01,435.13
26,"Industrias Metálicas Básicas, Siderurgia y aluminio",453,"Laminados en caliente","Producción","miles de tn","Cámara Argentina del Acero","Mensual","Nacional","PAIS","200","Argentina",2007-01-01,299.567
26,"Industrias Metálicas Básicas, Siderurgia y aluminio",453,"Laminados en caliente","Producción","miles de tn","Cámara Argentina del Acero","Mensual","Nacional","PAIS","200","Argentina",2007-02-01,399.35
26,"Industrias Metálicas Básicas, Siderurgia y aluminio",453,"Laminados en caliente","Producción","miles de tn","Cámara Argentina del Acero","Mensual","Nacional","PAIS","200","Argentina",2007-03-01,473.572
26,"Industrias Metálicas Básicas, Siderurgia y aluminio",453,"Laminados en caliente","Producción","miles de tn","Cámara Argentina del Acero","Mensual","Nacional","PAIS","200","Argentina",2007-04-01,437.259
26,"Industrias Metálicas Básicas, Siderurgia y aluminio",453,"Laminados en caliente","Producción","miles de tn","Cámara Argentina del Acero","Mensual","Nacional","PAIS","200","Argentina",2007-05-01,448.723
26,"Industrias Metálicas Básicas, Siderurgia y aluminio",453,"Laminados en caliente","Producción","miles de tn","Cámara Argentina del Acero","Mensual","Nacional","PAIS","200","Argentina",2007-06-01,419.16
26,"Industrias Metálicas Básicas, Siderurgia y aluminio",453,"Laminados en caliente","Producción","miles de tn","Cámara Argentina del Acero","Mensual","Nacional","PAIS","200","Argentina",2007-07-01,411.16
26,"Industrias Metálicas Básicas, Siderurgia y aluminio",453,"Laminados en caliente","Producción","miles de tn","Cámara Argentina del Acero","Mensual","Nacional","PAIS","200","Argentina",2007-08-01,432.685
26,"Industrias Metálicas Básicas, Siderurgia y aluminio",453,"Laminados en caliente","Producción","miles de tn","Cámara Argentina del Acero","Mensual","Nacional","PAIS","200","Argentina",2007-09-01,461.159
26,"Industrias Metálicas Básicas, Siderurgia y aluminio",453,"Laminados en caliente","Producción","miles de tn","Cámara Argentina del Acero","Mensual","Nacional","PAIS","200","Argentina",2007-10-01,469.219
26,"Industrias Metálicas Básicas, Siderurgia y aluminio",453,"Laminados en caliente","Producción","miles de tn","Cámara Argentina del Acero","Mensual","Nacional","PAIS","200","Argentina",2007-11-01,464.638
26,"Industrias Metálicas Básicas, Siderurgia y aluminio",453,"Laminados en caliente","Producción","miles de tn","Cámara Argentina del Acero","Mensual","Nacional","PAIS","200","Argentina",2007-12-01,456.432
26,"Industrias Metálicas Básicas, Siderurgia y aluminio",453,"Laminados en caliente","Producción","miles de tn","Cámara Argentina del Acero","Mensual","Nacional","PAIS","200","Argentina",2008-01-01,414.865
26,"Industrias Metálicas Básicas, Siderurgia y aluminio",453,"Laminados en caliente","Producción","miles de tn","Cámara Argentina del Acero","Mensual","Nacional","PAIS","200","Argentina",2008-02-01,427.36
26,"Industrias Metálicas Básicas, Siderurgia y aluminio",453,"Laminados en caliente","Producción","miles de tn","Cámara Argentina del Acero","Mensual","Nacional","PAIS","200","Argentina",2008-03-01,482.187
26,"Industrias Metálicas Básicas, Siderurgia y aluminio",453,"Laminados en caliente","Producción","miles de tn","Cámara Argentina del Acero","Mensual","Nacional","PAIS","200","Argentina",2008-04-01,497.543
26,"Industrias Metálicas Básicas, Siderurgia y aluminio",453,"Laminados en caliente","Producción","miles de tn","Cámara Argentina del Acero","Mensual","Nacional","PAIS","200","Argentina",2008-05-01,490.141
26,"Industrias Metálicas Básicas, Siderurgia y aluminio",453,"Laminados en caliente","Producción","miles de tn","Cámara Argentina del Acero","Mensual","Nacional","PAIS","200","Argentina",2008-06-01,471.868
26,"Industrias Metálicas Básicas, Siderurgia y aluminio",453,"Laminados en caliente","Producción","miles de tn","Cámara Argentina del Acero","Mensual","Nacional","PAIS","200","Argentina",2008-07-01,502.775
26,"Industrias Metálicas Básicas, Siderurgia y aluminio",453,"Laminados en caliente","Producción","miles de tn","Cámara Argentina del Acero","Mensual","Nacional","PAIS","200","Argentina",2008-08-01,331.559
26,"Industrias Metálicas Básicas, Siderurgia y aluminio",453,"Laminados en caliente","Producción","miles de tn","Cámara Argentina del Acero","Mensual","Nacional","PAIS","200","Argentina",2008-09-01,498.165
26,"Industrias Metálicas Básicas, Siderurgia y aluminio",453,"Laminados en caliente","Producción","miles de tn","Cámara Argentina del Acero","Mensual","Nacional","PAIS","200","Argentina",2008-10-01,506.847
26,"Industrias Metálicas Básicas, Siderurgia y aluminio",453,"Laminados en caliente","Producción","miles de tn","Cámara Argentina del Acero","Mensual","Nacional","PAIS","200","Argentina",2008-11-01,354.742
26,"Industrias Metálicas Básicas, Siderurgia y aluminio",453,"Laminados en caliente","Producción","miles de tn","Cámara Argentina del Acero","Mensual","Nacional","PAIS","200","Argentina",2008-12-01,232.431
26,"Industrias Metálicas Básicas, Siderurgia y aluminio",453,"Laminados en caliente","Producción","miles de tn","Cámara Argentina del Acero","Mensual","Nacional","PAIS","200","Argentina",2009-01-01,243.39
26,"Industrias Metálicas Básicas, Siderurgia y aluminio",453,"Laminados en caliente","Producción","miles de tn","Cámara Argentina del Acero","Mensual","Nacional","PAIS","200","Argentina",2009-02-01,270.362
26,"Industrias Metálicas Básicas, Siderurgia y aluminio",453,"Laminados en caliente","Producción","miles de tn","Cámara Argentina del Acero","Mensual","Nacional","PAIS","200","Argentina",2009-03-01,233.631
26,"Industrias Metálicas Básicas, Siderurgia y aluminio",453,"Laminados en caliente","Producción","miles de tn","Cámara Argentina del Acero","Mensual","Nacional","PAIS","200","Argentina",2009-04-01,257.191
26,"Industrias Metálicas Básicas, Siderurgia y aluminio",453,"Laminados en caliente","Producción","miles de tn","Cámara Argentina del Acero","Mensual","Nacional","PAIS","200","Argentina",2009-05-01,259.337
26,"Industrias Metálicas Básicas, Siderurgia y aluminio",453,"Laminados en caliente","Producción","miles de tn","Cámara Argentina del Acero","Mensual","Nacional","PAIS","200","Argentina",2009-06-01,282.116
26,"Industrias Metálicas Básicas, Siderurgia y aluminio",453,"Laminados en caliente","Producción","miles de tn","Cámara Argentina del Acero","Mensual","Nacional","PAIS","200","Argentina",2009-07-01,319.087
26,"Industrias Metálicas Básicas, Siderurgia y aluminio",453,"Laminados en caliente","Producción","miles de tn","Cámara Argentina del Acero","Mensual","Nacional","PAIS","200","Argentina",2009-08-01,346.168
26,"Industrias Metálicas Básicas, Siderurgia y aluminio",453,"Laminados en caliente","Producción","miles de tn","Cámara Argentina del Acero","Mensual","Nacional","PAIS","200","Argentina",2009-09-01,362.01
26,"Industrias Metálicas Básicas, Siderurgia y aluminio",453,"Laminados en caliente","Producción","miles de tn","Cámara Argentina del Acero","Mensual","Nacional","PAIS","200","Argentina",2009-10-01,394.345
26,"Industrias Metálicas Básicas, Siderurgia y aluminio",453,"Laminados en caliente","Producción","miles de tn","Cámara Argentina del Acero","Mensual","Nacional","PAIS","200","Argentina",2009-11-01,406.853
26,"Industrias Metálicas Básicas, Siderurgia y aluminio",453,"Laminados en caliente","Producción","miles de tn","Cámara Argentina del Acero","Mensual","Nacional","PAIS","200","Argentina",2009-12-01,372.384
26,"Industrias Metálicas Básicas, Siderurgia y aluminio",453,"Laminados en caliente","Producción","miles de tn","Cámara Argentina del Acero","Mensual","Nacional","PAIS","200","Argentina",2010-01-01,354.162
26,"Industrias Metálicas Básicas, Siderurgia y aluminio",453,"Laminados en caliente","Producción","miles de tn","Cámara Argentina del Acero","Mensual","Nacional","PAIS","200","Argentina",2010-02-01,413.136
26,"Industrias Metálicas Básicas, Siderurgia y aluminio",453,"Laminados en caliente","Producción","miles de tn","Cámara Argentina del Acero","Mensual","Nacional","PAIS","200","Argentina",2010-03-01,447.042
26,"Industrias Metálicas Básicas, Siderurgia y aluminio",453,"Laminados en caliente","Producción","miles de tn","Cámara Argentina del Acero","Mensual","Nacional","PAIS","200","Argentina",2010-04-01,433.384
26,"Industrias Metálicas Básicas, Siderurgia y aluminio",453,"Laminados en caliente","Producción","miles de tn","Cámara Argentina del Acero","Mensual","Nacional","PAIS","200","Argentina",2010-05-01,441.659
26,"Industrias Metálicas Básicas, Siderurgia y aluminio",453,"Laminados en caliente","Producción","miles de tn","Cámara Argentina del Acero","Mensual","Nacional","PAIS","200","Argentina",2010-06-01,436.391
26,"Industrias Metálicas Básicas, Siderurgia y aluminio",453,"Laminados en caliente","Producción","miles de tn","Cámara Argentina del Acero","Mensual","Nacional","PAIS","200","Argentina",2010-07-01,468.46
26,"Industrias Metálicas Básicas, Siderurgia y aluminio",453,"Laminados en caliente","Producción","miles de tn","Cámara Argentina del Acero","Mensual","Nacional","PAIS","200","Argentina",2010-08-01,507.785
26,"Industrias Metálicas Básicas, Siderurgia y aluminio",453,"Laminados en caliente","Producción","miles de tn","Cámara Argentina del Acero","Mensual","Nacional","PAIS","200","Argentina",2010-09-01,461.705
26,"Industrias Metálicas Básicas, Siderurgia y aluminio",453,"Laminados en caliente","Producción","miles de tn","Cámara Argentina del Acero","Mensual","Nacional","PAIS","200","Argentina",2010-10-01,433.629
26,"Industrias Metálicas Básicas, Siderurgia y aluminio",453,"Laminados en caliente","Producción","miles de tn","Cámara Argentina del Acero","Mensual","Nacional","PAIS","200","Argentina",2010-11-01,449.795
26,"Industrias Metálicas Básicas, Siderurgia y aluminio",453,"Laminados en caliente","Producción","miles de tn","Cámara Argentina del Acero","Mensual","Nacional","PAIS","200","Argentina",2010-12-01,364.951
26,"Industrias Metálicas Básicas, Siderurgia y aluminio",453,"Laminados en caliente","Producción","miles de tn","Cámara Argentina del Acero","Mensual","Nacional","PAIS","200","Argentina",2011-01-01,385.468
26,"Industrias Metálicas Básicas, Siderurgia y aluminio",453,"Laminados en caliente","Producción","miles de tn","Cámara Argentina del Acero","Mensual","Nacional","PAIS","200","Argentina",2011-02-01,405.028
26,"Industrias Metálicas Básicas, Siderurgia y aluminio",453,"Laminados en caliente","Producción","miles de tn","Cámara Argentina del Acero","Mensual","Nacional","PAIS","200","Argentina",2011-03-01,486.377
26,"Industrias Metálicas Básicas, Siderurgia y aluminio",453,"Laminados en caliente","Producción","miles de tn","Cámara Argentina del Acero","Mensual","Nacional","PAIS","200","Argentina",2011-04-01,337.482
26,"Industrias Metálicas Básicas, Siderurgia y aluminio",453,"Laminados en caliente","Producción","miles de tn","Cámara Argentina del Acero","Mensual","Nacional","PAIS","200","Argentina",2011-05-01,464.773
26,"Industrias Metálicas Básicas, Siderurgia y aluminio",453,"Laminados en caliente","Producción","miles de tn","Cámara Argentina del Acero","Mensual","Nacional","PAIS","200","Argentina",2011-06-01,471.493
26,"Industrias Metálicas Básicas, Siderurgia y aluminio",453,"Laminados en caliente","Producción","miles de tn","Cámara Argentina del Acero","Mensual","Nacional","PAIS","200","Argentina",2011-07-01,490.564
26,"Industrias Metálicas Básicas, Siderurgia y aluminio",453,"Laminados en caliente","Producción","miles de tn","Cámara Argentina del Acero","Mensual","Nacional","PAIS","200","Argentina",2011-08-01,499.598
26,"Industrias Metálicas Básicas, Siderurgia y aluminio",453,"Laminados en caliente","Producción","miles de tn","Cámara Argentina del Acero","Mensual","Nacional","PAIS","200","Argentina",2011-09-01,464.17
26,"Industrias Metálicas Básicas, Siderurgia y aluminio",453,"Laminados en caliente","Producción","miles de tn","Cámara Argentina del Acero","Mensual","Nacional","PAIS","200","Argentina",2011-10-01,492.472
26,"Industrias Metálicas Básicas, Siderurgia y aluminio",453,"Laminados en caliente","Producción","miles de tn","Cámara Argentina del Acero","Mensual","Nacional","PAIS","200","Argentina",2011-11-01,485.891
26,"Industrias Metálicas Básicas, Siderurgia y aluminio",453,"Laminados en caliente","Producción","miles de tn","Cámara Argentina del Acero","Mensual","Nacional","PAIS","200","Argentina",2011-12-01,424.774
26,"Industrias Metálicas Básicas, Siderurgia y aluminio",453,"Laminados en caliente","Producción","miles de tn","Cámara Argentina del Acero","Mensual","Nacional","PAIS","200","Argentina",2012-01-01,267.513
26,"Industrias Metálicas Básicas, Siderurgia y aluminio",453,"Laminados en caliente","Producción","miles de tn","Cámara Argentina del Acero","Mensual","Nacional","PAIS","200","Argentina",2012-02-01,389.627
26,"Industrias Metálicas Básicas, Siderurgia y aluminio",453,"Laminados en caliente","Producción","miles de tn","Cámara Argentina del Acero","Mensual","Nacional","PAIS","200","Argentina",2012-03-01,486.908
26,"Industrias Metálicas Básicas, Siderurgia y aluminio",453,"Laminados en caliente","Producción","miles de tn","Cámara Argentina del Acero","Mensual","Nacional","PAIS","200","Argentina",2012-04-01,446.026
26,"Industrias Metálicas Básicas, Siderurgia y aluminio",453,"Laminados en caliente","Producción","miles de tn","Cámara Argentina del Acero","Mensual","Nacional","PAIS","200","Argentina",2012-05-01,430.89
26,"Industrias Metálicas Básicas, Siderurgia y aluminio",453,"Laminados en caliente","Producción","miles de tn","Cámara Argentina del Acero","Mensual","Nacional","PAIS","200","Argentina",2012-06-01,458.853
26,"Industrias Metálicas Básicas, Siderurgia y aluminio",453,"Laminados en caliente","Producción","miles de tn","Cámara Argentina del Acero","Mensual","Nacional","PAIS","200","Argentina",2012-07-01,499.53
26,"Industrias Metálicas Básicas, Siderurgia y aluminio",453,"Laminados en caliente","Producción","miles de tn","Cámara Argentina del Acero","Mensual","Nacional","PAIS","200","Argentina",2012-08-01,400.486
26,"Industrias Metálicas Básicas, Siderurgia y aluminio",453,"Laminados en caliente","Producción","miles de tn","Cámara Argentina del Acero","Mensual","Nacional","PAIS","200","Argentina",2012-09-01,401.153
26,"Industrias Metálicas Básicas, Siderurgia y aluminio",453,"Laminados en caliente","Producción","miles de tn","Cámara Argentina del Acero","Mensual","Nacional","PAIS","200","Argentina",2012-10-01,385.898
26,"Industrias Metálicas Básicas, Siderurgia y aluminio",453,"Laminados en caliente","Producción","miles de tn","Cámara Argentina del Acero","Mensual","Nacional","PAIS","200","Argentina",2012-11-01,391.642
26,"Industrias Metálicas Básicas, Siderurgia y aluminio",453,"Laminados en caliente","Producción","miles de tn","Cámara Argentina del Acero","Mensual","Nacional","PAIS","200","Argentina",2012-12-01,393.966
26,"Industrias Metálicas Básicas, Siderurgia y aluminio",453,"Laminados en caliente","Producción","miles de tn","Cámara Argentina del Acero","Mensual","Nacional","PAIS","200","Argentina",2013-01-01,383.55
26,"Industrias Metálicas Básicas, Siderurgia y aluminio",453,"Laminados en caliente","Producción","miles de tn","Cámara Argentina del Acero","Mensual","Nacional","PAIS","200","Argentina",2013-02-01,353.895
26,"Industrias Metálicas Básicas, Siderurgia y aluminio",453,"Laminados en caliente","Producción","miles de tn","Cámara Argentina del Acero","Mensual","Nacional","PAIS","200","Argentina",2013-03-01,456.797
26,"Industrias Metálicas Básicas, Siderurgia y aluminio",453,"Laminados en caliente","Producción","miles de tn","Cámara Argentina del Acero","Mensual","Nacional","PAIS","200","Argentina",2013-04-01,457.741
26,"Industrias Metálicas Básicas, Siderurgia y aluminio",453,"Laminados en caliente","Producción","miles de tn","Cámara Argentina del Acero","Mensual","Nacional","PAIS","200","Argentina",2013-05-01,449.877
26,"Industrias Metálicas Básicas, Siderurgia y aluminio",453,"Laminados en caliente","Producción","miles de tn","Cámara Argentina del Acero","Mensual","Nacional","PAIS","200","Argentina",2013-06-01,437.2
26,"Industrias Metálicas Básicas, Siderurgia y aluminio",453,"Laminados en caliente","Producción","miles de tn","Cámara Argentina del Acero","Mensual","Nacional","PAIS","200","Argentina",2013-07-01,351.605
26,"Industrias Metálicas Básicas, Siderurgia y aluminio",453,"Laminados en caliente","Producción","miles de tn","Cámara Argentina del Acero","Mensual","Nacional","PAIS","200","Argentina",2013-08-01,450.776
26,"Industrias Metálicas Básicas, Siderurgia y aluminio",453,"Laminados en caliente","Producción","miles de tn","Cámara Argentina del Acero","Mensual","Nacional","PAIS","200","Argentina",2013-09-01,468.436
26,"Industrias Metálicas Básicas, Siderurgia y aluminio",453,"Laminados en caliente","Producción","miles de tn","Cámara Argentina del Acero","Mensual","Nacional","PAIS","200","Argentina",2013-10-01,491.419
26,"Industrias Metálicas Básicas, Siderurgia y aluminio",453,"Laminados en caliente","Producción","miles de tn","Cámara Argentina del Acero","Mensual","Nacional","PAIS","200","Argentina",2013-11-01,436.622
26,"Industrias Metálicas Básicas, Siderurgia y aluminio",453,"Laminados en caliente","Producción","miles de tn","Cámara Argentina del Acero","Mensual","Nacional","PAIS","200","Argentina",2013-12-01,405.58
26,"Industrias Metálicas Básicas, Siderurgia y aluminio",453,"Laminados en caliente","Producción","miles de tn","Cámara Argentina del Acero","Mensual","Nacional","PAIS","200","Argentina",2014-01-01,389.713
26,"Industrias Metálicas Básicas, Siderurgia y aluminio",453,"Laminados en caliente","Producción","miles de tn","Cámara Argentina del Acero","Mensual","Nacional","PAIS","200","Argentina",2014-02-01,361.156
26,"Industrias Metálicas Básicas, Siderurgia y aluminio",453,"Laminados en caliente","Producción","miles de tn","Cámara Argentina del Acero","Mensual","Nacional","PAIS","200","Argentina",2014-03-01,452.958
26,"Industrias Metálicas Básicas, Siderurgia y aluminio",453,"Laminados en caliente","Producción","miles de tn","Cámara Argentina del Acero","Mensual","Nacional","PAIS","200","Argentina",2014-04-01,447.477
26,"Industrias Metálicas Básicas, Siderurgia y aluminio",453,"Laminados en caliente","Producción","miles de tn","Cámara Argentina del Acero","Mensual","Nacional","PAIS","200","Argentina",2014-05-01,435.706
26,"Industrias Metálicas Básicas, Siderurgia y aluminio",453,"Laminados en caliente","Producción","miles de tn","Cámara Argentina del Acero","Mensual","Nacional","PAIS","200","Argentina",2014-06-01,450.43
26,"Industrias Metálicas Básicas, Siderurgia y aluminio",453,"Laminados en caliente","Producción","miles de tn","Cámara Argentina del Acero","Mensual","Nacional","PAIS","200","Argentina",2014-07-01,422.364
26,"Industrias Metálicas Básicas, Siderurgia y aluminio",453,"Laminados en caliente","Producción","miles de tn","Cámara Argentina del Acero","Mensual","Nacional","PAIS","200","Argentina",2014-08-01,392.475
26,"Industrias Metálicas Básicas, Siderurgia y aluminio",453,"Laminados en caliente","Producción","miles de tn","Cámara Argentina del Acero","Mensual","Nacional","PAIS","200","Argentina",2014-09-01,405.535
26,"Industrias Metálicas Básicas, Siderurgia y aluminio",453,"Laminados en caliente","Producción","miles de tn","Cámara Argentina del Acero","Mensual","Nacional","PAIS","200","Argentina",2014-10-01,416.92
26,"Industrias Metálicas Básicas, Siderurgia y aluminio",453,"Laminados en caliente","Producción","miles de tn","Cámara Argentina del Acero","Mensual","Nacional","PAIS","200","Argentina",2014-11-01,424.981
26,"Industrias Metálicas Básicas, Siderurgia y aluminio",453,"Laminados en caliente","Producción","miles de tn","Cámara Argentina del Acero","Mensual","Nacional","PAIS","200","Argentina",2014-12-01,421.27
26,"Industrias Metálicas Básicas, Siderurgia y aluminio",453,"Laminados en caliente","Producción","miles de tn","Cámara Argentina del Acero","Mensual","Nacional","PAIS","200","Argentina",2015-01-01,371.585
26,"Industrias Metálicas Básicas, Siderurgia y aluminio",453,"Laminados en caliente","Producción","miles de tn","Cámara Argentina del Acero","Mensual","Nacional","PAIS","200","Argentina",2015-02-01,338.636
26,"Industrias Metálicas Básicas, Siderurgia y aluminio",453,"Laminados en caliente","Producción","miles de tn","Cámara Argentina del Acero","Mensual","Nacional","PAIS","200","Argentina",2015-03-01,395.751
26,"Industrias Metálicas Básicas, Siderurgia y aluminio",453,"Laminados en caliente","Producción","miles de tn","Cámara Argentina del Acero","Mensual","Nacional","PAIS","200","Argentina",2015-04-01,388.952
26,"Industrias Metálicas Básicas, Siderurgia y aluminio",453,"Laminados en caliente","Producción","miles de tn","Cámara Argentina del Acero","Mensual","Nacional","PAIS","200","Argentina",2015-05-01,366.17
26,"Industrias Metálicas Básicas, Siderurgia y aluminio",453,"Laminados en caliente","Producción","miles de tn","Cámara Argentina del Acero","Mensual","Nacional","PAIS","200","Argentina",2015-06-01,388.432
26,"Industrias Metálicas Básicas, Siderurgia y aluminio",453,"Laminados en caliente","Producción","miles de tn","Cámara Argentina del Acero","Mensual","Nacional","PAIS","200","Argentina",2015-07-01,406.901
26,"Industrias Metálicas Básicas, Siderurgia y aluminio",453,"Laminados en caliente","Producción","miles de tn","Cámara Argentina del Acero","Mensual","Nacional","PAIS","200","Argentina",2015-08-01,395.594
26,"Industrias Metálicas Básicas, Siderurgia y aluminio",453,"Laminados en caliente","Producción","miles de tn","Cámara Argentina del Acero","Mensual","Nacional","PAIS","200","Argentina",2015-09-01,336.667
26,"Industrias Metálicas Básicas, Siderurgia y aluminio",453,"Laminados en caliente","Producción","miles de tn","Cámara Argentina del Acero","Mensual","Nacional","PAIS","200","Argentina",2015-10-01,412.164
26,"Industrias Metálicas Básicas, Siderurgia y aluminio",453,"Laminados en caliente","Producción","miles de tn","Cámara Argentina del Acero","Mensual","Nacional","PAIS","200","Argentina",2015-11-01,398.248
26,"Industrias Metálicas Básicas, Siderurgia y aluminio",453,"Laminados en caliente","Producción","miles de tn","Cámara Argentina del Acero","Mensual","Nacional","PAIS","200","Argentina",2015-12-01,372.4
26,"Industrias Metálicas Básicas, Siderurgia y aluminio",453,"Laminados en caliente","Producción","miles de tn","Cámara Argentina del Acero","Mensual","Nacional","PAIS","200","Argentina",2016-01-01,342.698
26,"Industrias Metálicas Básicas, Siderurgia y aluminio",453,"Laminados en caliente","Producción","miles de tn","Cámara Argentina del Acero","Mensual","Nacional","PAIS","200","Argentina",2016-02-01,236.77
26,"Industrias Metálicas Básicas, Siderurgia y aluminio",453,"Laminados en caliente","Producción","miles de tn","Cámara Argentina del Acero","Mensual","Nacional","PAIS","200","Argentina",2016-03-01,373.623
26,"Industrias Metálicas Básicas, Siderurgia y aluminio",453,"Laminados en caliente","Producción","miles de tn","Cámara Argentina del Acero","Mensual","Nacional","PAIS","200","Argentina",2016-04-01,358.563
26,"Industrias Metálicas Básicas, Siderurgia y aluminio",453,"Laminados en caliente","Producción","miles de tn","Cámara Argentina del Acero","Mensual","Nacional","PAIS","200","Argentina",2016-05-01,382.34
26,"Industrias Metálicas Básicas, Siderurgia y aluminio",453,"Laminados en caliente","Producción","miles de tn","Cámara Argentina del Acero","Mensual","Nacional","PAIS","200","Argentina",2016-06-01,337.973
26,"Industrias Metálicas Básicas, Siderurgia y aluminio",453,"Laminados en caliente","Producción","miles de tn","Cámara Argentina del Acero","Mensual","Nacional","PAIS","200","Argentina",2016-07-01,328.531
26,"Industrias Metálicas Básicas, Siderurgia y aluminio",453,"Laminados en caliente","Producción","miles de tn","Cámara Argentina del Acero","Mensual","Nacional","PAIS","200","Argentina",2016-08-01,235.951
26,"Industrias Metálicas Básicas, Siderurgia y aluminio",453,"Laminados en caliente","Producción","miles de tn","Cámara Argentina del Acero","Mensual","Nacional","PAIS","200","Argentina",2016-09-01,353.78
26,"Industrias Metálicas Básicas, Siderurgia y aluminio",453,"Laminados en caliente","Producción","miles de tn","Cámara Argentina del Acero","Mensual","Nacional","PAIS","200","Argentina",2016-10-01,350.581
26,"Industrias Metálicas Básicas, Siderurgia y aluminio",453,"Laminados en caliente","Producción","miles de tn","Cámara Argentina del Acero","Mensual","Nacional","PAIS","200","Argentina",2016-11-01,372.87
26,"Industrias Metálicas Básicas, Siderurgia y aluminio",453,"Laminados en caliente","Producción","miles de tn","Cámara Argentina del Acero","Mensual","Nacional","PAIS","200","Argentina",2016-12-01,310.122
26,"Industrias Metálicas Básicas, Siderurgia y aluminio",453,"Laminados en caliente","Producción","miles de tn","Cámara Argentina del Acero","Mensual","Nacional","PAIS","200","Argentina",2017-01-01,307.1
26,"Industrias Metálicas Básicas, Siderurgia y aluminio",453,"Laminados en caliente","Producción","miles de tn","Cámara Argentina del Acero","Mensual","Nacional","PAIS","200","Argentina",2017-02-01,297.896
26,"Industrias Metálicas Básicas, Siderurgia y aluminio",453,"Laminados en caliente","Producción","miles de tn","Cámara Argentina del Acero","Mensual","Nacional","PAIS","200","Argentina",2017-03-01,397.027
26,"Industrias Metálicas Básicas, Siderurgia y aluminio",453,"Laminados en caliente","Producción","miles de tn","Cámara Argentina del Acero","Mensual","Nacional","PAIS","200","Argentina",2017-04-01,382.443
26,"Industrias Metálicas Básicas, Siderurgia y aluminio",453,"Laminados en caliente","Producción","miles de tn","Cámara Argentina del Acero","Mensual","Nacional","PAIS","200","Argentina",2017-05-01,414.102
26,"Industrias Metálicas Básicas, Siderurgia y aluminio",453,"Laminados en caliente","Producción","miles de tn","Cámara Argentina del Acero","Mensual","Nacional","PAIS","200","Argentina",2017-06-01,398.63
26,"Industrias Metálicas Básicas, Siderurgia y aluminio",453,"Laminados en caliente","Producción","miles de tn","Cámara Argentina del Acero","Mensual","Nacional","PAIS","200","Argentina",2017-07-01,426.03
26,"Industrias Metálicas Básicas, Siderurgia y aluminio",453,"Laminados en caliente","Producción","miles de tn","Cámara Argentina del Acero","Mensual","Nacional","PAIS","200","Argentina",2017-08-01,421.7
26,"Industrias Metálicas Básicas, Siderurgia y aluminio",453,"Laminados en caliente","Producción","miles de tn","Cámara Argentina del Acero","Mensual","Nacional","PAIS","200","Argentina",2017-09-01,426.787
26,"Industrias Metálicas Básicas, Siderurgia y aluminio",453,"Laminados en caliente","Producción","miles de tn","Cámara Argentina del Acero","Mensual","Nacional","PAIS","200","Argentina",2017-10-01,286.343
26,"Industrias Metálicas Básicas, Siderurgia y aluminio",453,"Laminados en caliente","Producción","miles de tn","Cámara Argentina del Acero","Mensual","Nacional","PAIS","200","Argentina",2017-11-01,414.4
26,"Industrias Metálicas Básicas, Siderurgia y aluminio",453,"Laminados en caliente","Producción","miles de tn","Cámara Argentina del Acero","Mensual","Nacional","PAIS","200","Argentina",2017-12-01,416.4
26,"Industrias Metálicas Básicas, Siderurgia y aluminio",453,"Laminados en caliente","Producción","miles de tn","Cámara Argentina del Acero","Mensual","Nacional","PAIS","200","Argentina",2018-01-01,379.6
26,"Industrias Metálicas Básicas, Siderurgia y aluminio",453,"Laminados en caliente","Producción","miles de tn","Cámara Argentina del Acero","Mensual","Nacional","PAIS","200","Argentina",2018-02-01,416.6
26,"Industrias Metálicas Básicas, Siderurgia y aluminio",453,"Laminados en caliente","Producción","miles de tn","Cámara Argentina del Acero","Mensual","Nacional","PAIS","200","Argentina",2018-03-01,459.1
26,"Industrias Metálicas Básicas, Siderurgia y aluminio",453,"Laminados en caliente","Producción","miles de tn","Cámara Argentina del Acero","Mensual","Nacional","PAIS","200","Argentina",2018-04-01,429.8
26,"Industrias Metálicas Básicas, Siderurgia y aluminio",453,"Laminados en caliente","Producción","miles de tn","Cámara Argentina del Acero","Mensual","Nacional","PAIS","200","Argentina",2018-05-01,411.7
26,"Industrias Metálicas Básicas, Siderurgia y aluminio",453,"Laminados en caliente","Producción","miles de tn","Cámara Argentina del Acero","Mensual","Nacional","PAIS","200","Argentina",2018-06-01,367.8
26,"Industrias Metálicas Básicas, Siderurgia y aluminio",453,"Laminados en caliente","Producción","miles de tn","Cámara Argentina del Acero","Mensual","Nacional","PAIS","200","Argentina",2018-07-01,395.2
26,"Industrias Metálicas Básicas, Siderurgia y aluminio",453,"Laminados en caliente","Producción","miles de tn","Cámara Argentina del Acero","Mensual","Nacional","PAIS","200","Argentina",2018-08-01,438.5
26,"Industrias Metálicas Básicas, Siderurgia y aluminio",453,"Laminados en caliente","Producción","miles de tn","Cámara Argentina del Acero","Mensual","Nacional","PAIS","200","Argentina",2018-09-01,400.9
26,"Industrias Metálicas Básicas, Siderurgia y aluminio",453,"Laminados en caliente","Producción","miles de tn","Cámara Argentina del Acero","Mensual","Nacional","PAIS","200","Argentina",2018-10-01,398.6
26,"Industrias Metálicas Básicas, Siderurgia y aluminio",453,"Laminados en caliente","Producción","miles de tn","Cámara Argentina del Acero","Mensual","Nacional","PAIS","200","Argentina",2018-11-01,382.1
26,"Industrias Metálicas Básicas, Siderurgia y aluminio",453,"Laminados en caliente","Producción","miles de tn","Cámara Argentina del Acero","Mensual","Nacional","PAIS","200","Argentina",2018-12-01,283.5
26,"Industrias Metálicas Básicas, Siderurgia y aluminio",453,"Laminados en caliente","Producción","miles de tn","Cámara Argentina del Acero","Mensual","Nacional","PAIS","200","Argentina",2019-01-01,302.4
26,"Industrias Metálicas Básicas, Siderurgia y aluminio",453,"Laminados en caliente","Producción","miles de tn","Cámara Argentina del Acero","Mensual","Nacional","PAIS","200","Argentina",2019-02-01,228
26,"Industrias Metálicas Básicas, Siderurgia y aluminio",453,"Laminados en caliente","Producción","miles de tn","Cámara Argentina del Acero","Mensual","Nacional","PAIS","200","Argentina",2019-03-01,363.3
26,"Industrias Metálicas Básicas, Siderurgia y aluminio",453,"Laminados en caliente","Producción","miles de tn","Cámara Argentina del Acero","Mensual","Nacional","PAIS","200","Argentina",2019-04-01,401.4
26,"Industrias Metálicas Básicas, Siderurgia y aluminio",453,"Laminados en caliente","Producción","miles de tn","Cámara Argentina del Acero","Mensual","Nacional","PAIS","200","Argentina",2019-05-01,427
26,"Industrias Metálicas Básicas, Siderurgia y aluminio",453,"Laminados en caliente","Producción","miles de tn","Cámara Argentina del Acero","Mensual","Nacional","PAIS","200","Argentina",2019-06-01,364.5
26,"Industrias Metálicas Básicas, Siderurgia y aluminio",453,"Laminados en caliente","Producción","miles de tn","Cámara Argentina del Acero","Mensual","Nacional","PAIS","200","Argentina",2019-07-01,381.6
26,"Industrias Metálicas Básicas, Siderurgia y aluminio",453,"Laminados en caliente","Producción","miles de tn","Cámara Argentina del Acero","Mensual","Nacional","PAIS","200","Argentina",2019-08-01,406.9
26,"Industrias Metálicas Básicas, Siderurgia y aluminio",453,"Laminados en caliente","Producción","miles de tn","Cámara Argentina del Acero","Mensual","Nacional","PAIS","200","Argentina",2019-09-01,356.3
26,"Industrias Metálicas Básicas, Siderurgia y aluminio",453,"Laminados en caliente","Producción","miles de tn","Cámara Argentina del Acero","Mensual","Nacional","PAIS","200","Argentina",2019-10-01,399.5
26,"Industrias Metálicas Básicas, Siderurgia y aluminio",453,"Laminados en caliente","Producción","miles de tn","Cámara Argentina del Acero","Mensual","Nacional","PAIS","200","Argentina",2019-11-01,335.5
26,"Industrias Metálicas Básicas, Siderurgia y aluminio",453,"Laminados en caliente","Producción","miles de tn","Cámara Argentina del Acero","Mensual","Nacional","PAIS","200","Argentina",2019-12-01,298.2
26,"Industrias Metálicas Básicas, Siderurgia y aluminio",453,"Laminados en caliente","Producción","miles de tn","Cámara Argentina del Acero","Mensual","Nacional","PAIS","200","Argentina",2020-01-01,290.2
26,"Industrias Metálicas Básicas, Siderurgia y aluminio",453,"Laminados en caliente","Producción","miles de tn","Cámara Argentina del Acero","Mensual","Nacional","PAIS","200","Argentina",2020-02-01,239.4
26,"Industrias Metálicas Básicas, Siderurgia y aluminio",453,"Laminados en caliente","Producción","miles de tn","Cámara Argentina del Acero","Mensual","Nacional","PAIS","200","Argentina",2020-03-01,263.8
26,"Industrias Metálicas Básicas, Siderurgia y aluminio",453,"Laminados en caliente","Producción","miles de tn","Cámara Argentina del Acero","Mensual","Nacional","PAIS","200","Argentina",2020-04-01,109.1
26,"Industrias Metálicas Básicas, Siderurgia y aluminio",453,"Laminados en caliente","Producción","miles de tn","Cámara Argentina del Acero","Mensual","Nacional","PAIS","200","Argentina",2020-05-01,190.2
26,"Industrias Metálicas Básicas, Siderurgia y aluminio",453,"Laminados en caliente","Producción","miles de tn","Cámara Argentina del Acero","Mensual","Nacional","PAIS","200","Argentina",2020-06-01,249.1
26,"Industrias Metálicas Básicas, Siderurgia y aluminio",453,"Laminados en caliente","Producción","miles de tn","Cámara Argentina del Acero","Mensual","Nacional","PAIS","200","Argentina",2020-07-01,302.6
26,"Industrias Metálicas Básicas, Siderurgia y aluminio",453,"Laminados en caliente","Producción","miles de tn","Cámara Argentina del Acero","Mensual","Nacional","PAIS","200","Argentina",2020-08-01,312.8
26,"Industrias Metálicas Básicas, Siderurgia y aluminio",453,"Laminados en caliente","Producción","miles de tn","Cámara Argentina del Acero","Mensual","Nacional","PAIS","200","Argentina",2020-09-01,323.3
26,"Industrias Metálicas Básicas, Siderurgia y aluminio",453,"Laminados en caliente","Producción","miles de tn","Cámara Argentina del Acero","Mensual","Nacional","PAIS","200","Argentina",2020-10-01,392.5
26,"Industrias Metálicas Básicas, Siderurgia y aluminio",453,"Laminados en caliente","Producción","miles de tn","Cámara Argentina del Acero","Mensual","Nacional","PAIS","200","Argentina",2020-11-01,392
26,"Industrias Metálicas Básicas, Siderurgia y aluminio",453,"Laminados en caliente","Producción","miles de tn","Cámara Argentina del Acero","Mensual","Nacional","PAIS","200","Argentina",2020-12-01,403.6
26,"Industrias Metálicas Básicas, Siderurgia y aluminio",453,"Laminados en caliente","Producción","miles de tn","Cámara Argentina del Acero","Mensual","Nacional","PAIS","200","Argentina",2021-01-01,410.8
26,"Industrias Metálicas Básicas, Siderurgia y aluminio",453,"Laminados en caliente","Producción","miles de tn","Cámara Argentina del Acero","Mensual","Nacional","PAIS","200","Argentina",2021-02-01,360.5
26,"Industrias Metálicas Básicas, Siderurgia y aluminio",453,"Laminados en caliente","Producción","miles de tn","Cámara Argentina del Acero","Mensual","Nacional","PAIS","200","Argentina",2021-03-01,394.7
26,"Industrias Metálicas Básicas, Siderurgia y aluminio",453,"Laminados en caliente","Producción","miles de tn","Cámara Argentina del Acero","Mensual","Nacional","PAIS","200","Argentina",2021-04-01,367.8
26,"Industrias Metálicas Básicas, Siderurgia y aluminio",453,"Laminados en caliente","Producción","miles de tn","Cámara Argentina del Acero","Mensual","Nacional","PAIS","200","Argentina",2021-05-01,381.7
26,"Industrias Metálicas Básicas, Siderurgia y aluminio",453,"Laminados en caliente","Producción","miles de tn","Cámara Argentina del Acero","Mensual","Nacional","PAIS","200","Argentina",2021-06-01,386.9
26,"Industrias Metálicas Básicas, Siderurgia y aluminio",453,"Laminados en caliente","Producción","miles de tn","Cámara Argentina del Acero","Mensual","Nacional","PAIS","200","Argentina",2021-07-01,407.6
26,"Industrias Metálicas Básicas, Siderurgia y aluminio",453,"Laminados en caliente","Producción","miles de tn","Cámara Argentina del Acero","Mensual","Nacional","PAIS","200","Argentina",2021-08-01,410.3
26,"Industrias Metálicas Básicas, Siderurgia y aluminio",453,"Laminados en caliente","Producción","miles de tn","Cámara Argentina del Acero","Mensual","Nacional","PAIS","200","Argentina",2021-09-01,405.2
26,"Industrias Metálicas Básicas, Siderurgia y aluminio",453,"Laminados en caliente","Producción","miles de tn","Cámara Argentina del Acero","Mensual","Nacional","PAIS","200","Argentina",2021-10-01,419
26,"Industrias Metálicas Básicas, Siderurgia y aluminio",453,"Laminados en caliente","Producción","miles de tn","Cámara Argentina del Acero","Mensual","Nacional","PAIS","200","Argentina",2021-11-01,414.2
26,"Industrias Metálicas Básicas, Siderurgia y aluminio",453,"Laminados en caliente","Producción","miles de tn","Cámara Argentina del Acero","Mensual","Nacional","PAIS","200","Argentina",2021-12-01,408.9
26,"Industrias Metálicas Básicas, Siderurgia y aluminio",453,"Laminados en caliente","Producción","miles de tn","Cámara Argentina del Acero","Mensual","Nacional","PAIS","200","Argentina",2022-01-01,362.4
26,"Industrias Metálicas Básicas, Siderurgia y aluminio",453,"Laminados en caliente","Producción","miles de tn","Cámara Argentina del Acero","Mensual","Nacional","PAIS","200","Argentina",2022-02-01,354.5
26,"Industrias Metálicas Básicas, Siderurgia y aluminio",453,"Laminados en caliente","Producción","miles de tn","Cámara Argentina del Acero","Mensual","Nacional","PAIS","200","Argentina",2022-03-01,407.8
26,"Industrias Metálicas Básicas, Siderurgia y aluminio",453,"Laminados en caliente","Producción","miles de tn","Cámara Argentina del Acero","Mensual","Nacional","PAIS","200","Argentina",2022-04-01,269.6
26,"Industrias Metálicas Básicas, Siderurgia y aluminio",453,"Laminados en caliente","Producción","miles de tn","Cámara Argentina del Acero","Mensual","Nacional","PAIS","200","Argentina",2022-05-01,372.1
26,"Industrias Metálicas Básicas, Siderurgia y aluminio",453,"Laminados en caliente","Producción","miles de tn","Cámara Argentina del Acero","Mensual","Nacional","PAIS","200","Argentina",2022-06-01,438.3
26,"Industrias Metálicas Básicas, Siderurgia y aluminio",453,"Laminados en caliente","Producción","miles de tn","Cámara Argentina del Acero","Mensual","Nacional","PAIS","200","Argentina",2022-07-01,421.8
26,"Industrias Metálicas Básicas, Siderurgia y aluminio",453,"Laminados en caliente","Producción","miles de tn","Cámara Argentina del Acero","Mensual","Nacional","PAIS","200","Argentina",2022-08-01,428.2
26,"Industrias Metálicas Básicas, Siderurgia y aluminio",453,"Laminados en caliente","Producción","miles de tn","Cámara Argentina del Acero","Mensual","Nacional","PAIS","200","Argentina",2022-09-01,392.7
26,"Industrias Metálicas Básicas, Siderurgia y aluminio",453,"Laminados en caliente","Producción","miles de tn","Cámara Argentina del Acero","Mensual","Nacional","PAIS","200","Argentina",2022-10-01,415.8
26,"Industrias Metálicas Básicas, Siderurgia y aluminio",453,"Laminados en caliente","Producción","miles de tn","Cámara Argentina del Acero","Mensual","Nacional","PAIS","200","Argentina",2022-11-01,389.9
26,"Industrias Metálicas Básicas, Siderurgia y aluminio",453,"Laminados en caliente","Producción","miles de tn","Cámara Argentina del Acero","Mensual","Nacional","PAIS","200","Argentina",2022-12-01,377.3
26,"Industrias Metálicas Básicas, Siderurgia y aluminio",453,"Laminados en caliente","Producción","miles de tn","Cámara Argentina del Acero","Mensual","Nacional","PAIS","200","Argentina",2023-01-01,388.8
26,"Industrias Metálicas Básicas, Siderurgia y aluminio",453,"Laminados en caliente","Producción","miles de tn","Cámara Argentina del Acero","Mensual","Nacional","PAIS","200","Argentina",2023-02-01,342.6
26,"Industrias Metálicas Básicas, Siderurgia y aluminio",453,"Laminados en caliente","Producción","miles de tn","Cámara Argentina del Acero","Mensual","Nacional","PAIS","200","Argentina",2023-03-01,397
26,"Industrias Metálicas Básicas, Siderurgia y aluminio",453,"Laminados en caliente","Producción","miles de tn","Cámara Argentina del Acero","Mensual","Nacional","PAIS","200","Argentina",2023-04-01,402
26,"Industrias Metálicas Básicas, Siderurgia y aluminio",453,"Laminados en caliente","Producción","miles de tn","Cámara Argentina del Acero","Mensual","Nacional","PAIS","200","Argentina",2023-05-01,422.9
26,"Industrias Metálicas Básicas, Siderurgia y aluminio",453,"Laminados en caliente","Producción","miles de tn","Cámara Argentina del Acero","Mensual","Nacional","PAIS","200","Argentina",2023-06-01,413.8
26,"Industrias Metálicas Básicas, Siderurgia y aluminio",453,"Laminados en caliente","Producción","miles de tn","Cámara Argentina del Acero","Mensual","Nacional","PAIS","200","Argentina",2023-07-01,345.9
26,"Industrias Metálicas Básicas, Siderurgia y aluminio",453,"Laminados en caliente","Producción","miles de tn","Cámara Argentina del Acero","Mensual","Nacional","PAIS","200","Argentina",2023-08-01,397.8
26,"Industrias Metálicas Básicas, Siderurgia y aluminio",453,"Laminados en caliente","Producción","miles de tn","Cámara Argentina del Acero","Mensual","Nacional","PAIS","200","Argentina",2023-09-01,388.2
26,"Industrias Metálicas Básicas, Siderurgia y aluminio",453,"Laminados en caliente","Producción","miles de tn","Cámara Argentina del Acero","Mensual","Nacional","PAIS","200","Argentina",2023-10-01,406.5
26,"Industrias Metálicas Básicas, Siderurgia y aluminio",453,"Laminados en caliente","Producción","miles de tn","Cámara Argentina del Acero","Mensual","Nacional","PAIS","200","Argentina",2023-11-01,353
26,"Industrias Metálicas Básicas, Siderurgia y aluminio",453,"Laminados en caliente","Producción","miles de tn","Cámara Argentina del Acero","Mensual","Nacional","PAIS","200","Argentina",2023-12-01,262
26,"Industrias Metálicas Básicas, Siderurgia y aluminio",453,"Laminados en caliente","Producción","miles de tn","Cámara Argentina del Acero","Mensual","Nacional","PAIS","200","Argentina",2024-01-01,304.2
26,"Industrias Metálicas Básicas, Siderurgia y aluminio",453,"Laminados en caliente","Producción","miles de tn","Cámara Argentina del Acero","Mensual","Nacional","PAIS","200","Argentina",2024-02-01,186.8
26,"Industrias Metálicas Básicas, Siderurgia y aluminio",453,"Laminados en caliente","Producción","miles de tn","Cámara Argentina del Acero","Mensual","Nacional","PAIS","200","Argentina",2024-03-01,210.4
26,"Industrias Metálicas Básicas, Siderurgia y aluminio",453,"Laminados en caliente","Producción","miles de tn","Cámara Argentina del Acero","Mensual","Nacional","PAIS","200","Argentina",2024-04-01,285.7
26,"Industrias Metálicas Básicas, Siderurgia y aluminio",453,"Laminados en caliente","Producción","miles de tn","Cámara Argentina del Acero","Mensual","Nacional","PAIS","200","Argentina",2024-05-01,250.1
26,"Industrias Metálicas Básicas, Siderurgia y aluminio",453,"Laminados en caliente","Producción","miles de tn","Cámara Argentina del Acero","Mensual","Nacional","PAIS","200","Argentina",2024-06-01,234
26,"Industrias Metálicas Básicas, Siderurgia y aluminio",453,"Laminados en caliente","Producción","miles de tn","Cámara Argentina del Acero","Mensual","Nacional","PAIS","200","Argentina",2024-07-01,293.2
26,"Industrias Metálicas Básicas, Siderurgia y aluminio",453,"Laminados en caliente","Producción","miles de tn","Cámara Argentina del Acero","Mensual","Nacional","PAIS","200","Argentina",2024-08-01,324.4
26,"Industrias Metálicas Básicas, Siderurgia y aluminio",453,"Laminados en caliente","Producción","miles de tn","Cámara Argentina del Acero","Mensual","Nacional","PAIS","200","Argentina",2024-09-01,319
26,"Industrias Metálicas Básicas, Siderurgia y aluminio",453,"Laminados en caliente","Producción","miles de tn","Cámara Argentina del Acero","Mensual","Nacional","PAIS","200","Argentina",2024-10-01,336.9
26,"Industrias Metálicas Básicas, Siderurgia y aluminio",453,"Laminados en caliente","Producción","miles de tn","Cámara Argentina del Acero","Mensual","Nacional","PAIS","200","Argentina",2024-11-01,332.1
26,"Industrias Metálicas Básicas, Siderurgia y aluminio",453,"Laminados en caliente","Producción","miles de tn","Cámara Argentina del Acero","Mensual","Nacional","PAIS","200","Argentina",2024-12-01,227.7
26,"Industrias Metálicas Básicas, Siderurgia y aluminio",453,"Laminados en caliente","Producción","miles de tn","Cámara Argentina del Acero","Mensual","Nacional","PAIS","200","Argentina",2025-01-01,286.6
26,"Industrias Metálicas Básicas, Siderurgia y aluminio",453,"Laminados en caliente","Producción","miles de tn","Cámara Argentina del Acero","Mensual","Nacional","PAIS","200","Argentina",2025-02-01,161.8
26,"Industrias Metálicas Básicas, Siderurgia y aluminio",453,"Laminados en caliente","Producción","miles de tn","Cámara Argentina del Acero","Mensual","Nacional","PAIS","200","Argentina",2025-03-01,312.7
26,"Industrias Metálicas Básicas, Siderurgia y aluminio",453,"Laminados en caliente","Producción","miles de tn","Cámara Argentina del Acero","Mensual","Nacional","PAIS","200","Argentina",2025-04-01,332.9
26,"Industrias Metálicas Básicas, Siderurgia y aluminio",453,"Laminados en caliente","Producción","miles de tn","Cámara Argentina del Acero","Mensual","Nacional","PAIS","200","Argentina",2025-05-01,331.8
26,"Industrias Metálicas Básicas, Siderurgia y aluminio",453,"Laminados en caliente","Producción","miles de tn","Cámara Argentina del Acero","Mensual","Nacional","PAIS","200","Argentina",2025-06-01,262.5
26,"Industrias Metálicas Básicas, Siderurgia y aluminio",453,"Laminados en caliente","Producción","miles de tn","Cámara Argentina del Acero","Mensual","Nacional","PAIS","200","Argentina",2025-07-01,277.6
26,"Industrias Metálicas Básicas, Siderurgia y aluminio",453,"Laminados en caliente","Producción","miles de tn","Cámara Argentina del Acero","Mensual","Nacional","PAIS","200","Argentina",2025-08-01,305.6
26,"Industrias Metálicas Básicas, Siderurgia y aluminio",453,"Laminados en caliente","Producción","miles de tn","Cámara Argentina del Acero","Mensual","Nacional","PAIS","200","Argentina",2025-09-01,313.9
26,"Industrias Metálicas Básicas, Siderurgia y aluminio",453,"Laminados en caliente","Producción","miles de tn","Cámara Argentina del Acero","Mensual","Nacional","PAIS","200","Argentina",2025-10-01,338.2
26,"Industrias Metálicas Básicas, Siderurgia y aluminio",453,"Laminados en caliente","Producción","miles de tn","Cámara Argentina del Acero","Mensual","Nacional","PAIS","200","Argentina",2025-11-01,334.3
26,"Industrias Metálicas Básicas, Siderurgia y aluminio",453,"Laminados en caliente","Producción","miles de tn","Cámara Argentina del Acero","Mensual","Nacional","PAIS","200","Argentina",2025-12-01,288.9
26,"Industrias Metálicas Básicas, Siderurgia y aluminio",453,"Laminados en caliente","Producción","miles de tn","Cámara Argentina del Acero","Mensual","Nacional","PAIS","200","Argentina",2026-01-01,277.2
26,"Industrias Metálicas Básicas, Siderurgia y aluminio",453,"Laminados en caliente","Producción","miles de tn","Cámara Argentina del Acero","Mensual","Nacional","PAIS","200","Argentina",2026-02-01,148.5
26,"Industrias Metálicas Básicas, Siderurgia y aluminio",453,"Laminados en caliente","Producción","miles de tn","Cámara Argentina del Acero","Mensual","Nacional","PAIS","200","Argentina",2026-03-01,255.6
26,"Industrias Metálicas Básicas, Siderurgia y aluminio",453,"Laminados en caliente","Producción","miles de tn","Cámara Argentina del Acero","Mensual","Nacional","PAIS","200","Argentina",2026-04-01,255.5
26,"Industrias Metálicas Básicas, Siderurgia y aluminio",453,"Laminados en caliente","Producción","miles de tn","Cámara Argentina del Acero","Mensual","Nacional","PAIS","200","Argentina",2026-05-01,325.9
26,"Industrias Metálicas Básicas, Siderurgia y aluminio",453,"Laminados en caliente","Producción","miles de tn","Cámara Argentina del Acero","Mensual","Nacional","PAIS","200","Argentina",2026-06-01,321.9
26,"Industrias Metálicas Básicas, Siderurgia y aluminio",454,"Laminados en frío","Producción","miles de tn","Cámara Argentina del Acero","Mensual","Nacional","PAIS","200","Argentina",1993-01-01,58.191
26,"Industrias Metálicas Básicas, Siderurgia y aluminio",454,"Laminados en frío","Producción","miles de tn","Cámara Argentina del Acero","Mensual","Nacional","PAIS","200","Argentina",1993-02-01,25.879
26,"Industrias Metálicas Básicas, Siderurgia y aluminio",454,"Laminados en frío","Producción","miles de tn","Cámara Argentina del Acero","Mensual","Nacional","PAIS","200","Argentina",1993-03-01,78.192
26,"Industrias Metálicas Básicas, Siderurgia y aluminio",454,"Laminados en frío","Producción","miles de tn","Cámara Argentina del Acero","Mensual","Nacional","PAIS","200","Argentina",1993-04-01,74.429
26,"Industrias Metálicas Básicas, Siderurgia y aluminio",454,"Laminados en frío","Producción","miles de tn","Cámara Argentina del Acero","Mensual","Nacional","PAIS","200","Argentina",1993-05-01,72.419
26,"Industrias Metálicas Básicas, Siderurgia y aluminio",454,"Laminados en frío","Producción","miles de tn","Cámara Argentina del Acero","Mensual","Nacional","PAIS","200","Argentina",1993-06-01,64.305
26,"Industrias Metálicas Básicas, Siderurgia y aluminio",454,"Laminados en frío","Producción","miles de tn","Cámara Argentina del Acero","Mensual","Nacional","PAIS","200","Argentina",1993-07-01,75.013
26,"Industrias Metálicas Básicas, Siderurgia y aluminio",454,"Laminados en frío","Producción","miles de tn","Cámara Argentina del Acero","Mensual","Nacional","PAIS","200","Argentina",1993-08-01,59.325
26,"Industrias Metálicas Básicas, Siderurgia y aluminio",454,"Laminados en frío","Producción","miles de tn","Cámara Argentina del Acero","Mensual","Nacional","PAIS","200","Argentina",1993-09-01,51.967
26,"Industrias Metálicas Básicas, Siderurgia y aluminio",454,"Laminados en frío","Producción","miles de tn","Cámara Argentina del Acero","Mensual","Nacional","PAIS","200","Argentina",1993-10-01,68.803
26,"Industrias Metálicas Básicas, Siderurgia y aluminio",454,"Laminados en frío","Producción","miles de tn","Cámara Argentina del Acero","Mensual","Nacional","PAIS","200","Argentina",1993-11-01,80.448
26,"Industrias Metálicas Básicas, Siderurgia y aluminio",454,"Laminados en frío","Producción","miles de tn","Cámara Argentina del Acero","Mensual","Nacional","PAIS","200","Argentina",1993-12-01,71.276
26,"Industrias Metálicas Básicas, Siderurgia y aluminio",454,"Laminados en frío","Producción","miles de tn","Cámara Argentina del Acero","Mensual","Nacional","PAIS","200","Argentina",1994-01-01,45.5
26,"Industrias Metálicas Básicas, Siderurgia y aluminio",454,"Laminados en frío","Producción","miles de tn","Cámara Argentina del Acero","Mensual","Nacional","PAIS","200","Argentina",1994-02-01,84.4
26,"Industrias Metálicas Básicas, Siderurgia y aluminio",454,"Laminados en frío","Producción","miles de tn","Cámara Argentina del Acero","Mensual","Nacional","PAIS","200","Argentina",1994-03-01,98.5
26,"Industrias Metálicas Básicas, Siderurgia y aluminio",454,"Laminados en frío","Producción","miles de tn","Cámara Argentina del Acero","Mensual","Nacional","PAIS","200","Argentina",1994-04-01,93.7
26,"Industrias Metálicas Básicas, Siderurgia y aluminio",454,"Laminados en frío","Producción","miles de tn","Cámara Argentina del Acero","Mensual","Nacional","PAIS","200","Argentina",1994-05-01,90.8
26,"Industrias Metálicas Básicas, Siderurgia y aluminio",454,"Laminados en frío","Producción","miles de tn","Cámara Argentina del Acero","Mensual","Nacional","PAIS","200","Argentina",1994-06-01,85.6
26,"Industrias Metálicas Básicas, Siderurgia y aluminio",454,"Laminados en frío","Producción","miles de tn","Cámara Argentina del Acero","Mensual","Nacional","PAIS","200","Argentina",1994-07-01,99.6
26,"Industrias Metálicas Básicas, Siderurgia y aluminio",454,"Laminados en frío","Producción","miles de tn","Cámara Argentina del Acero","Mensual","Nacional","PAIS","200","Argentina",1994-08-01,102
26,"Industrias Metálicas Básicas, Siderurgia y aluminio",454,"Laminados en frío","Producción","miles de tn","Cámara Argentina del Acero","Mensual","Nacional","PAIS","200","Argentina",1994-09-01,101.1
26,"Industrias Metálicas Básicas, Siderurgia y aluminio",454,"Laminados en frío","Producción","miles de tn","Cámara Argentina del Acero","Mensual","Nacional","PAIS","200","Argentina",1994-10-01,98.9
26,"Industrias Metálicas Básicas, Siderurgia y aluminio",454,"Laminados en frío","Producción","miles de tn","Cámara Argentina del Acero","Mensual","Nacional","PAIS","200","Argentina",1994-11-01,107.3
26,"Industrias Metálicas Básicas, Siderurgia y aluminio",454,"Laminados en frío","Producción","miles de tn","Cámara Argentina del Acero","Mensual","Nacional","PAIS","200","Argentina",1994-12-01,86.8
26,"Industrias Metálicas Básicas, Siderurgia y aluminio",454,"Laminados en frío","Producción","miles de tn","Cámara Argentina del Acero","Mensual","Nacional","PAIS","200","Argentina",1995-01-01,42.474
26,"Industrias Metálicas Básicas, Siderurgia y aluminio",454,"Laminados en frío","Producción","miles de tn","Cámara Argentina del Acero","Mensual","Nacional","PAIS","200","Argentina",1995-02-01,63.156
26,"Industrias Metálicas Básicas, Siderurgia y aluminio",454,"Laminados en frío","Producción","miles de tn","Cámara Argentina del Acero","Mensual","Nacional","PAIS","200","Argentina",1995-03-01,110.59
26,"Industrias Metálicas Básicas, Siderurgia y aluminio",454,"Laminados en frío","Producción","miles de tn","Cámara Argentina del Acero","Mensual","Nacional","PAIS","200","Argentina",1995-04-01,96.071
26,"Industrias Metálicas Básicas, Siderurgia y aluminio",454,"Laminados en frío","Producción","miles de tn","Cámara Argentina del Acero","Mensual","Nacional","PAIS","200","Argentina",1995-05-01,102.435
26,"Industrias Metálicas Básicas, Siderurgia y aluminio",454,"Laminados en frío","Producción","miles de tn","Cámara Argentina del Acero","Mensual","Nacional","PAIS","200","Argentina",1995-06-01,98.091
26,"Industrias Metálicas Básicas, Siderurgia y aluminio",454,"Laminados en frío","Producción","miles de tn","Cámara Argentina del Acero","Mensual","Nacional","PAIS","200","Argentina",1995-07-01,115.515
26,"Industrias Metálicas Básicas, Siderurgia y aluminio",454,"Laminados en frío","Producción","miles de tn","Cámara Argentina del Acero","Mensual","Nacional","PAIS","200","Argentina",1995-08-01,115.107
26,"Industrias Metálicas Básicas, Siderurgia y aluminio",454,"Laminados en frío","Producción","miles de tn","Cámara Argentina del Acero","Mensual","Nacional","PAIS","200","Argentina",1995-09-01,103.87
26,"Industrias Metálicas Básicas, Siderurgia y aluminio",454,"Laminados en frío","Producción","miles de tn","Cámara Argentina del Acero","Mensual","Nacional","PAIS","200","Argentina",1995-10-01,112.484
26,"Industrias Metálicas Básicas, Siderurgia y aluminio",454,"Laminados en frío","Producción","miles de tn","Cámara Argentina del Acero","Mensual","Nacional","PAIS","200","Argentina",1995-11-01,110.809
26,"Industrias Metálicas Básicas, Siderurgia y aluminio",454,"Laminados en frío","Producción","miles de tn","Cámara Argentina del Acero","Mensual","Nacional","PAIS","200","Argentina",1995-12-01,98.043
26,"Industrias Metálicas Básicas, Siderurgia y aluminio",454,"Laminados en frío","Producción","miles de tn","Cámara Argentina del Acero","Mensual","Nacional","PAIS","200","Argentina",1996-01-01,72.8
26,"Industrias Metálicas Básicas, Siderurgia y aluminio",454,"Laminados en frío","Producción","miles de tn","Cámara Argentina del Acero","Mensual","Nacional","PAIS","200","Argentina",1996-02-01,64.7
26,"Industrias Metálicas Básicas, Siderurgia y aluminio",454,"Laminados en frío","Producción","miles de tn","Cámara Argentina del Acero","Mensual","Nacional","PAIS","200","Argentina",1996-03-01,106.3
26,"Industrias Metálicas Básicas, Siderurgia y aluminio",454,"Laminados en frío","Producción","miles de tn","Cámara Argentina del Acero","Mensual","Nacional","PAIS","200","Argentina",1996-04-01,105.8
26,"Industrias Metálicas Básicas, Siderurgia y aluminio",454,"Laminados en frío","Producción","miles de tn","Cámara Argentina del Acero","Mensual","Nacional","PAIS","200","Argentina",1996-05-01,110.8
26,"Industrias Metálicas Básicas, Siderurgia y aluminio",454,"Laminados en frío","Producción","miles de tn","Cámara Argentina del Acero","Mensual","Nacional","PAIS","200","Argentina",1996-06-01,108.5
26,"Industrias Metálicas Básicas, Siderurgia y aluminio",454,"Laminados en frío","Producción","miles de tn","Cámara Argentina del Acero","Mensual","Nacional","PAIS","200","Argentina",1996-07-01,120.3
26,"Industrias Metálicas Básicas, Siderurgia y aluminio",454,"Laminados en frío","Producción","miles de tn","Cámara Argentina del Acero","Mensual","Nacional","PAIS","200","Argentina",1996-08-01,102.7
26,"Industrias Metálicas Básicas, Siderurgia y aluminio",454,"Laminados en frío","Producción","miles de tn","Cámara Argentina del Acero","Mensual","Nacional","PAIS","200","Argentina",1996-09-01,106.3
26,"Industrias Metálicas Básicas, Siderurgia y aluminio",454,"Laminados en frío","Producción","miles de tn","Cámara Argentina del Acero","Mensual","Nacional","PAIS","200","Argentina",1996-10-01,107.5
26,"Industrias Metálicas Básicas, Siderurgia y aluminio",454,"Laminados en frío","Producción","miles de tn","Cámara Argentina del Acero","Mensual","Nacional","PAIS","200","Argentina",1996-11-01,106
26,"Industrias Metálicas Básicas, Siderurgia y aluminio",454,"Laminados en frío","Producción","miles de tn","Cámara Argentina del Acero","Mensual","Nacional","PAIS","200","Argentina",1996-12-01,109.6
26,"Industrias Metálicas Básicas, Siderurgia y aluminio",454,"Laminados en frío","Producción","miles de tn","Cámara Argentina del Acero","Mensual","Nacional","PAIS","200","Argentina",1997-01-01,84.732
26,"Industrias Metálicas Básicas, Siderurgia y aluminio",454,"Laminados en frío","Producción","miles de tn","Cámara Argentina del Acero","Mensual","Nacional","PAIS","200","Argentina",1997-02-01,42.048
26,"Industrias Metálicas Básicas, Siderurgia y aluminio",454,"Laminados en frío","Producción","miles de tn","Cámara Argentina del Acero","Mensual","Nacional","PAIS","200","Argentina",1997-03-01,112.416
26,"Industrias Metálicas Básicas, Siderurgia y aluminio",454,"Laminados en frío","Producción","miles de tn","Cámara Argentina del Acero","Mensual","Nacional","PAIS","200","Argentina",1997-04-01,113.022
26,"Industrias Metálicas Básicas, Siderurgia y aluminio",454,"Laminados en frío","Producción","miles de tn","Cámara Argentina del Acero","Mensual","Nacional","PAIS","200","Argentina",1997-05-01,111.384
26,"Industrias Metálicas Básicas, Siderurgia y aluminio",454,"Laminados en frío","Producción","miles de tn","Cámara Argentina del Acero","Mensual","Nacional","PAIS","200","Argentina",1997-06-01,123.208
26,"Industrias Metálicas Básicas, Siderurgia y aluminio",454,"Laminados en frío","Producción","miles de tn","Cámara Argentina del Acero","Mensual","Nacional","PAIS","200","Argentina",1997-07-01,123.975
26,"Industrias Metálicas Básicas, Siderurgia y aluminio",454,"Laminados en frío","Producción","miles de tn","Cámara Argentina del Acero","Mensual","Nacional","PAIS","200","Argentina",1997-08-01,122.862
26,"Industrias Metálicas Básicas, Siderurgia y aluminio",454,"Laminados en frío","Producción","miles de tn","Cámara Argentina del Acero","Mensual","Nacional","PAIS","200","Argentina",1997-09-01,119.256
26,"Industrias Metálicas Básicas, Siderurgia y aluminio",454,"Laminados en frío","Producción","miles de tn","Cámara Argentina del Acero","Mensual","Nacional","PAIS","200","Argentina",1997-10-01,127.957
26,"Industrias Metálicas Básicas, Siderurgia y aluminio",454,"Laminados en frío","Producción","miles de tn","Cámara Argentina del Acero","Mensual","Nacional","PAIS","200","Argentina",1997-11-01,119.037
26,"Industrias Metálicas Básicas, Siderurgia y aluminio",454,"Laminados en frío","Producción","miles de tn","Cámara Argentina del Acero","Mensual","Nacional","PAIS","200","Argentina",1997-12-01,103.302
26,"Industrias Metálicas Básicas, Siderurgia y aluminio",454,"Laminados en frío","Producción","miles de tn","Cámara Argentina del Acero","Mensual","Nacional","PAIS","200","Argentina",1998-01-01,108.71
26,"Industrias Metálicas Básicas, Siderurgia y aluminio",454,"Laminados en frío","Producción","miles de tn","Cámara Argentina del Acero","Mensual","Nacional","PAIS","200","Argentina",1998-02-01,69.657
26,"Industrias Metálicas Básicas, Siderurgia y aluminio",454,"Laminados en frío","Producción","miles de tn","Cámara Argentina del Acero","Mensual","Nacional","PAIS","200","Argentina",1998-03-01,59.465
26,"Industrias Metálicas Básicas, Siderurgia y aluminio",454,"Laminados en frío","Producción","miles de tn","Cámara Argentina del Acero","Mensual","Nacional","PAIS","200","Argentina",1998-04-01,123.03
26,"Industrias Metálicas Básicas, Siderurgia y aluminio",454,"Laminados en frío","Producción","miles de tn","Cámara Argentina del Acero","Mensual","Nacional","PAIS","200","Argentina",1998-05-01,124.005
26,"Industrias Metálicas Básicas, Siderurgia y aluminio",454,"Laminados en frío","Producción","miles de tn","Cámara Argentina del Acero","Mensual","Nacional","PAIS","200","Argentina",1998-06-01,124.86
26,"Industrias Metálicas Básicas, Siderurgia y aluminio",454,"Laminados en frío","Producción","miles de tn","Cámara Argentina del Acero","Mensual","Nacional","PAIS","200","Argentina",1998-07-01,114.113
26,"Industrias Metálicas Básicas, Siderurgia y aluminio",454,"Laminados en frío","Producción","miles de tn","Cámara Argentina del Acero","Mensual","Nacional","PAIS","200","Argentina",1998-08-01,126.381
26,"Industrias Metálicas Básicas, Siderurgia y aluminio",454,"Laminados en frío","Producción","miles de tn","Cámara Argentina del Acero","Mensual","Nacional","PAIS","200","Argentina",1998-09-01,117.265
26,"Industrias Metálicas Básicas, Siderurgia y aluminio",454,"Laminados en frío","Producción","miles de tn","Cámara Argentina del Acero","Mensual","Nacional","PAIS","200","Argentina",1998-10-01,111.137
26,"Industrias Metálicas Básicas, Siderurgia y aluminio",454,"Laminados en frío","Producción","miles de tn","Cámara Argentina del Acero","Mensual","Nacional","PAIS","200","Argentina",1998-11-01,132.635
26,"Industrias Metálicas Básicas, Siderurgia y aluminio",454,"Laminados en frío","Producción","miles de tn","Cámara Argentina del Acero","Mensual","Nacional","PAIS","200","Argentina",1998-12-01,111.578
26,"Industrias Metálicas Básicas, Siderurgia y aluminio",454,"Laminados en frío","Producción","miles de tn","Cámara Argentina del Acero","Mensual","Nacional","PAIS","200","Argentina",1999-01-01,123.807
26,"Industrias Metálicas Básicas, Siderurgia y aluminio",454,"Laminados en frío","Producción","miles de tn","Cámara Argentina del Acero","Mensual","Nacional","PAIS","200","Argentina",1999-02-01,75.277
26,"Industrias Metálicas Básicas, Siderurgia y aluminio",454,"Laminados en frío","Producción","miles de tn","Cámara Argentina del Acero","Mensual","Nacional","PAIS","200","Argentina",1999-03-01,121.89
26,"Industrias Metálicas Básicas, Siderurgia y aluminio",454,"Laminados en frío","Producción","miles de tn","Cámara Argentina del Acero","Mensual","Nacional","PAIS","200","Argentina",1999-04-01,119.802
26,"Industrias Metálicas Básicas, Siderurgia y aluminio",454,"Laminados en frío","Producción","miles de tn","Cámara Argentina del Acero","Mensual","Nacional","PAIS","200","Argentina",1999-05-01,127.801
26,"Industrias Metálicas Básicas, Siderurgia y aluminio",454,"Laminados en frío","Producción","miles de tn","Cámara Argentina del Acero","Mensual","Nacional","PAIS","200","Argentina",1999-06-01,114.898
26,"Industrias Metálicas Básicas, Siderurgia y aluminio",454,"Laminados en frío","Producción","miles de tn","Cámara Argentina del Acero","Mensual","Nacional","PAIS","200","Argentina",1999-07-01,124.53
26,"Industrias Metálicas Básicas, Siderurgia y aluminio",454,"Laminados en frío","Producción","miles de tn","Cámara Argentina del Acero","Mensual","Nacional","PAIS","200","Argentina",1999-08-01,119.553
26,"Industrias Metálicas Básicas, Siderurgia y aluminio",454,"Laminados en frío","Producción","miles de tn","Cámara Argentina del Acero","Mensual","Nacional","PAIS","200","Argentina",1999-09-01,119.044
26,"Industrias Metálicas Básicas, Siderurgia y aluminio",454,"Laminados en frío","Producción","miles de tn","Cámara Argentina del Acero","Mensual","Nacional","PAIS","200","Argentina",1999-10-01,132.79
26,"Industrias Metálicas Básicas, Siderurgia y aluminio",454,"Laminados en frío","Producción","miles de tn","Cámara Argentina del Acero","Mensual","Nacional","PAIS","200","Argentina",1999-11-01,121.299
26,"Industrias Metálicas Básicas, Siderurgia y aluminio",454,"Laminados en frío","Producción","miles de tn","Cámara Argentina del Acero","Mensual","Nacional","PAIS","200","Argentina",1999-12-01,107.551
26,"Industrias Metálicas Básicas, Siderurgia y aluminio",454,"Laminados en frío","Producción","miles de tn","Cámara Argentina del Acero","Mensual","Nacional","PAIS","200","Argentina",2000-01-01,123.277
26,"Industrias Metálicas Básicas, Siderurgia y aluminio",454,"Laminados en frío","Producción","miles de tn","Cámara Argentina del Acero","Mensual","Nacional","PAIS","200","Argentina",2000-02-01,112.14
26,"Industrias Metálicas Básicas, Siderurgia y aluminio",454,"Laminados en frío","Producción","miles de tn","Cámara Argentina del Acero","Mensual","Nacional","PAIS","200","Argentina",2000-03-01,117.867
26,"Industrias Metálicas Básicas, Siderurgia y aluminio",454,"Laminados en frío","Producción","miles de tn","Cámara Argentina del Acero","Mensual","Nacional","PAIS","200","Argentina",2000-04-01,76.633
26,"Industrias Metálicas Básicas, Siderurgia y aluminio",454,"Laminados en frío","Producción","miles de tn","Cámara Argentina del Acero","Mensual","Nacional","PAIS","200","Argentina",2000-05-01,118.213
26,"Industrias Metálicas Básicas, Siderurgia y aluminio",454,"Laminados en frío","Producción","miles de tn","Cámara Argentina del Acero","Mensual","Nacional","PAIS","200","Argentina",2000-06-01,115.219
26,"Industrias Metálicas Básicas, Siderurgia y aluminio",454,"Laminados en frío","Producción","miles de tn","Cámara Argentina del Acero","Mensual","Nacional","PAIS","200","Argentina",2000-07-01,122.28
26,"Industrias Metálicas Básicas, Siderurgia y aluminio",454,"Laminados en frío","Producción","miles de tn","Cámara Argentina del Acero","Mensual","Nacional","PAIS","200","Argentina",2000-08-01,134.724
26,"Industrias Metálicas Básicas, Siderurgia y aluminio",454,"Laminados en frío","Producción","miles de tn","Cámara Argentina del Acero","Mensual","Nacional","PAIS","200","Argentina",2000-09-01,108.304
26,"Industrias Metálicas Básicas, Siderurgia y aluminio",454,"Laminados en frío","Producción","miles de tn","Cámara Argentina del Acero","Mensual","Nacional","PAIS","200","Argentina",2000-10-01,95.105
26,"Industrias Metálicas Básicas, Siderurgia y aluminio",454,"Laminados en frío","Producción","miles de tn","Cámara Argentina del Acero","Mensual","Nacional","PAIS","200","Argentina",2000-11-01,117.653
26,"Industrias Metálicas Básicas, Siderurgia y aluminio",454,"Laminados en frío","Producción","miles de tn","Cámara Argentina del Acero","Mensual","Nacional","PAIS","200","Argentina",2000-12-01,109.726
26,"Industrias Metálicas Básicas, Siderurgia y aluminio",454,"Laminados en frío","Producción","miles de tn","Cámara Argentina del Acero","Mensual","Nacional","PAIS","200","Argentina",2001-01-01,123.924
26,"Industrias Metálicas Básicas, Siderurgia y aluminio",454,"Laminados en frío","Producción","miles de tn","Cámara Argentina del Acero","Mensual","Nacional","PAIS","200","Argentina",2001-02-01,110.068
26,"Industrias Metálicas Básicas, Siderurgia y aluminio",454,"Laminados en frío","Producción","miles de tn","Cámara Argentina del Acero","Mensual","Nacional","PAIS","200","Argentina",2001-03-01,118.678
26,"Industrias Metálicas Básicas, Siderurgia y aluminio",454,"Laminados en frío","Producción","miles de tn","Cámara Argentina del Acero","Mensual","Nacional","PAIS","200","Argentina",2001-04-01,118.695
26,"Industrias Metálicas Básicas, Siderurgia y aluminio",454,"Laminados en frío","Producción","miles de tn","Cámara Argentina del Acero","Mensual","Nacional","PAIS","200","Argentina",2001-05-01,120.671
26,"Industrias Metálicas Básicas, Siderurgia y aluminio",454,"Laminados en frío","Producción","miles de tn","Cámara Argentina del Acero","Mensual","Nacional","PAIS","200","Argentina",2001-06-01,116.62
26,"Industrias Metálicas Básicas, Siderurgia y aluminio",454,"Laminados en frío","Producción","miles de tn","Cámara Argentina del Acero","Mensual","Nacional","PAIS","200","Argentina",2001-07-01,105.154
26,"Industrias Metálicas Básicas, Siderurgia y aluminio",454,"Laminados en frío","Producción","miles de tn","Cámara Argentina del Acero","Mensual","Nacional","PAIS","200","Argentina",2001-08-01,75.273
26,"Industrias Metálicas Básicas, Siderurgia y aluminio",454,"Laminados en frío","Producción","miles de tn","Cámara Argentina del Acero","Mensual","Nacional","PAIS","200","Argentina",2001-09-01,94.615
26,"Industrias Metálicas Básicas, Siderurgia y aluminio",454,"Laminados en frío","Producción","miles de tn","Cámara Argentina del Acero","Mensual","Nacional","PAIS","200","Argentina",2001-10-01,94.099
26,"Industrias Metálicas Básicas, Siderurgia y aluminio",454,"Laminados en frío","Producción","miles de tn","Cámara Argentina del Acero","Mensual","Nacional","PAIS","200","Argentina",2001-11-01,89.203
26,"Industrias Metálicas Básicas, Siderurgia y aluminio",454,"Laminados en frío","Producción","miles de tn","Cámara Argentina del Acero","Mensual","Nacional","PAIS","200","Argentina",2001-12-01,68.712
26,"Industrias Metálicas Básicas, Siderurgia y aluminio",454,"Laminados en frío","Producción","miles de tn","Cámara Argentina del Acero","Mensual","Nacional","PAIS","200","Argentina",2002-01-01,83.141
26,"Industrias Metálicas Básicas, Siderurgia y aluminio",454,"Laminados en frío","Producción","miles de tn","Cámara Argentina del Acero","Mensual","Nacional","PAIS","200","Argentina",2002-02-01,73.24
26,"Industrias Metálicas Básicas, Siderurgia y aluminio",454,"Laminados en frío","Producción","miles de tn","Cámara Argentina del Acero","Mensual","Nacional","PAIS","200","Argentina",2002-03-01,104.663
26,"Industrias Metálicas Básicas, Siderurgia y aluminio",454,"Laminados en frío","Producción","miles de tn","Cámara Argentina del Acero","Mensual","Nacional","PAIS","200","Argentina",2002-04-01,120.875
26,"Industrias Metálicas Básicas, Siderurgia y aluminio",454,"Laminados en frío","Producción","miles de tn","Cámara Argentina del Acero","Mensual","Nacional","PAIS","200","Argentina",2002-05-01,104.109
26,"Industrias Metálicas Básicas, Siderurgia y aluminio",454,"Laminados en frío","Producción","miles de tn","Cámara Argentina del Acero","Mensual","Nacional","PAIS","200","Argentina",2002-06-01,107.253
26,"Industrias Metálicas Básicas, Siderurgia y aluminio",454,"Laminados en frío","Producción","miles de tn","Cámara Argentina del Acero","Mensual","Nacional","PAIS","200","Argentina",2002-07-01,121.085
26,"Industrias Metálicas Básicas, Siderurgia y aluminio",454,"Laminados en frío","Producción","miles de tn","Cámara Argentina del Acero","Mensual","Nacional","PAIS","200","Argentina",2002-08-01,131.31
26,"Industrias Metálicas Básicas, Siderurgia y aluminio",454,"Laminados en frío","Producción","miles de tn","Cámara Argentina del Acero","Mensual","Nacional","PAIS","200","Argentina",2002-09-01,121.937
26,"Industrias Metálicas Básicas, Siderurgia y aluminio",454,"Laminados en frío","Producción","miles de tn","Cámara Argentina del Acero","Mensual","Nacional","PAIS","200","Argentina",2002-10-01,122.969
26,"Industrias Metálicas Básicas, Siderurgia y aluminio",454,"Laminados en frío","Producción","miles de tn","Cámara Argentina del Acero","Mensual","Nacional","PAIS","200","Argentina",2002-11-01,116.599
26,"Industrias Metálicas Básicas, Siderurgia y aluminio",454,"Laminados en frío","Producción","miles de tn","Cámara Argentina del Acero","Mensual","Nacional","PAIS","200","Argentina",2002-12-01,110.846
26,"Industrias Metálicas Básicas, Siderurgia y aluminio",454,"Laminados en frío","Producción","miles de tn","Cámara Argentina del Acero","Mensual","Nacional","PAIS","200","Argentina",2003-01-01,110.054
26,"Industrias Metálicas Básicas, Siderurgia y aluminio",454,"Laminados en frío","Producción","miles de tn","Cámara Argentina del Acero","Mensual","Nacional","PAIS","200","Argentina",2003-02-01,119.497
26,"Industrias Metálicas Básicas, Siderurgia y aluminio",454,"Laminados en frío","Producción","miles de tn","Cámara Argentina del Acero","Mensual","Nacional","PAIS","200","Argentina",2003-03-01,137.038
26,"Industrias Metálicas Básicas, Siderurgia y aluminio",454,"Laminados en frío","Producción","miles de tn","Cámara Argentina del Acero","Mensual","Nacional","PAIS","200","Argentina",2003-04-01,133.892
26,"Industrias Metálicas Básicas, Siderurgia y aluminio",454,"Laminados en frío","Producción","miles de tn","Cámara Argentina del Acero","Mensual","Nacional","PAIS","200","Argentina",2003-05-01,133.164
26,"Industrias Metálicas Básicas, Siderurgia y aluminio",454,"Laminados en frío","Producción","miles de tn","Cámara Argentina del Acero","Mensual","Nacional","PAIS","200","Argentina",2003-06-01,125.282
26,"Industrias Metálicas Básicas, Siderurgia y aluminio",454,"Laminados en frío","Producción","miles de tn","Cámara Argentina del Acero","Mensual","Nacional","PAIS","200","Argentina",2003-07-01,146.588
26,"Industrias Metálicas Básicas, Siderurgia y aluminio",454,"Laminados en frío","Producción","miles de tn","Cámara Argentina del Acero","Mensual","Nacional","PAIS","200","Argentina",2003-08-01,117.247
26,"Industrias Metálicas Básicas, Siderurgia y aluminio",454,"Laminados en frío","Producción","miles de tn","Cámara Argentina del Acero","Mensual","Nacional","PAIS","200","Argentina",2003-09-01,129.154
26,"Industrias Metálicas Básicas, Siderurgia y aluminio",454,"Laminados en frío","Producción","miles de tn","Cámara Argentina del Acero","Mensual","Nacional","PAIS","200","Argentina",2003-10-01,139.221
26,"Industrias Metálicas Básicas, Siderurgia y aluminio",454,"Laminados en frío","Producción","miles de tn","Cámara Argentina del Acero","Mensual","Nacional","PAIS","200","Argentina",2003-11-01,130.473
26,"Industrias Metálicas Básicas, Siderurgia y aluminio",454,"Laminados en frío","Producción","miles de tn","Cámara Argentina del Acero","Mensual","Nacional","PAIS","200","Argentina",2003-12-01,128.917
26,"Industrias Metálicas Básicas, Siderurgia y aluminio",454,"Laminados en frío","Producción","miles de tn","Cámara Argentina del Acero","Mensual","Nacional","PAIS","200","Argentina",2004-01-01,130.8
26,"Industrias Metálicas Básicas, Siderurgia y aluminio",454,"Laminados en frío","Producción","miles de tn","Cámara Argentina del Acero","Mensual","Nacional","PAIS","200","Argentina",2004-02-01,113.5
26,"Industrias Metálicas Básicas, Siderurgia y aluminio",454,"Laminados en frío","Producción","miles de tn","Cámara Argentina del Acero","Mensual","Nacional","PAIS","200","Argentina",2004-03-01,129.278
26,"Industrias Metálicas Básicas, Siderurgia y aluminio",454,"Laminados en frío","Producción","miles de tn","Cámara Argentina del Acero","Mensual","Nacional","PAIS","200","Argentina",2004-04-01,107.238
26,"Industrias Metálicas Básicas, Siderurgia y aluminio",454,"Laminados en frío","Producción","miles de tn","Cámara Argentina del Acero","Mensual","Nacional","PAIS","200","Argentina",2004-05-01,131.49
26,"Industrias Metálicas Básicas, Siderurgia y aluminio",454,"Laminados en frío","Producción","miles de tn","Cámara Argentina del Acero","Mensual","Nacional","PAIS","200","Argentina",2004-06-01,103.98
26,"Industrias Metálicas Básicas, Siderurgia y aluminio",454,"Laminados en frío","Producción","miles de tn","Cámara Argentina del Acero","Mensual","Nacional","PAIS","200","Argentina",2004-07-01,116.756
26,"Industrias Metálicas Básicas, Siderurgia y aluminio",454,"Laminados en frío","Producción","miles de tn","Cámara Argentina del Acero","Mensual","Nacional","PAIS","200","Argentina",2004-08-01,87.3
26,"Industrias Metálicas Básicas, Siderurgia y aluminio",454,"Laminados en frío","Producción","miles de tn","Cámara Argentina del Acero","Mensual","Nacional","PAIS","200","Argentina",2004-09-01,98.236
26,"Industrias Metálicas Básicas, Siderurgia y aluminio",454,"Laminados en frío","Producción","miles de tn","Cámara Argentina del Acero","Mensual","Nacional","PAIS","200","Argentina",2004-10-01,137.2
26,"Industrias Metálicas Básicas, Siderurgia y aluminio",454,"Laminados en frío","Producción","miles de tn","Cámara Argentina del Acero","Mensual","Nacional","PAIS","200","Argentina",2004-11-01,138.3
26,"Industrias Metálicas Básicas, Siderurgia y aluminio",454,"Laminados en frío","Producción","miles de tn","Cámara Argentina del Acero","Mensual","Nacional","PAIS","200","Argentina",2004-12-01,141.063
26,"Industrias Metálicas Básicas, Siderurgia y aluminio",454,"Laminados en frío","Producción","miles de tn","Cámara Argentina del Acero","Mensual","Nacional","PAIS","200","Argentina",2005-01-01,145.5
26,"Industrias Metálicas Básicas, Siderurgia y aluminio",454,"Laminados en frío","Producción","miles de tn","Cámara Argentina del Acero","Mensual","Nacional","PAIS","200","Argentina",2005-02-01,117.9
26,"Industrias Metálicas Básicas, Siderurgia y aluminio",454,"Laminados en frío","Producción","miles de tn","Cámara Argentina del Acero","Mensual","Nacional","PAIS","200","Argentina",2005-03-01,127.8
26,"Industrias Metálicas Básicas, Siderurgia y aluminio",454,"Laminados en frío","Producción","miles de tn","Cámara Argentina del Acero","Mensual","Nacional","PAIS","200","Argentina",2005-04-01,125.8
26,"Industrias Metálicas Básicas, Siderurgia y aluminio",454,"Laminados en frío","Producción","miles de tn","Cámara Argentina del Acero","Mensual","Nacional","PAIS","200","Argentina",2005-05-01,125.9
26,"Industrias Metálicas Básicas, Siderurgia y aluminio",454,"Laminados en frío","Producción","miles de tn","Cámara Argentina del Acero","Mensual","Nacional","PAIS","200","Argentina",2005-06-01,119.8
26,"Industrias Metálicas Básicas, Siderurgia y aluminio",454,"Laminados en frío","Producción","miles de tn","Cámara Argentina del Acero","Mensual","Nacional","PAIS","200","Argentina",2005-07-01,113.6
26,"Industrias Metálicas Básicas, Siderurgia y aluminio",454,"Laminados en frío","Producción","miles de tn","Cámara Argentina del Acero","Mensual","Nacional","PAIS","200","Argentina",2005-08-01,103.6
26,"Industrias Metálicas Básicas, Siderurgia y aluminio",454,"Laminados en frío","Producción","miles de tn","Cámara Argentina del Acero","Mensual","Nacional","PAIS","200","Argentina",2005-09-01,89.9
26,"Industrias Metálicas Básicas, Siderurgia y aluminio",454,"Laminados en frío","Producción","miles de tn","Cámara Argentina del Acero","Mensual","Nacional","PAIS","200","Argentina",2005-10-01,124.6
26,"Industrias Metálicas Básicas, Siderurgia y aluminio",454,"Laminados en frío","Producción","miles de tn","Cámara Argentina del Acero","Mensual","Nacional","PAIS","200","Argentina",2005-11-01,127.9
26,"Industrias Metálicas Básicas, Siderurgia y aluminio",454,"Laminados en frío","Producción","miles de tn","Cámara Argentina del Acero","Mensual","Nacional","PAIS","200","Argentina",2005-12-01,120.925
26,"Industrias Metálicas Básicas, Siderurgia y aluminio",454,"Laminados en frío","Producción","miles de tn","Cámara Argentina del Acero","Mensual","Nacional","PAIS","200","Argentina",2006-01-01,119.3
26,"Industrias Metálicas Básicas, Siderurgia y aluminio",454,"Laminados en frío","Producción","miles de tn","Cámara Argentina del Acero","Mensual","Nacional","PAIS","200","Argentina",2006-02-01,94
26,"Industrias Metálicas Básicas, Siderurgia y aluminio",454,"Laminados en frío","Producción","miles de tn","Cámara Argentina del Acero","Mensual","Nacional","PAIS","200","Argentina",2006-03-01,118.6
26,"Industrias Metálicas Básicas, Siderurgia y aluminio",454,"Laminados en frío","Producción","miles de tn","Cámara Argentina del Acero","Mensual","Nacional","PAIS","200","Argentina",2006-04-01,123.3
26,"Industrias Metálicas Básicas, Siderurgia y aluminio",454,"Laminados en frío","Producción","miles de tn","Cámara Argentina del Acero","Mensual","Nacional","PAIS","200","Argentina",2006-05-01,113.4
26,"Industrias Metálicas Básicas, Siderurgia y aluminio",454,"Laminados en frío","Producción","miles de tn","Cámara Argentina del Acero","Mensual","Nacional","PAIS","200","Argentina",2006-06-01,117.7
26,"Industrias Metálicas Básicas, Siderurgia y aluminio",454,"Laminados en frío","Producción","miles de tn","Cámara Argentina del Acero","Mensual","Nacional","PAIS","200","Argentina",2006-07-01,134.9
26,"Industrias Metálicas Básicas, Siderurgia y aluminio",454,"Laminados en frío","Producción","miles de tn","Cámara Argentina del Acero","Mensual","Nacional","PAIS","200","Argentina",2006-08-01,129.6
26,"Industrias Metálicas Básicas, Siderurgia y aluminio",454,"Laminados en frío","Producción","miles de tn","Cámara Argentina del Acero","Mensual","Nacional","PAIS","200","Argentina",2006-09-01,129.3
26,"Industrias Metálicas Básicas, Siderurgia y aluminio",454,"Laminados en frío","Producción","miles de tn","Cámara Argentina del Acero","Mensual","Nacional","PAIS","200","Argentina",2006-10-01,124.2
26,"Industrias Metálicas Básicas, Siderurgia y aluminio",454,"Laminados en frío","Producción","miles de tn","Cámara Argentina del Acero","Mensual","Nacional","PAIS","200","Argentina",2006-11-01,71.2
26,"Industrias Metálicas Básicas, Siderurgia y aluminio",454,"Laminados en frío","Producción","miles de tn","Cámara Argentina del Acero","Mensual","Nacional","PAIS","200","Argentina",2006-12-01,130.791
26,"Industrias Metálicas Básicas, Siderurgia y aluminio",454,"Laminados en frío","Producción","miles de tn","Cámara Argentina del Acero","Mensual","Nacional","PAIS","200","Argentina",2007-01-01,138.692
26,"Industrias Metálicas Básicas, Siderurgia y aluminio",454,"Laminados en frío","Producción","miles de tn","Cámara Argentina del Acero","Mensual","Nacional","PAIS","200","Argentina",2007-02-01,122.994
26,"Industrias Metálicas Básicas, Siderurgia y aluminio",454,"Laminados en frío","Producción","miles de tn","Cámara Argentina del Acero","Mensual","Nacional","PAIS","200","Argentina",2007-03-01,133.777
26,"Industrias Metálicas Básicas, Siderurgia y aluminio",454,"Laminados en frío","Producción","miles de tn","Cámara Argentina del Acero","Mensual","Nacional","PAIS","200","Argentina",2007-04-01,131
26,"Industrias Metálicas Básicas, Siderurgia y aluminio",454,"Laminados en frío","Producción","miles de tn","Cámara Argentina del Acero","Mensual","Nacional","PAIS","200","Argentina",2007-05-01,132.6
26,"Industrias Metálicas Básicas, Siderurgia y aluminio",454,"Laminados en frío","Producción","miles de tn","Cámara Argentina del Acero","Mensual","Nacional","PAIS","200","Argentina",2007-06-01,122.162
26,"Industrias Metálicas Básicas, Siderurgia y aluminio",454,"Laminados en frío","Producción","miles de tn","Cámara Argentina del Acero","Mensual","Nacional","PAIS","200","Argentina",2007-07-01,127.685
26,"Industrias Metálicas Básicas, Siderurgia y aluminio",454,"Laminados en frío","Producción","miles de tn","Cámara Argentina del Acero","Mensual","Nacional","PAIS","200","Argentina",2007-08-01,133.86
26,"Industrias Metálicas Básicas, Siderurgia y aluminio",454,"Laminados en frío","Producción","miles de tn","Cámara Argentina del Acero","Mensual","Nacional","PAIS","200","Argentina",2007-09-01,128.686
26,"Industrias Metálicas Básicas, Siderurgia y aluminio",454,"Laminados en frío","Producción","miles de tn","Cámara Argentina del Acero","Mensual","Nacional","PAIS","200","Argentina",2007-10-01,118.535
26,"Industrias Metálicas Básicas, Siderurgia y aluminio",454,"Laminados en frío","Producción","miles de tn","Cámara Argentina del Acero","Mensual","Nacional","PAIS","200","Argentina",2007-11-01,137.48
26,"Industrias Metálicas Básicas, Siderurgia y aluminio",454,"Laminados en frío","Producción","miles de tn","Cámara Argentina del Acero","Mensual","Nacional","PAIS","200","Argentina",2007-12-01,134.278
26,"Industrias Metálicas Básicas, Siderurgia y aluminio",454,"Laminados en frío","Producción","miles de tn","Cámara Argentina del Acero","Mensual","Nacional","PAIS","200","Argentina",2008-01-01,135.211
26,"Industrias Metálicas Básicas, Siderurgia y aluminio",454,"Laminados en frío","Producción","miles de tn","Cámara Argentina del Acero","Mensual","Nacional","PAIS","200","Argentina",2008-02-01,129.073
26,"Industrias Metálicas Básicas, Siderurgia y aluminio",454,"Laminados en frío","Producción","miles de tn","Cámara Argentina del Acero","Mensual","Nacional","PAIS","200","Argentina",2008-03-01,136.198
26,"Industrias Metálicas Básicas, Siderurgia y aluminio",454,"Laminados en frío","Producción","miles de tn","Cámara Argentina del Acero","Mensual","Nacional","PAIS","200","Argentina",2008-04-01,135.862
26,"Industrias Metálicas Básicas, Siderurgia y aluminio",454,"Laminados en frío","Producción","miles de tn","Cámara Argentina del Acero","Mensual","Nacional","PAIS","200","Argentina",2008-05-01,137.598
26,"Industrias Metálicas Básicas, Siderurgia y aluminio",454,"Laminados en frío","Producción","miles de tn","Cámara Argentina del Acero","Mensual","Nacional","PAIS","200","Argentina",2008-06-01,139.413
26,"Industrias Metálicas Básicas, Siderurgia y aluminio",454,"Laminados en frío","Producción","miles de tn","Cámara Argentina del Acero","Mensual","Nacional","PAIS","200","Argentina",2008-07-01,139.548
26,"Industrias Metálicas Básicas, Siderurgia y aluminio",454,"Laminados en frío","Producción","miles de tn","Cámara Argentina del Acero","Mensual","Nacional","PAIS","200","Argentina",2008-08-01,86.301
26,"Industrias Metálicas Básicas, Siderurgia y aluminio",454,"Laminados en frío","Producción","miles de tn","Cámara Argentina del Acero","Mensual","Nacional","PAIS","200","Argentina",2008-09-01,121.427
26,"Industrias Metálicas Básicas, Siderurgia y aluminio",454,"Laminados en frío","Producción","miles de tn","Cámara Argentina del Acero","Mensual","Nacional","PAIS","200","Argentina",2008-10-01,143.301
26,"Industrias Metálicas Básicas, Siderurgia y aluminio",454,"Laminados en frío","Producción","miles de tn","Cámara Argentina del Acero","Mensual","Nacional","PAIS","200","Argentina",2008-11-01,79.223
26,"Industrias Metálicas Básicas, Siderurgia y aluminio",454,"Laminados en frío","Producción","miles de tn","Cámara Argentina del Acero","Mensual","Nacional","PAIS","200","Argentina",2008-12-01,51.502
26,"Industrias Metálicas Básicas, Siderurgia y aluminio",454,"Laminados en frío","Producción","miles de tn","Cámara Argentina del Acero","Mensual","Nacional","PAIS","200","Argentina",2009-01-01,67.512
26,"Industrias Metálicas Básicas, Siderurgia y aluminio",454,"Laminados en frío","Producción","miles de tn","Cámara Argentina del Acero","Mensual","Nacional","PAIS","200","Argentina",2009-02-01,71.077
26,"Industrias Metálicas Básicas, Siderurgia y aluminio",454,"Laminados en frío","Producción","miles de tn","Cámara Argentina del Acero","Mensual","Nacional","PAIS","200","Argentina",2009-03-01,101.565
26,"Industrias Metálicas Básicas, Siderurgia y aluminio",454,"Laminados en frío","Producción","miles de tn","Cámara Argentina del Acero","Mensual","Nacional","PAIS","200","Argentina",2009-04-01,78.486
26,"Industrias Metálicas Básicas, Siderurgia y aluminio",454,"Laminados en frío","Producción","miles de tn","Cámara Argentina del Acero","Mensual","Nacional","PAIS","200","Argentina",2009-05-01,80.332
26,"Industrias Metálicas Básicas, Siderurgia y aluminio",454,"Laminados en frío","Producción","miles de tn","Cámara Argentina del Acero","Mensual","Nacional","PAIS","200","Argentina",2009-06-01,116.859
26,"Industrias Metálicas Básicas, Siderurgia y aluminio",454,"Laminados en frío","Producción","miles de tn","Cámara Argentina del Acero","Mensual","Nacional","PAIS","200","Argentina",2009-07-01,113.992
26,"Industrias Metálicas Básicas, Siderurgia y aluminio",454,"Laminados en frío","Producción","miles de tn","Cámara Argentina del Acero","Mensual","Nacional","PAIS","200","Argentina",2009-08-01,105.534
26,"Industrias Metálicas Básicas, Siderurgia y aluminio",454,"Laminados en frío","Producción","miles de tn","Cámara Argentina del Acero","Mensual","Nacional","PAIS","200","Argentina",2009-09-01,117.046
26,"Industrias Metálicas Básicas, Siderurgia y aluminio",454,"Laminados en frío","Producción","miles de tn","Cámara Argentina del Acero","Mensual","Nacional","PAIS","200","Argentina",2009-10-01,131.309
26,"Industrias Metálicas Básicas, Siderurgia y aluminio",454,"Laminados en frío","Producción","miles de tn","Cámara Argentina del Acero","Mensual","Nacional","PAIS","200","Argentina",2009-11-01,134.796
26,"Industrias Metálicas Básicas, Siderurgia y aluminio",454,"Laminados en frío","Producción","miles de tn","Cámara Argentina del Acero","Mensual","Nacional","PAIS","200","Argentina",2009-12-01,122.255
26,"Industrias Metálicas Básicas, Siderurgia y aluminio",454,"Laminados en frío","Producción","miles de tn","Cámara Argentina del Acero","Mensual","Nacional","PAIS","200","Argentina",2010-01-01,132.914
26,"Industrias Metálicas Básicas, Siderurgia y aluminio",454,"Laminados en frío","Producción","miles de tn","Cámara Argentina del Acero","Mensual","Nacional","PAIS","200","Argentina",2010-02-01,57.043
26,"Industrias Metálicas Básicas, Siderurgia y aluminio",454,"Laminados en frío","Producción","miles de tn","Cámara Argentina del Acero","Mensual","Nacional","PAIS","200","Argentina",2010-03-01,128.034
26,"Industrias Metálicas Básicas, Siderurgia y aluminio",454,"Laminados en frío","Producción","miles de tn","Cámara Argentina del Acero","Mensual","Nacional","PAIS","200","Argentina",2010-04-01,129.377
26,"Industrias Metálicas Básicas, Siderurgia y aluminio",454,"Laminados en frío","Producción","miles de tn","Cámara Argentina del Acero","Mensual","Nacional","PAIS","200","Argentina",2010-05-01,135.552
26,"Industrias Metálicas Básicas, Siderurgia y aluminio",454,"Laminados en frío","Producción","miles de tn","Cámara Argentina del Acero","Mensual","Nacional","PAIS","200","Argentina",2010-06-01,126.102
26,"Industrias Metálicas Básicas, Siderurgia y aluminio",454,"Laminados en frío","Producción","miles de tn","Cámara Argentina del Acero","Mensual","Nacional","PAIS","200","Argentina",2010-07-01,138.745
26,"Industrias Metálicas Básicas, Siderurgia y aluminio",454,"Laminados en frío","Producción","miles de tn","Cámara Argentina del Acero","Mensual","Nacional","PAIS","200","Argentina",2010-08-01,116.268
26,"Industrias Metálicas Básicas, Siderurgia y aluminio",454,"Laminados en frío","Producción","miles de tn","Cámara Argentina del Acero","Mensual","Nacional","PAIS","200","Argentina",2010-09-01,137.708
26,"Industrias Metálicas Básicas, Siderurgia y aluminio",454,"Laminados en frío","Producción","miles de tn","Cámara Argentina del Acero","Mensual","Nacional","PAIS","200","Argentina",2010-10-01,139.691
26,"Industrias Metálicas Básicas, Siderurgia y aluminio",454,"Laminados en frío","Producción","miles de tn","Cámara Argentina del Acero","Mensual","Nacional","PAIS","200","Argentina",2010-11-01,130.464
26,"Industrias Metálicas Básicas, Siderurgia y aluminio",454,"Laminados en frío","Producción","miles de tn","Cámara Argentina del Acero","Mensual","Nacional","PAIS","200","Argentina",2010-12-01,119.171
26,"Industrias Metálicas Básicas, Siderurgia y aluminio",454,"Laminados en frío","Producción","miles de tn","Cámara Argentina del Acero","Mensual","Nacional","PAIS","200","Argentina",2011-01-01,124.766
26,"Industrias Metálicas Básicas, Siderurgia y aluminio",454,"Laminados en frío","Producción","miles de tn","Cámara Argentina del Acero","Mensual","Nacional","PAIS","200","Argentina",2011-02-01,125.079
26,"Industrias Metálicas Básicas, Siderurgia y aluminio",454,"Laminados en frío","Producción","miles de tn","Cámara Argentina del Acero","Mensual","Nacional","PAIS","200","Argentina",2011-03-01,108.091
26,"Industrias Metálicas Básicas, Siderurgia y aluminio",454,"Laminados en frío","Producción","miles de tn","Cámara Argentina del Acero","Mensual","Nacional","PAIS","200","Argentina",2011-04-01,104.937
26,"Industrias Metálicas Básicas, Siderurgia y aluminio",454,"Laminados en frío","Producción","miles de tn","Cámara Argentina del Acero","Mensual","Nacional","PAIS","200","Argentina",2011-05-01,123.326
26,"Industrias Metálicas Básicas, Siderurgia y aluminio",454,"Laminados en frío","Producción","miles de tn","Cámara Argentina del Acero","Mensual","Nacional","PAIS","200","Argentina",2011-06-01,136.235
26,"Industrias Metálicas Básicas, Siderurgia y aluminio",454,"Laminados en frío","Producción","miles de tn","Cámara Argentina del Acero","Mensual","Nacional","PAIS","200","Argentina",2011-07-01,137.798
26,"Industrias Metálicas Básicas, Siderurgia y aluminio",454,"Laminados en frío","Producción","miles de tn","Cámara Argentina del Acero","Mensual","Nacional","PAIS","200","Argentina",2011-08-01,116.531
26,"Industrias Metálicas Básicas, Siderurgia y aluminio",454,"Laminados en frío","Producción","miles de tn","Cámara Argentina del Acero","Mensual","Nacional","PAIS","200","Argentina",2011-09-01,95.255
26,"Industrias Metálicas Básicas, Siderurgia y aluminio",454,"Laminados en frío","Producción","miles de tn","Cámara Argentina del Acero","Mensual","Nacional","PAIS","200","Argentina",2011-10-01,141.572
26,"Industrias Metálicas Básicas, Siderurgia y aluminio",454,"Laminados en frío","Producción","miles de tn","Cámara Argentina del Acero","Mensual","Nacional","PAIS","200","Argentina",2011-11-01,128.162
26,"Industrias Metálicas Básicas, Siderurgia y aluminio",454,"Laminados en frío","Producción","miles de tn","Cámara Argentina del Acero","Mensual","Nacional","PAIS","200","Argentina",2011-12-01,125.872
26,"Industrias Metálicas Básicas, Siderurgia y aluminio",454,"Laminados en frío","Producción","miles de tn","Cámara Argentina del Acero","Mensual","Nacional","PAIS","200","Argentina",2012-01-01,113.461
26,"Industrias Metálicas Básicas, Siderurgia y aluminio",454,"Laminados en frío","Producción","miles de tn","Cámara Argentina del Acero","Mensual","Nacional","PAIS","200","Argentina",2012-02-01,103.13
26,"Industrias Metálicas Básicas, Siderurgia y aluminio",454,"Laminados en frío","Producción","miles de tn","Cámara Argentina del Acero","Mensual","Nacional","PAIS","200","Argentina",2012-03-01,111.659
26,"Industrias Metálicas Básicas, Siderurgia y aluminio",454,"Laminados en frío","Producción","miles de tn","Cámara Argentina del Acero","Mensual","Nacional","PAIS","200","Argentina",2012-04-01,116.563
26,"Industrias Metálicas Básicas, Siderurgia y aluminio",454,"Laminados en frío","Producción","miles de tn","Cámara Argentina del Acero","Mensual","Nacional","PAIS","200","Argentina",2012-05-01,126.057
26,"Industrias Metálicas Básicas, Siderurgia y aluminio",454,"Laminados en frío","Producción","miles de tn","Cámara Argentina del Acero","Mensual","Nacional","PAIS","200","Argentina",2012-06-01,135.004
26,"Industrias Metálicas Básicas, Siderurgia y aluminio",454,"Laminados en frío","Producción","miles de tn","Cámara Argentina del Acero","Mensual","Nacional","PAIS","200","Argentina",2012-07-01,130.57
26,"Industrias Metálicas Básicas, Siderurgia y aluminio",454,"Laminados en frío","Producción","miles de tn","Cámara Argentina del Acero","Mensual","Nacional","PAIS","200","Argentina",2012-08-01,122.898
26,"Industrias Metálicas Básicas, Siderurgia y aluminio",454,"Laminados en frío","Producción","miles de tn","Cámara Argentina del Acero","Mensual","Nacional","PAIS","200","Argentina",2012-09-01,98.687
26,"Industrias Metálicas Básicas, Siderurgia y aluminio",454,"Laminados en frío","Producción","miles de tn","Cámara Argentina del Acero","Mensual","Nacional","PAIS","200","Argentina",2012-10-01,128.936
26,"Industrias Metálicas Básicas, Siderurgia y aluminio",454,"Laminados en frío","Producción","miles de tn","Cámara Argentina del Acero","Mensual","Nacional","PAIS","200","Argentina",2012-11-01,111.774
26,"Industrias Metálicas Básicas, Siderurgia y aluminio",454,"Laminados en frío","Producción","miles de tn","Cámara Argentina del Acero","Mensual","Nacional","PAIS","200","Argentina",2012-12-01,120.154
26,"Industrias Metálicas Básicas, Siderurgia y aluminio",454,"Laminados en frío","Producción","miles de tn","Cámara Argentina del Acero","Mensual","Nacional","PAIS","200","Argentina",2013-01-01,131.71
26,"Industrias Metálicas Básicas, Siderurgia y aluminio",454,"Laminados en frío","Producción","miles de tn","Cámara Argentina del Acero","Mensual","Nacional","PAIS","200","Argentina",2013-02-01,96.283
26,"Industrias Metálicas Básicas, Siderurgia y aluminio",454,"Laminados en frío","Producción","miles de tn","Cámara Argentina del Acero","Mensual","Nacional","PAIS","200","Argentina",2013-03-01,135.786
26,"Industrias Metálicas Básicas, Siderurgia y aluminio",454,"Laminados en frío","Producción","miles de tn","Cámara Argentina del Acero","Mensual","Nacional","PAIS","200","Argentina",2013-04-01,132.716
26,"Industrias Metálicas Básicas, Siderurgia y aluminio",454,"Laminados en frío","Producción","miles de tn","Cámara Argentina del Acero","Mensual","Nacional","PAIS","200","Argentina",2013-05-01,132.942
26,"Industrias Metálicas Básicas, Siderurgia y aluminio",454,"Laminados en frío","Producción","miles de tn","Cámara Argentina del Acero","Mensual","Nacional","PAIS","200","Argentina",2013-06-01,122
26,"Industrias Metálicas Básicas, Siderurgia y aluminio",454,"Laminados en frío","Producción","miles de tn","Cámara Argentina del Acero","Mensual","Nacional","PAIS","200","Argentina",2013-07-01,119.215
26,"Industrias Metálicas Básicas, Siderurgia y aluminio",454,"Laminados en frío","Producción","miles de tn","Cámara Argentina del Acero","Mensual","Nacional","PAIS","200","Argentina",2013-08-01,129.17
26,"Industrias Metálicas Básicas, Siderurgia y aluminio",454,"Laminados en frío","Producción","miles de tn","Cámara Argentina del Acero","Mensual","Nacional","PAIS","200","Argentina",2013-09-01,132.449
26,"Industrias Metálicas Básicas, Siderurgia y aluminio",454,"Laminados en frío","Producción","miles de tn","Cámara Argentina del Acero","Mensual","Nacional","PAIS","200","Argentina",2013-10-01,140.697
26,"Industrias Metálicas Básicas, Siderurgia y aluminio",454,"Laminados en frío","Producción","miles de tn","Cámara Argentina del Acero","Mensual","Nacional","PAIS","200","Argentina",2013-11-01,123.898
26,"Industrias Metálicas Básicas, Siderurgia y aluminio",454,"Laminados en frío","Producción","miles de tn","Cámara Argentina del Acero","Mensual","Nacional","PAIS","200","Argentina",2013-12-01,115.04
26,"Industrias Metálicas Básicas, Siderurgia y aluminio",454,"Laminados en frío","Producción","miles de tn","Cámara Argentina del Acero","Mensual","Nacional","PAIS","200","Argentina",2014-01-01,123.751
26,"Industrias Metálicas Básicas, Siderurgia y aluminio",454,"Laminados en frío","Producción","miles de tn","Cámara Argentina del Acero","Mensual","Nacional","PAIS","200","Argentina",2014-02-01,115.239
26,"Industrias Metálicas Básicas, Siderurgia y aluminio",454,"Laminados en frío","Producción","miles de tn","Cámara Argentina del Acero","Mensual","Nacional","PAIS","200","Argentina",2014-03-01,122.531
26,"Industrias Metálicas Básicas, Siderurgia y aluminio",454,"Laminados en frío","Producción","miles de tn","Cámara Argentina del Acero","Mensual","Nacional","PAIS","200","Argentina",2014-04-01,113.106
26,"Industrias Metálicas Básicas, Siderurgia y aluminio",454,"Laminados en frío","Producción","miles de tn","Cámara Argentina del Acero","Mensual","Nacional","PAIS","200","Argentina",2014-05-01,115.379
26,"Industrias Metálicas Básicas, Siderurgia y aluminio",454,"Laminados en frío","Producción","miles de tn","Cámara Argentina del Acero","Mensual","Nacional","PAIS","200","Argentina",2014-06-01,121.693
26,"Industrias Metálicas Básicas, Siderurgia y aluminio",454,"Laminados en frío","Producción","miles de tn","Cámara Argentina del Acero","Mensual","Nacional","PAIS","200","Argentina",2014-07-01,119.4
26,"Industrias Metálicas Básicas, Siderurgia y aluminio",454,"Laminados en frío","Producción","miles de tn","Cámara Argentina del Acero","Mensual","Nacional","PAIS","200","Argentina",2014-08-01,116.284
26,"Industrias Metálicas Básicas, Siderurgia y aluminio",454,"Laminados en frío","Producción","miles de tn","Cámara Argentina del Acero","Mensual","Nacional","PAIS","200","Argentina",2014-09-01,106.261
26,"Industrias Metálicas Básicas, Siderurgia y aluminio",454,"Laminados en frío","Producción","miles de tn","Cámara Argentina del Acero","Mensual","Nacional","PAIS","200","Argentina",2014-10-01,96.036
26,"Industrias Metálicas Básicas, Siderurgia y aluminio",454,"Laminados en frío","Producción","miles de tn","Cámara Argentina del Acero","Mensual","Nacional","PAIS","200","Argentina",2014-11-01,133.622
26,"Industrias Metálicas Básicas, Siderurgia y aluminio",454,"Laminados en frío","Producción","miles de tn","Cámara Argentina del Acero","Mensual","Nacional","PAIS","200","Argentina",2014-12-01,114.484
26,"Industrias Metálicas Básicas, Siderurgia y aluminio",454,"Laminados en frío","Producción","miles de tn","Cámara Argentina del Acero","Mensual","Nacional","PAIS","200","Argentina",2015-01-01,88.575
26,"Industrias Metálicas Básicas, Siderurgia y aluminio",454,"Laminados en frío","Producción","miles de tn","Cámara Argentina del Acero","Mensual","Nacional","PAIS","200","Argentina",2015-02-01,114.954
26,"Industrias Metálicas Básicas, Siderurgia y aluminio",454,"Laminados en frío","Producción","miles de tn","Cámara Argentina del Acero","Mensual","Nacional","PAIS","200","Argentina",2015-03-01,134.863
26,"Industrias Metálicas Básicas, Siderurgia y aluminio",454,"Laminados en frío","Producción","miles de tn","Cámara Argentina del Acero","Mensual","Nacional","PAIS","200","Argentina",2015-04-01,114.083
26,"Industrias Metálicas Básicas, Siderurgia y aluminio",454,"Laminados en frío","Producción","miles de tn","Cámara Argentina del Acero","Mensual","Nacional","PAIS","200","Argentina",2015-05-01,121.057
26,"Industrias Metálicas Básicas, Siderurgia y aluminio",454,"Laminados en frío","Producción","miles de tn","Cámara Argentina del Acero","Mensual","Nacional","PAIS","200","Argentina",2015-06-01,128.793
26,"Industrias Metálicas Básicas, Siderurgia y aluminio",454,"Laminados en frío","Producción","miles de tn","Cámara Argentina del Acero","Mensual","Nacional","PAIS","200","Argentina",2015-07-01,129.172
26,"Industrias Metálicas Básicas, Siderurgia y aluminio",454,"Laminados en frío","Producción","miles de tn","Cámara Argentina del Acero","Mensual","Nacional","PAIS","200","Argentina",2015-08-01,142.983
26,"Industrias Metálicas Básicas, Siderurgia y aluminio",454,"Laminados en frío","Producción","miles de tn","Cámara Argentina del Acero","Mensual","Nacional","PAIS","200","Argentina",2015-09-01,104.54
26,"Industrias Metálicas Básicas, Siderurgia y aluminio",454,"Laminados en frío","Producción","miles de tn","Cámara Argentina del Acero","Mensual","Nacional","PAIS","200","Argentina",2015-10-01,106.278
26,"Industrias Metálicas Básicas, Siderurgia y aluminio",454,"Laminados en frío","Producción","miles de tn","Cámara Argentina del Acero","Mensual","Nacional","PAIS","200","Argentina",2015-11-01,113.214
26,"Industrias Metálicas Básicas, Siderurgia y aluminio",454,"Laminados en frío","Producción","miles de tn","Cámara Argentina del Acero","Mensual","Nacional","PAIS","200","Argentina",2015-12-01,125.314
26,"Industrias Metálicas Básicas, Siderurgia y aluminio",454,"Laminados en frío","Producción","miles de tn","Cámara Argentina del Acero","Mensual","Nacional","PAIS","200","Argentina",2016-01-01,122.109
26,"Industrias Metálicas Básicas, Siderurgia y aluminio",454,"Laminados en frío","Producción","miles de tn","Cámara Argentina del Acero","Mensual","Nacional","PAIS","200","Argentina",2016-02-01,115.349
26,"Industrias Metálicas Básicas, Siderurgia y aluminio",454,"Laminados en frío","Producción","miles de tn","Cámara Argentina del Acero","Mensual","Nacional","PAIS","200","Argentina",2016-03-01,125.267
26,"Industrias Metálicas Básicas, Siderurgia y aluminio",454,"Laminados en frío","Producción","miles de tn","Cámara Argentina del Acero","Mensual","Nacional","PAIS","200","Argentina",2016-04-01,136.422
26,"Industrias Metálicas Básicas, Siderurgia y aluminio",454,"Laminados en frío","Producción","miles de tn","Cámara Argentina del Acero","Mensual","Nacional","PAIS","200","Argentina",2016-05-01,110.433
26,"Industrias Metálicas Básicas, Siderurgia y aluminio",454,"Laminados en frío","Producción","miles de tn","Cámara Argentina del Acero","Mensual","Nacional","PAIS","200","Argentina",2016-06-01,106.407
26,"Industrias Metálicas Básicas, Siderurgia y aluminio",454,"Laminados en frío","Producción","miles de tn","Cámara Argentina del Acero","Mensual","Nacional","PAIS","200","Argentina",2016-07-01,126.297
26,"Industrias Metálicas Básicas, Siderurgia y aluminio",454,"Laminados en frío","Producción","miles de tn","Cámara Argentina del Acero","Mensual","Nacional","PAIS","200","Argentina",2016-08-01,67.61
26,"Industrias Metálicas Básicas, Siderurgia y aluminio",454,"Laminados en frío","Producción","miles de tn","Cámara Argentina del Acero","Mensual","Nacional","PAIS","200","Argentina",2016-09-01,106.171
26,"Industrias Metálicas Básicas, Siderurgia y aluminio",454,"Laminados en frío","Producción","miles de tn","Cámara Argentina del Acero","Mensual","Nacional","PAIS","200","Argentina",2016-10-01,125.574
26,"Industrias Metálicas Básicas, Siderurgia y aluminio",454,"Laminados en frío","Producción","miles de tn","Cámara Argentina del Acero","Mensual","Nacional","PAIS","200","Argentina",2016-11-01,112.634
26,"Industrias Metálicas Básicas, Siderurgia y aluminio",454,"Laminados en frío","Producción","miles de tn","Cámara Argentina del Acero","Mensual","Nacional","PAIS","200","Argentina",2016-12-01,113.657
26,"Industrias Metálicas Básicas, Siderurgia y aluminio",454,"Laminados en frío","Producción","miles de tn","Cámara Argentina del Acero","Mensual","Nacional","PAIS","200","Argentina",2017-01-01,111.654
26,"Industrias Metálicas Básicas, Siderurgia y aluminio",454,"Laminados en frío","Producción","miles de tn","Cámara Argentina del Acero","Mensual","Nacional","PAIS","200","Argentina",2017-02-01,89.434
26,"Industrias Metálicas Básicas, Siderurgia y aluminio",454,"Laminados en frío","Producción","miles de tn","Cámara Argentina del Acero","Mensual","Nacional","PAIS","200","Argentina",2017-03-01,103.959
26,"Industrias Metálicas Básicas, Siderurgia y aluminio",454,"Laminados en frío","Producción","miles de tn","Cámara Argentina del Acero","Mensual","Nacional","PAIS","200","Argentina",2017-04-01,109.967
26,"Industrias Metálicas Básicas, Siderurgia y aluminio",454,"Laminados en frío","Producción","miles de tn","Cámara Argentina del Acero","Mensual","Nacional","PAIS","200","Argentina",2017-05-01,108.159
26,"Industrias Metálicas Básicas, Siderurgia y aluminio",454,"Laminados en frío","Producción","miles de tn","Cámara Argentina del Acero","Mensual","Nacional","PAIS","200","Argentina",2017-06-01,103.53
26,"Industrias Metálicas Básicas, Siderurgia y aluminio",454,"Laminados en frío","Producción","miles de tn","Cámara Argentina del Acero","Mensual","Nacional","PAIS","200","Argentina",2017-07-01,132.17
26,"Industrias Metálicas Básicas, Siderurgia y aluminio",454,"Laminados en frío","Producción","miles de tn","Cámara Argentina del Acero","Mensual","Nacional","PAIS","200","Argentina",2017-08-01,122.3
26,"Industrias Metálicas Básicas, Siderurgia y aluminio",454,"Laminados en frío","Producción","miles de tn","Cámara Argentina del Acero","Mensual","Nacional","PAIS","200","Argentina",2017-09-01,125.472
26,"Industrias Metálicas Básicas, Siderurgia y aluminio",454,"Laminados en frío","Producción","miles de tn","Cámara Argentina del Acero","Mensual","Nacional","PAIS","200","Argentina",2017-10-01,91.121
26,"Industrias Metálicas Básicas, Siderurgia y aluminio",454,"Laminados en frío","Producción","miles de tn","Cámara Argentina del Acero","Mensual","Nacional","PAIS","200","Argentina",2017-11-01,107.1
26,"Industrias Metálicas Básicas, Siderurgia y aluminio",454,"Laminados en frío","Producción","miles de tn","Cámara Argentina del Acero","Mensual","Nacional","PAIS","200","Argentina",2017-12-01,128.7
26,"Industrias Metálicas Básicas, Siderurgia y aluminio",454,"Laminados en frío","Producción","miles de tn","Cámara Argentina del Acero","Mensual","Nacional","PAIS","200","Argentina",2018-01-01,129.8
26,"Industrias Metálicas Básicas, Siderurgia y aluminio",454,"Laminados en frío","Producción","miles de tn","Cámara Argentina del Acero","Mensual","Nacional","PAIS","200","Argentina",2018-02-01,110.8
26,"Industrias Metálicas Básicas, Siderurgia y aluminio",454,"Laminados en frío","Producción","miles de tn","Cámara Argentina del Acero","Mensual","Nacional","PAIS","200","Argentina",2018-03-01,105.6
26,"Industrias Metálicas Básicas, Siderurgia y aluminio",454,"Laminados en frío","Producción","miles de tn","Cámara Argentina del Acero","Mensual","Nacional","PAIS","200","Argentina",2018-04-01,113.7
26,"Industrias Metálicas Básicas, Siderurgia y aluminio",454,"Laminados en frío","Producción","miles de tn","Cámara Argentina del Acero","Mensual","Nacional","PAIS","200","Argentina",2018-05-01,92.7
26,"Industrias Metálicas Básicas, Siderurgia y aluminio",454,"Laminados en frío","Producción","miles de tn","Cámara Argentina del Acero","Mensual","Nacional","PAIS","200","Argentina",2018-06-01,111.8
26,"Industrias Metálicas Básicas, Siderurgia y aluminio",454,"Laminados en frío","Producción","miles de tn","Cámara Argentina del Acero","Mensual","Nacional","PAIS","200","Argentina",2018-07-01,106.8
26,"Industrias Metálicas Básicas, Siderurgia y aluminio",454,"Laminados en frío","Producción","miles de tn","Cámara Argentina del Acero","Mensual","Nacional","PAIS","200","Argentina",2018-08-01,117.6
26,"Industrias Metálicas Básicas, Siderurgia y aluminio",454,"Laminados en frío","Producción","miles de tn","Cámara Argentina del Acero","Mensual","Nacional","PAIS","200","Argentina",2018-09-01,108.1
26,"Industrias Metálicas Básicas, Siderurgia y aluminio",454,"Laminados en frío","Producción","miles de tn","Cámara Argentina del Acero","Mensual","Nacional","PAIS","200","Argentina",2018-10-01,88.3
26,"Industrias Metálicas Básicas, Siderurgia y aluminio",454,"Laminados en frío","Producción","miles de tn","Cámara Argentina del Acero","Mensual","Nacional","PAIS","200","Argentina",2018-11-01,82.8
26,"Industrias Metálicas Básicas, Siderurgia y aluminio",454,"Laminados en frío","Producción","miles de tn","Cámara Argentina del Acero","Mensual","Nacional","PAIS","200","Argentina",2018-12-01,89.8
26,"Industrias Metálicas Básicas, Siderurgia y aluminio",454,"Laminados en frío","Producción","miles de tn","Cámara Argentina del Acero","Mensual","Nacional","PAIS","200","Argentina",2019-01-01,79.2
26,"Industrias Metálicas Básicas, Siderurgia y aluminio",454,"Laminados en frío","Producción","miles de tn","Cámara Argentina del Acero","Mensual","Nacional","PAIS","200","Argentina",2019-02-01,44.8
26,"Industrias Metálicas Básicas, Siderurgia y aluminio",454,"Laminados en frío","Producción","miles de tn","Cámara Argentina del Acero","Mensual","Nacional","PAIS","200","Argentina",2019-03-01,96.8
26,"Industrias Metálicas Básicas, Siderurgia y aluminio",454,"Laminados en frío","Producción","miles de tn","Cámara Argentina del Acero","Mensual","Nacional","PAIS","200","Argentina",2019-04-01,101.1
26,"Industrias Metálicas Básicas, Siderurgia y aluminio",454,"Laminados en frío","Producción","miles de tn","Cámara Argentina del Acero","Mensual","Nacional","PAIS","200","Argentina",2019-05-01,107.4
26,"Industrias Metálicas Básicas, Siderurgia y aluminio",454,"Laminados en frío","Producción","miles de tn","Cámara Argentina del Acero","Mensual","Nacional","PAIS","200","Argentina",2019-06-01,101.6
26,"Industrias Metálicas Básicas, Siderurgia y aluminio",454,"Laminados en frío","Producción","miles de tn","Cámara Argentina del Acero","Mensual","Nacional","PAIS","200","Argentina",2019-07-01,113.5
26,"Industrias Metálicas Básicas, Siderurgia y aluminio",454,"Laminados en frío","Producción","miles de tn","Cámara Argentina del Acero","Mensual","Nacional","PAIS","200","Argentina",2019-08-01,107
26,"Industrias Metálicas Básicas, Siderurgia y aluminio",454,"Laminados en frío","Producción","miles de tn","Cámara Argentina del Acero","Mensual","Nacional","PAIS","200","Argentina",2019-09-01,95.1
26,"Industrias Metálicas Básicas, Siderurgia y aluminio",454,"Laminados en frío","Producción","miles de tn","Cámara Argentina del Acero","Mensual","Nacional","PAIS","200","Argentina",2019-10-01,112.2
26,"Industrias Metálicas Básicas, Siderurgia y aluminio",454,"Laminados en frío","Producción","miles de tn","Cámara Argentina del Acero","Mensual","Nacional","PAIS","200","Argentina",2019-11-01,99.8
26,"Industrias Metálicas Básicas, Siderurgia y aluminio",454,"Laminados en frío","Producción","miles de tn","Cámara Argentina del Acero","Mensual","Nacional","PAIS","200","Argentina",2019-12-01,92
26,"Industrias Metálicas Básicas, Siderurgia y aluminio",454,"Laminados en frío","Producción","miles de tn","Cámara Argentina del Acero","Mensual","Nacional","PAIS","200","Argentina",2020-01-01,120.2
26,"Industrias Metálicas Básicas, Siderurgia y aluminio",454,"Laminados en frío","Producción","miles de tn","Cámara Argentina del Acero","Mensual","Nacional","PAIS","200","Argentina",2020-02-01,107.2
26,"Industrias Metálicas Básicas, Siderurgia y aluminio",454,"Laminados en frío","Producción","miles de tn","Cámara Argentina del Acero","Mensual","Nacional","PAIS","200","Argentina",2020-03-01,56.7
26,"Industrias Metálicas Básicas, Siderurgia y aluminio",454,"Laminados en frío","Producción","miles de tn","Cámara Argentina del Acero","Mensual","Nacional","PAIS","200","Argentina",2020-04-01,36.7
26,"Industrias Metálicas Básicas, Siderurgia y aluminio",454,"Laminados en frío","Producción","miles de tn","Cámara Argentina del Acero","Mensual","Nacional","PAIS","200","Argentina",2020-05-01,54.3
26,"Industrias Metálicas Básicas, Siderurgia y aluminio",454,"Laminados en frío","Producción","miles de tn","Cámara Argentina del Acero","Mensual","Nacional","PAIS","200","Argentina",2020-06-01,79.2
26,"Industrias Metálicas Básicas, Siderurgia y aluminio",454,"Laminados en frío","Producción","miles de tn","Cámara Argentina del Acero","Mensual","Nacional","PAIS","200","Argentina",2020-07-01,105.7
26,"Industrias Metálicas Básicas, Siderurgia y aluminio",454,"Laminados en frío","Producción","miles de tn","Cámara Argentina del Acero","Mensual","Nacional","PAIS","200","Argentina",2020-08-01,117.2
26,"Industrias Metálicas Básicas, Siderurgia y aluminio",454,"Laminados en frío","Producción","miles de tn","Cámara Argentina del Acero","Mensual","Nacional","PAIS","200","Argentina",2020-09-01,113.2
26,"Industrias Metálicas Básicas, Siderurgia y aluminio",454,"Laminados en frío","Producción","miles de tn","Cámara Argentina del Acero","Mensual","Nacional","PAIS","200","Argentina",2020-10-01,140.7
26,"Industrias Metálicas Básicas, Siderurgia y aluminio",454,"Laminados en frío","Producción","miles de tn","Cámara Argentina del Acero","Mensual","Nacional","PAIS","200","Argentina",2020-11-01,136.4
26,"Industrias Metálicas Básicas, Siderurgia y aluminio",454,"Laminados en frío","Producción","miles de tn","Cámara Argentina del Acero","Mensual","Nacional","PAIS","200","Argentina",2020-12-01,126.5
26,"Industrias Metálicas Básicas, Siderurgia y aluminio",454,"Laminados en frío","Producción","miles de tn","Cámara Argentina del Acero","Mensual","Nacional","PAIS","200","Argentina",2021-01-01,139.1
26,"Industrias Metálicas Básicas, Siderurgia y aluminio",454,"Laminados en frío","Producción","miles de tn","Cámara Argentina del Acero","Mensual","Nacional","PAIS","200","Argentina",2021-02-01,122.8
26,"Industrias Metálicas Básicas, Siderurgia y aluminio",454,"Laminados en frío","Producción","miles de tn","Cámara Argentina del Acero","Mensual","Nacional","PAIS","200","Argentina",2021-03-01,128.8
26,"Industrias Metálicas Básicas, Siderurgia y aluminio",454,"Laminados en frío","Producción","miles de tn","Cámara Argentina del Acero","Mensual","Nacional","PAIS","200","Argentina",2021-04-01,117.3
26,"Industrias Metálicas Básicas, Siderurgia y aluminio",454,"Laminados en frío","Producción","miles de tn","Cámara Argentina del Acero","Mensual","Nacional","PAIS","200","Argentina",2021-05-01,104.4
26,"Industrias Metálicas Básicas, Siderurgia y aluminio",454,"Laminados en frío","Producción","miles de tn","Cámara Argentina del Acero","Mensual","Nacional","PAIS","200","Argentina",2021-06-01,121.8
26,"Industrias Metálicas Básicas, Siderurgia y aluminio",454,"Laminados en frío","Producción","miles de tn","Cámara Argentina del Acero","Mensual","Nacional","PAIS","200","Argentina",2021-07-01,137.6
26,"Industrias Metálicas Básicas, Siderurgia y aluminio",454,"Laminados en frío","Producción","miles de tn","Cámara Argentina del Acero","Mensual","Nacional","PAIS","200","Argentina",2021-08-01,116.8
26,"Industrias Metálicas Básicas, Siderurgia y aluminio",454,"Laminados en frío","Producción","miles de tn","Cámara Argentina del Acero","Mensual","Nacional","PAIS","200","Argentina",2021-09-01,96.7
26,"Industrias Metálicas Básicas, Siderurgia y aluminio",454,"Laminados en frío","Producción","miles de tn","Cámara Argentina del Acero","Mensual","Nacional","PAIS","200","Argentina",2021-10-01,116.6
26,"Industrias Metálicas Básicas, Siderurgia y aluminio",454,"Laminados en frío","Producción","miles de tn","Cámara Argentina del Acero","Mensual","Nacional","PAIS","200","Argentina",2021-11-01,103.4
26,"Industrias Metálicas Básicas, Siderurgia y aluminio",454,"Laminados en frío","Producción","miles de tn","Cámara Argentina del Acero","Mensual","Nacional","PAIS","200","Argentina",2021-12-01,119.7
26,"Industrias Metálicas Básicas, Siderurgia y aluminio",454,"Laminados en frío","Producción","miles de tn","Cámara Argentina del Acero","Mensual","Nacional","PAIS","200","Argentina",2022-01-01,117.4
26,"Industrias Metálicas Básicas, Siderurgia y aluminio",454,"Laminados en frío","Producción","miles de tn","Cámara Argentina del Acero","Mensual","Nacional","PAIS","200","Argentina",2022-02-01,95.5
26,"Industrias Metálicas Básicas, Siderurgia y aluminio",454,"Laminados en frío","Producción","miles de tn","Cámara Argentina del Acero","Mensual","Nacional","PAIS","200","Argentina",2022-03-01,110.6
26,"Industrias Metálicas Básicas, Siderurgia y aluminio",454,"Laminados en frío","Producción","miles de tn","Cámara Argentina del Acero","Mensual","Nacional","PAIS","200","Argentina",2022-04-01,73
26,"Industrias Metálicas Básicas, Siderurgia y aluminio",454,"Laminados en frío","Producción","miles de tn","Cámara Argentina del Acero","Mensual","Nacional","PAIS","200","Argentina",2022-05-01,99.5
26,"Industrias Metálicas Básicas, Siderurgia y aluminio",454,"Laminados en frío","Producción","miles de tn","Cámara Argentina del Acero","Mensual","Nacional","PAIS","200","Argentina",2022-06-01,96.9
26,"Industrias Metálicas Básicas, Siderurgia y aluminio",454,"Laminados en frío","Producción","miles de tn","Cámara Argentina del Acero","Mensual","Nacional","PAIS","200","Argentina",2022-07-01,112.1
26,"Industrias Metálicas Básicas, Siderurgia y aluminio",454,"Laminados en frío","Producción","miles de tn","Cámara Argentina del Acero","Mensual","Nacional","PAIS","200","Argentina",2022-08-01,110
26,"Industrias Metálicas Básicas, Siderurgia y aluminio",454,"Laminados en frío","Producción","miles de tn","Cámara Argentina del Acero","Mensual","Nacional","PAIS","200","Argentina",2022-09-01,113.8
26,"Industrias Metálicas Básicas, Siderurgia y aluminio",454,"Laminados en frío","Producción","miles de tn","Cámara Argentina del Acero","Mensual","Nacional","PAIS","200","Argentina",2022-10-01,115.2
26,"Industrias Metálicas Básicas, Siderurgia y aluminio",454,"Laminados en frío","Producción","miles de tn","Cámara Argentina del Acero","Mensual","Nacional","PAIS","200","Argentina",2022-11-01,85.8
26,"Industrias Metálicas Básicas, Siderurgia y aluminio",454,"Laminados en frío","Producción","miles de tn","Cámara Argentina del Acero","Mensual","Nacional","PAIS","200","Argentina",2022-12-01,112.9
26,"Industrias Metálicas Básicas, Siderurgia y aluminio",454,"Laminados en frío","Producción","miles de tn","Cámara Argentina del Acero","Mensual","Nacional","PAIS","200","Argentina",2023-01-01,108.9
26,"Industrias Metálicas Básicas, Siderurgia y aluminio",454,"Laminados en frío","Producción","miles de tn","Cámara Argentina del Acero","Mensual","Nacional","PAIS","200","Argentina",2023-02-01,84.4
26,"Industrias Metálicas Básicas, Siderurgia y aluminio",454,"Laminados en frío","Producción","miles de tn","Cámara Argentina del Acero","Mensual","Nacional","PAIS","200","Argentina",2023-03-01,124.7
26,"Industrias Metálicas Básicas, Siderurgia y aluminio",454,"Laminados en frío","Producción","miles de tn","Cámara Argentina del Acero","Mensual","Nacional","PAIS","200","Argentina",2023-04-01,113.6
26,"Industrias Metálicas Básicas, Siderurgia y aluminio",454,"Laminados en frío","Producción","miles de tn","Cámara Argentina del Acero","Mensual","Nacional","PAIS","200","Argentina",2023-05-01,103
26,"Industrias Metálicas Básicas, Siderurgia y aluminio",454,"Laminados en frío","Producción","miles de tn","Cámara Argentina del Acero","Mensual","Nacional","PAIS","200","Argentina",2023-06-01,115.5
26,"Industrias Metálicas Básicas, Siderurgia y aluminio",454,"Laminados en frío","Producción","miles de tn","Cámara Argentina del Acero","Mensual","Nacional","PAIS","200","Argentina",2023-07-01,105.8
26,"Industrias Metálicas Básicas, Siderurgia y aluminio",454,"Laminados en frío","Producción","miles de tn","Cámara Argentina del Acero","Mensual","Nacional","PAIS","200","Argentina",2023-08-01,109.7
26,"Industrias Metálicas Básicas, Siderurgia y aluminio",454,"Laminados en frío","Producción","miles de tn","Cámara Argentina del Acero","Mensual","Nacional","PAIS","200","Argentina",2023-09-01,117.3
26,"Industrias Metálicas Básicas, Siderurgia y aluminio",454,"Laminados en frío","Producción","miles de tn","Cámara Argentina del Acero","Mensual","Nacional","PAIS","200","Argentina",2023-10-01,108.9
26,"Industrias Metálicas Básicas, Siderurgia y aluminio",454,"Laminados en frío","Producción","miles de tn","Cámara Argentina del Acero","Mensual","Nacional","PAIS","200","Argentina",2023-11-01,96.7
26,"Industrias Metálicas Básicas, Siderurgia y aluminio",454,"Laminados en frío","Producción","miles de tn","Cámara Argentina del Acero","Mensual","Nacional","PAIS","200","Argentina",2023-12-01,69
26,"Industrias Metálicas Básicas, Siderurgia y aluminio",454,"Laminados en frío","Producción","miles de tn","Cámara Argentina del Acero","Mensual","Nacional","PAIS","200","Argentina",2024-01-01,73.2
26,"Industrias Metálicas Básicas, Siderurgia y aluminio",454,"Laminados en frío","Producción","miles de tn","Cámara Argentina del Acero","Mensual","Nacional","PAIS","200","Argentina",2024-02-01,57.1
26,"Industrias Metálicas Básicas, Siderurgia y aluminio",454,"Laminados en frío","Producción","miles de tn","Cámara Argentina del Acero","Mensual","Nacional","PAIS","200","Argentina",2024-03-01,60.1
26,"Industrias Metálicas Básicas, Siderurgia y aluminio",454,"Laminados en frío","Producción","miles de tn","Cámara Argentina del Acero","Mensual","Nacional","PAIS","200","Argentina",2024-04-01,81.1
26,"Industrias Metálicas Básicas, Siderurgia y aluminio",454,"Laminados en frío","Producción","miles de tn","Cámara Argentina del Acero","Mensual","Nacional","PAIS","200","Argentina",2024-05-01,81.2
26,"Industrias Metálicas Básicas, Siderurgia y aluminio",454,"Laminados en frío","Producción","miles de tn","Cámara Argentina del Acero","Mensual","Nacional","PAIS","200","Argentina",2024-06-01,82
26,"Industrias Metálicas Básicas, Siderurgia y aluminio",454,"Laminados en frío","Producción","miles de tn","Cámara Argentina del Acero","Mensual","Nacional","PAIS","200","Argentina",2024-07-01,94.6
26,"Industrias Metálicas Básicas, Siderurgia y aluminio",454,"Laminados en frío","Producción","miles de tn","Cámara Argentina del Acero","Mensual","Nacional","PAIS","200","Argentina",2024-08-01,96.2
26,"Industrias Metálicas Básicas, Siderurgia y aluminio",454,"Laminados en frío","Producción","miles de tn","Cámara Argentina del Acero","Mensual","Nacional","PAIS","200","Argentina",2024-09-01,101.7
26,"Industrias Metálicas Básicas, Siderurgia y aluminio",454,"Laminados en frío","Producción","miles de tn","Cámara Argentina del Acero","Mensual","Nacional","PAIS","200","Argentina",2024-10-01,106.3
26,"Industrias Metálicas Básicas, Siderurgia y aluminio",454,"Laminados en frío","Producción","miles de tn","Cámara Argentina del Acero","Mensual","Nacional","PAIS","200","Argentina",2024-11-01,92.6
26,"Industrias Metálicas Básicas, Siderurgia y aluminio",454,"Laminados en frío","Producción","miles de tn","Cámara Argentina del Acero","Mensual","Nacional","PAIS","200","Argentina",2024-12-01,89.9
26,"Industrias Metálicas Básicas, Siderurgia y aluminio",454,"Laminados en frío","Producción","miles de tn","Cámara Argentina del Acero","Mensual","Nacional","PAIS","200","Argentina",2025-01-01,113.3
26,"Industrias Metálicas Básicas, Siderurgia y aluminio",454,"Laminados en frío","Producción","miles de tn","Cámara Argentina del Acero","Mensual","Nacional","PAIS","200","Argentina",2025-02-01,46.3
26,"Industrias Metálicas Básicas, Siderurgia y aluminio",454,"Laminados en frío","Producción","miles de tn","Cámara Argentina del Acero","Mensual","Nacional","PAIS","200","Argentina",2025-03-01,88.3
26,"Industrias Metálicas Básicas, Siderurgia y aluminio",454,"Laminados en frío","Producción","miles de tn","Cámara Argentina del Acero","Mensual","Nacional","PAIS","200","Argentina",2025-04-01,102.2
26,"Industrias Metálicas Básicas, Siderurgia y aluminio",454,"Laminados en frío","Producción","miles de tn","Cámara Argentina del Acero","Mensual","Nacional","PAIS","200","Argentina",2025-05-01,115.8
26,"Industrias Metálicas Básicas, Siderurgia y aluminio",454,"Laminados en frío","Producción","miles de tn","Cámara Argentina del Acero","Mensual","Nacional","PAIS","200","Argentina",2025-06-01,94.5
26,"Industrias Metálicas Básicas, Siderurgia y aluminio",454,"Laminados en frío","Producción","miles de tn","Cámara Argentina del Acero","Mensual","Nacional","PAIS","200","Argentina",2025-07-01,103.2
26,"Industrias Metálicas Básicas, Siderurgia y aluminio",454,"Laminados en frío","Producción","miles de tn","Cámara Argentina del Acero","Mensual","Nacional","PAIS","200","Argentina",2025-08-01,100.3
26,"Industrias Metálicas Básicas, Siderurgia y aluminio",454,"Laminados en frío","Producción","miles de tn","Cámara Argentina del Acero","Mensual","Nacional","PAIS","200","Argentina",2025-09-01,106.4
26,"Industrias Metálicas Básicas, Siderurgia y aluminio",454,"Laminados en frío","Producción","miles de tn","Cámara Argentina del Acero","Mensual","Nacional","PAIS","200","Argentina",2025-10-01,119.8
26,"Industrias Metálicas Básicas, Siderurgia y aluminio",454,"Laminados en frío","Producción","miles de tn","Cámara Argentina del Acero","Mensual","Nacional","PAIS","200","Argentina",2025-11-01,82.8
26,"Industrias Metálicas Básicas, Siderurgia y aluminio",454,"Laminados en frío","Producción","miles de tn","Cámara Argentina del Acero","Mensual","Nacional","PAIS","200","Argentina",2025-12-01,100.1
26,"Industrias Metálicas Básicas, Siderurgia y aluminio",454,"Laminados en frío","Producción","miles de tn","Cámara Argentina del Acero","Mensual","Nacional","PAIS","200","Argentina",2026-01-01,103.2
26,"Industrias Metálicas Básicas, Siderurgia y aluminio",454,"Laminados en frío","Producción","miles de tn","Cámara Argentina del Acero","Mensual","Nacional","PAIS","200","Argentina",2026-02-01,49.3
26,"Industrias Metálicas Básicas, Siderurgia y aluminio",454,"Laminados en frío","Producción","miles de tn","Cámara Argentina del Acero","Mensual","Nacional","PAIS","200","Argentina",2026-03-01,80.4
26,"Industrias Metálicas Básicas, Siderurgia y aluminio",454,"Laminados en frío","Producción","miles de tn","Cámara Argentina del Acero","Mensual","Nacional","PAIS","200","Argentina",2026-04-01,94.5
26,"Industrias Metálicas Básicas, Siderurgia y aluminio",454,"Laminados en frío","Producción","miles de tn","Cámara Argentina del Acero","Mensual","Nacional","PAIS","200","Argentina",2026-05-01,102.5
26,"Industrias Metálicas Básicas, Siderurgia y aluminio",454,"Laminados en frío","Producción","miles de tn","Cámara Argentina del Acero","Mensual","Nacional","PAIS","200","Argentina",2026-06-01,103.2
26,"Industrias Metálicas Básicas, Siderurgia y aluminio",455,"Laminados largos (con tubo)","Producción","miles de tn","Cámara Argentina del Acero","Mensual","Nacional","PAIS","200","Argentina",1993-01-01,117.619
26,"Industrias Metálicas Básicas, Siderurgia y aluminio",455,"Laminados largos (con tubo)","Producción","miles de tn","Cámara Argentina del Acero","Mensual","Nacional","PAIS","200","Argentina",1993-02-01,72.331
26,"Industrias Metálicas Básicas, Siderurgia y aluminio",455,"Laminados largos (con tubo)","Producción","miles de tn","Cámara Argentina del Acero","Mensual","Nacional","PAIS","200","Argentina",1993-03-01,134.357
26,"Industrias Metálicas Básicas, Siderurgia y aluminio",455,"Laminados largos (con tubo)","Producción","miles de tn","Cámara Argentina del Acero","Mensual","Nacional","PAIS","200","Argentina",1993-04-01,145.407
26,"Industrias Metálicas Básicas, Siderurgia y aluminio",455,"Laminados largos (con tubo)","Producción","miles de tn","Cámara Argentina del Acero","Mensual","Nacional","PAIS","200","Argentina",1993-05-01,139.448
26,"Industrias Metálicas Básicas, Siderurgia y aluminio",455,"Laminados largos (con tubo)","Producción","miles de tn","Cámara Argentina del Acero","Mensual","Nacional","PAIS","200","Argentina",1993-06-01,140.521
26,"Industrias Metálicas Básicas, Siderurgia y aluminio",455,"Laminados largos (con tubo)","Producción","miles de tn","Cámara Argentina del Acero","Mensual","Nacional","PAIS","200","Argentina",1993-07-01,139.411
26,"Industrias Metálicas Básicas, Siderurgia y aluminio",455,"Laminados largos (con tubo)","Producción","miles de tn","Cámara Argentina del Acero","Mensual","Nacional","PAIS","200","Argentina",1993-08-01,146.909
26,"Industrias Metálicas Básicas, Siderurgia y aluminio",455,"Laminados largos (con tubo)","Producción","miles de tn","Cámara Argentina del Acero","Mensual","Nacional","PAIS","200","Argentina",1993-09-01,158.906
26,"Industrias Metálicas Básicas, Siderurgia y aluminio",455,"Laminados largos (con tubo)","Producción","miles de tn","Cámara Argentina del Acero","Mensual","Nacional","PAIS","200","Argentina",1993-10-01,146.512
26,"Industrias Metálicas Básicas, Siderurgia y aluminio",455,"Laminados largos (con tubo)","Producción","miles de tn","Cámara Argentina del Acero","Mensual","Nacional","PAIS","200","Argentina",1993-11-01,142.213
26,"Industrias Metálicas Básicas, Siderurgia y aluminio",455,"Laminados largos (con tubo)","Producción","miles de tn","Cámara Argentina del Acero","Mensual","Nacional","PAIS","200","Argentina",1993-12-01,119.186
26,"Industrias Metálicas Básicas, Siderurgia y aluminio",455,"Laminados largos (con tubo)","Producción","miles de tn","Cámara Argentina del Acero","Mensual","Nacional","PAIS","200","Argentina",1994-01-01,127.8
26,"Industrias Metálicas Básicas, Siderurgia y aluminio",455,"Laminados largos (con tubo)","Producción","miles de tn","Cámara Argentina del Acero","Mensual","Nacional","PAIS","200","Argentina",1994-02-01,95.4
26,"Industrias Metálicas Básicas, Siderurgia y aluminio",455,"Laminados largos (con tubo)","Producción","miles de tn","Cámara Argentina del Acero","Mensual","Nacional","PAIS","200","Argentina",1994-03-01,155.2
26,"Industrias Metálicas Básicas, Siderurgia y aluminio",455,"Laminados largos (con tubo)","Producción","miles de tn","Cámara Argentina del Acero","Mensual","Nacional","PAIS","200","Argentina",1994-04-01,156.6
26,"Industrias Metálicas Básicas, Siderurgia y aluminio",455,"Laminados largos (con tubo)","Producción","miles de tn","Cámara Argentina del Acero","Mensual","Nacional","PAIS","200","Argentina",1994-05-01,150.4
26,"Industrias Metálicas Básicas, Siderurgia y aluminio",455,"Laminados largos (con tubo)","Producción","miles de tn","Cámara Argentina del Acero","Mensual","Nacional","PAIS","200","Argentina",1994-06-01,143.2
26,"Industrias Metálicas Básicas, Siderurgia y aluminio",455,"Laminados largos (con tubo)","Producción","miles de tn","Cámara Argentina del Acero","Mensual","Nacional","PAIS","200","Argentina",1994-07-01,141.2
26,"Industrias Metálicas Básicas, Siderurgia y aluminio",455,"Laminados largos (con tubo)","Producción","miles de tn","Cámara Argentina del Acero","Mensual","Nacional","PAIS","200","Argentina",1994-08-01,156.5
26,"Industrias Metálicas Básicas, Siderurgia y aluminio",455,"Laminados largos (con tubo)","Producción","miles de tn","Cámara Argentina del Acero","Mensual","Nacional","PAIS","200","Argentina",1994-09-01,147.7
26,"Industrias Metálicas Básicas, Siderurgia y aluminio",455,"Laminados largos (con tubo)","Producción","miles de tn","Cámara Argentina del Acero","Mensual","Nacional","PAIS","200","Argentina",1994-10-01,162
26,"Industrias Metálicas Básicas, Siderurgia y aluminio",455,"Laminados largos (con tubo)","Producción","miles de tn","Cámara Argentina del Acero","Mensual","Nacional","PAIS","200","Argentina",1994-11-01,143.7
26,"Industrias Metálicas Básicas, Siderurgia y aluminio",455,"Laminados largos (con tubo)","Producción","miles de tn","Cámara Argentina del Acero","Mensual","Nacional","PAIS","200","Argentina",1994-12-01,144.3
26,"Industrias Metálicas Básicas, Siderurgia y aluminio",455,"Laminados largos (con tubo)","Producción","miles de tn","Cámara Argentina del Acero","Mensual","Nacional","PAIS","200","Argentina",1995-01-01,137.863
26,"Industrias Metálicas Básicas, Siderurgia y aluminio",455,"Laminados largos (con tubo)","Producción","miles de tn","Cámara Argentina del Acero","Mensual","Nacional","PAIS","200","Argentina",1995-02-01,105.669
26,"Industrias Metálicas Básicas, Siderurgia y aluminio",455,"Laminados largos (con tubo)","Producción","miles de tn","Cámara Argentina del Acero","Mensual","Nacional","PAIS","200","Argentina",1995-03-01,178.607
26,"Industrias Metálicas Básicas, Siderurgia y aluminio",455,"Laminados largos (con tubo)","Producción","miles de tn","Cámara Argentina del Acero","Mensual","Nacional","PAIS","200","Argentina",1995-04-01,157.805
26,"Industrias Metálicas Básicas, Siderurgia y aluminio",455,"Laminados largos (con tubo)","Producción","miles de tn","Cámara Argentina del Acero","Mensual","Nacional","PAIS","200","Argentina",1995-05-01,166.461
26,"Industrias Metálicas Básicas, Siderurgia y aluminio",455,"Laminados largos (con tubo)","Producción","miles de tn","Cámara Argentina del Acero","Mensual","Nacional","PAIS","200","Argentina",1995-06-01,163.799
26,"Industrias Metálicas Básicas, Siderurgia y aluminio",455,"Laminados largos (con tubo)","Producción","miles de tn","Cámara Argentina del Acero","Mensual","Nacional","PAIS","200","Argentina",1995-07-01,170.964
26,"Industrias Metálicas Básicas, Siderurgia y aluminio",455,"Laminados largos (con tubo)","Producción","miles de tn","Cámara Argentina del Acero","Mensual","Nacional","PAIS","200","Argentina",1995-08-01,177.541
26,"Industrias Metálicas Básicas, Siderurgia y aluminio",455,"Laminados largos (con tubo)","Producción","miles de tn","Cámara Argentina del Acero","Mensual","Nacional","PAIS","200","Argentina",1995-09-01,165.598
26,"Industrias Metálicas Básicas, Siderurgia y aluminio",455,"Laminados largos (con tubo)","Producción","miles de tn","Cámara Argentina del Acero","Mensual","Nacional","PAIS","200","Argentina",1995-10-01,176.855
26,"Industrias Metálicas Básicas, Siderurgia y aluminio",455,"Laminados largos (con tubo)","Producción","miles de tn","Cámara Argentina del Acero","Mensual","Nacional","PAIS","200","Argentina",1995-11-01,166.529
26,"Industrias Metálicas Básicas, Siderurgia y aluminio",455,"Laminados largos (con tubo)","Producción","miles de tn","Cámara Argentina del Acero","Mensual","Nacional","PAIS","200","Argentina",1995-12-01,125.21
26,"Industrias Metálicas Básicas, Siderurgia y aluminio",455,"Laminados largos (con tubo)","Producción","miles de tn","Cámara Argentina del Acero","Mensual","Nacional","PAIS","200","Argentina",1996-01-01,106.4
26,"Industrias Metálicas Básicas, Siderurgia y aluminio",455,"Laminados largos (con tubo)","Producción","miles de tn","Cámara Argentina del Acero","Mensual","Nacional","PAIS","200","Argentina",1996-02-01,151.7
26,"Industrias Metálicas Básicas, Siderurgia y aluminio",455,"Laminados largos (con tubo)","Producción","miles de tn","Cámara Argentina del Acero","Mensual","Nacional","PAIS","200","Argentina",1996-03-01,174.1
26,"Industrias Metálicas Básicas, Siderurgia y aluminio",455,"Laminados largos (con tubo)","Producción","miles de tn","Cámara Argentina del Acero","Mensual","Nacional","PAIS","200","Argentina",1996-04-01,170.4
26,"Industrias Metálicas Básicas, Siderurgia y aluminio",455,"Laminados largos (con tubo)","Producción","miles de tn","Cámara Argentina del Acero","Mensual","Nacional","PAIS","200","Argentina",1996-05-01,174.7
26,"Industrias Metálicas Básicas, Siderurgia y aluminio",455,"Laminados largos (con tubo)","Producción","miles de tn","Cámara Argentina del Acero","Mensual","Nacional","PAIS","200","Argentina",1996-06-01,173.2
26,"Industrias Metálicas Básicas, Siderurgia y aluminio",455,"Laminados largos (con tubo)","Producción","miles de tn","Cámara Argentina del Acero","Mensual","Nacional","PAIS","200","Argentina",1996-07-01,179.6
26,"Industrias Metálicas Básicas, Siderurgia y aluminio",455,"Laminados largos (con tubo)","Producción","miles de tn","Cámara Argentina del Acero","Mensual","Nacional","PAIS","200","Argentina",1996-08-01,177.4
26,"Industrias Metálicas Básicas, Siderurgia y aluminio",455,"Laminados largos (con tubo)","Producción","miles de tn","Cámara Argentina del Acero","Mensual","Nacional","PAIS","200","Argentina",1996-09-01,169.1
26,"Industrias Metálicas Básicas, Siderurgia y aluminio",455,"Laminados largos (con tubo)","Producción","miles de tn","Cámara Argentina del Acero","Mensual","Nacional","PAIS","200","Argentina",1996-10-01,192.2
26,"Industrias Metálicas Básicas, Siderurgia y aluminio",455,"Laminados largos (con tubo)","Producción","miles de tn","Cámara Argentina del Acero","Mensual","Nacional","PAIS","200","Argentina",1996-11-01,190.2
26,"Industrias Metálicas Básicas, Siderurgia y aluminio",455,"Laminados largos (con tubo)","Producción","miles de tn","Cámara Argentina del Acero","Mensual","Nacional","PAIS","200","Argentina",1996-12-01,163.8
26,"Industrias Metálicas Básicas, Siderurgia y aluminio",455,"Laminados largos (con tubo)","Producción","miles de tn","Cámara Argentina del Acero","Mensual","Nacional","PAIS","200","Argentina",1997-01-01,135.705
26,"Industrias Metálicas Básicas, Siderurgia y aluminio",455,"Laminados largos (con tubo)","Producción","miles de tn","Cámara Argentina del Acero","Mensual","Nacional","PAIS","200","Argentina",1997-02-01,122.404
26,"Industrias Metálicas Básicas, Siderurgia y aluminio",455,"Laminados largos (con tubo)","Producción","miles de tn","Cámara Argentina del Acero","Mensual","Nacional","PAIS","200","Argentina",1997-03-01,150.534
26,"Industrias Metálicas Básicas, Siderurgia y aluminio",455,"Laminados largos (con tubo)","Producción","miles de tn","Cámara Argentina del Acero","Mensual","Nacional","PAIS","200","Argentina",1997-04-01,186.336
26,"Industrias Metálicas Básicas, Siderurgia y aluminio",455,"Laminados largos (con tubo)","Producción","miles de tn","Cámara Argentina del Acero","Mensual","Nacional","PAIS","200","Argentina",1997-05-01,176.828
26,"Industrias Metálicas Básicas, Siderurgia y aluminio",455,"Laminados largos (con tubo)","Producción","miles de tn","Cámara Argentina del Acero","Mensual","Nacional","PAIS","200","Argentina",1997-06-01,182.707
26,"Industrias Metálicas Básicas, Siderurgia y aluminio",455,"Laminados largos (con tubo)","Producción","miles de tn","Cámara Argentina del Acero","Mensual","Nacional","PAIS","200","Argentina",1997-07-01,194.251
26,"Industrias Metálicas Básicas, Siderurgia y aluminio",455,"Laminados largos (con tubo)","Producción","miles de tn","Cámara Argentina del Acero","Mensual","Nacional","PAIS","200","Argentina",1997-08-01,194.122
26,"Industrias Metálicas Básicas, Siderurgia y aluminio",455,"Laminados largos (con tubo)","Producción","miles de tn","Cámara Argentina del Acero","Mensual","Nacional","PAIS","200","Argentina",1997-09-01,189.904
26,"Industrias Metálicas Básicas, Siderurgia y aluminio",455,"Laminados largos (con tubo)","Producción","miles de tn","Cámara Argentina del Acero","Mensual","Nacional","PAIS","200","Argentina",1997-10-01,204.98
26,"Industrias Metálicas Básicas, Siderurgia y aluminio",455,"Laminados largos (con tubo)","Producción","miles de tn","Cámara Argentina del Acero","Mensual","Nacional","PAIS","200","Argentina",1997-11-01,203.175
26,"Industrias Metálicas Básicas, Siderurgia y aluminio",455,"Laminados largos (con tubo)","Producción","miles de tn","Cámara Argentina del Acero","Mensual","Nacional","PAIS","200","Argentina",1997-12-01,172
26,"Industrias Metálicas Básicas, Siderurgia y aluminio",455,"Laminados largos (con tubo)","Producción","miles de tn","Cámara Argentina del Acero","Mensual","Nacional","PAIS","200","Argentina",1998-01-01,115.781
26,"Industrias Metálicas Básicas, Siderurgia y aluminio",455,"Laminados largos (con tubo)","Producción","miles de tn","Cámara Argentina del Acero","Mensual","Nacional","PAIS","200","Argentina",1998-02-01,167.532
26,"Industrias Metálicas Básicas, Siderurgia y aluminio",455,"Laminados largos (con tubo)","Producción","miles de tn","Cámara Argentina del Acero","Mensual","Nacional","PAIS","200","Argentina",1998-03-01,189.65
26,"Industrias Metálicas Básicas, Siderurgia y aluminio",455,"Laminados largos (con tubo)","Producción","miles de tn","Cámara Argentina del Acero","Mensual","Nacional","PAIS","200","Argentina",1998-04-01,184.22
26,"Industrias Metálicas Básicas, Siderurgia y aluminio",455,"Laminados largos (con tubo)","Producción","miles de tn","Cámara Argentina del Acero","Mensual","Nacional","PAIS","200","Argentina",1998-05-01,183.076
26,"Industrias Metálicas Básicas, Siderurgia y aluminio",455,"Laminados largos (con tubo)","Producción","miles de tn","Cámara Argentina del Acero","Mensual","Nacional","PAIS","200","Argentina",1998-06-01,177.583
26,"Industrias Metálicas Básicas, Siderurgia y aluminio",455,"Laminados largos (con tubo)","Producción","miles de tn","Cámara Argentina del Acero","Mensual","Nacional","PAIS","200","Argentina",1998-07-01,175.053
26,"Industrias Metálicas Básicas, Siderurgia y aluminio",455,"Laminados largos (con tubo)","Producción","miles de tn","Cámara Argentina del Acero","Mensual","Nacional","PAIS","200","Argentina",1998-08-01,176.914
26,"Industrias Metálicas Básicas, Siderurgia y aluminio",455,"Laminados largos (con tubo)","Producción","miles de tn","Cámara Argentina del Acero","Mensual","Nacional","PAIS","200","Argentina",1998-09-01,161.669
26,"Industrias Metálicas Básicas, Siderurgia y aluminio",455,"Laminados largos (con tubo)","Producción","miles de tn","Cámara Argentina del Acero","Mensual","Nacional","PAIS","200","Argentina",1998-10-01,158.031
26,"Industrias Metálicas Básicas, Siderurgia y aluminio",455,"Laminados largos (con tubo)","Producción","miles de tn","Cámara Argentina del Acero","Mensual","Nacional","PAIS","200","Argentina",1998-11-01,155.31
26,"Industrias Metálicas Básicas, Siderurgia y aluminio",455,"Laminados largos (con tubo)","Producción","miles de tn","Cámara Argentina del Acero","Mensual","Nacional","PAIS","200","Argentina",1998-12-01,133.5
26,"Industrias Metálicas Básicas, Siderurgia y aluminio",455,"Laminados largos (con tubo)","Producción","miles de tn","Cámara Argentina del Acero","Mensual","Nacional","PAIS","200","Argentina",1999-01-01,46.608
26,"Industrias Metálicas Básicas, Siderurgia y aluminio",455,"Laminados largos (con tubo)","Producción","miles de tn","Cámara Argentina del Acero","Mensual","Nacional","PAIS","200","Argentina",1999-02-01,108.429
26,"Industrias Metálicas Básicas, Siderurgia y aluminio",455,"Laminados largos (con tubo)","Producción","miles de tn","Cámara Argentina del Acero","Mensual","Nacional","PAIS","200","Argentina",1999-03-01,125.976
26,"Industrias Metálicas Básicas, Siderurgia y aluminio",455,"Laminados largos (con tubo)","Producción","miles de tn","Cámara Argentina del Acero","Mensual","Nacional","PAIS","200","Argentina",1999-04-01,128.939
26,"Industrias Metálicas Básicas, Siderurgia y aluminio",455,"Laminados largos (con tubo)","Producción","miles de tn","Cámara Argentina del Acero","Mensual","Nacional","PAIS","200","Argentina",1999-05-01,139.611
26,"Industrias Metálicas Básicas, Siderurgia y aluminio",455,"Laminados largos (con tubo)","Producción","miles de tn","Cámara Argentina del Acero","Mensual","Nacional","PAIS","200","Argentina",1999-06-01,142.272
26,"Industrias Metálicas Básicas, Siderurgia y aluminio",455,"Laminados largos (con tubo)","Producción","miles de tn","Cámara Argentina del Acero","Mensual","Nacional","PAIS","200","Argentina",1999-07-01,141.124
26,"Industrias Metálicas Básicas, Siderurgia y aluminio",455,"Laminados largos (con tubo)","Producción","miles de tn","Cámara Argentina del Acero","Mensual","Nacional","PAIS","200","Argentina",1999-08-01,148.303
26,"Industrias Metálicas Básicas, Siderurgia y aluminio",455,"Laminados largos (con tubo)","Producción","miles de tn","Cámara Argentina del Acero","Mensual","Nacional","PAIS","200","Argentina",1999-09-01,145.152
26,"Industrias Metálicas Básicas, Siderurgia y aluminio",455,"Laminados largos (con tubo)","Producción","miles de tn","Cámara Argentina del Acero","Mensual","Nacional","PAIS","200","Argentina",1999-10-01,154.053
26,"Industrias Metálicas Básicas, Siderurgia y aluminio",455,"Laminados largos (con tubo)","Producción","miles de tn","Cámara Argentina del Acero","Mensual","Nacional","PAIS","200","Argentina",1999-11-01,161.297
26,"Industrias Metálicas Básicas, Siderurgia y aluminio",455,"Laminados largos (con tubo)","Producción","miles de tn","Cámara Argentina del Acero","Mensual","Nacional","PAIS","200","Argentina",1999-12-01,144.435
26,"Industrias Metálicas Básicas, Siderurgia y aluminio",455,"Laminados largos (con tubo)","Producción","miles de tn","Cámara Argentina del Acero","Mensual","Nacional","PAIS","200","Argentina",2000-01-01,114.57
26,"Industrias Metálicas Básicas, Siderurgia y aluminio",455,"Laminados largos (con tubo)","Producción","miles de tn","Cámara Argentina del Acero","Mensual","Nacional","PAIS","200","Argentina",2000-02-01,144.217
26,"Industrias Metálicas Básicas, Siderurgia y aluminio",455,"Laminados largos (con tubo)","Producción","miles de tn","Cámara Argentina del Acero","Mensual","Nacional","PAIS","200","Argentina",2000-03-01,163.311
26,"Industrias Metálicas Básicas, Siderurgia y aluminio",455,"Laminados largos (con tubo)","Producción","miles de tn","Cámara Argentina del Acero","Mensual","Nacional","PAIS","200","Argentina",2000-04-01,151.386
26,"Industrias Metálicas Básicas, Siderurgia y aluminio",455,"Laminados largos (con tubo)","Producción","miles de tn","Cámara Argentina del Acero","Mensual","Nacional","PAIS","200","Argentina",2000-05-01,164.595
26,"Industrias Metálicas Básicas, Siderurgia y aluminio",455,"Laminados largos (con tubo)","Producción","miles de tn","Cámara Argentina del Acero","Mensual","Nacional","PAIS","200","Argentina",2000-06-01,149.98
26,"Industrias Metálicas Básicas, Siderurgia y aluminio",455,"Laminados largos (con tubo)","Producción","miles de tn","Cámara Argentina del Acero","Mensual","Nacional","PAIS","200","Argentina",2000-07-01,143.215
26,"Industrias Metálicas Básicas, Siderurgia y aluminio",455,"Laminados largos (con tubo)","Producción","miles de tn","Cámara Argentina del Acero","Mensual","Nacional","PAIS","200","Argentina",2000-08-01,176.71
26,"Industrias Metálicas Básicas, Siderurgia y aluminio",455,"Laminados largos (con tubo)","Producción","miles de tn","Cámara Argentina del Acero","Mensual","Nacional","PAIS","200","Argentina",2000-09-01,163.012
26,"Industrias Metálicas Básicas, Siderurgia y aluminio",455,"Laminados largos (con tubo)","Producción","miles de tn","Cámara Argentina del Acero","Mensual","Nacional","PAIS","200","Argentina",2000-10-01,175.685
26,"Industrias Metálicas Básicas, Siderurgia y aluminio",455,"Laminados largos (con tubo)","Producción","miles de tn","Cámara Argentina del Acero","Mensual","Nacional","PAIS","200","Argentina",2000-11-01,179.505
26,"Industrias Metálicas Básicas, Siderurgia y aluminio",455,"Laminados largos (con tubo)","Producción","miles de tn","Cámara Argentina del Acero","Mensual","Nacional","PAIS","200","Argentina",2000-12-01,177.133
26,"Industrias Metálicas Básicas, Siderurgia y aluminio",455,"Laminados largos (con tubo)","Producción","miles de tn","Cámara Argentina del Acero","Mensual","Nacional","PAIS","200","Argentina",2001-01-01,123.932
26,"Industrias Metálicas Básicas, Siderurgia y aluminio",455,"Laminados largos (con tubo)","Producción","miles de tn","Cámara Argentina del Acero","Mensual","Nacional","PAIS","200","Argentina",2001-02-01,130.205
26,"Industrias Metálicas Básicas, Siderurgia y aluminio",455,"Laminados largos (con tubo)","Producción","miles de tn","Cámara Argentina del Acero","Mensual","Nacional","PAIS","200","Argentina",2001-03-01,178.926
26,"Industrias Metálicas Básicas, Siderurgia y aluminio",455,"Laminados largos (con tubo)","Producción","miles de tn","Cámara Argentina del Acero","Mensual","Nacional","PAIS","200","Argentina",2001-04-01,171.616
26,"Industrias Metálicas Básicas, Siderurgia y aluminio",455,"Laminados largos (con tubo)","Producción","miles de tn","Cámara Argentina del Acero","Mensual","Nacional","PAIS","200","Argentina",2001-05-01,168.735
26,"Industrias Metálicas Básicas, Siderurgia y aluminio",455,"Laminados largos (con tubo)","Producción","miles de tn","Cámara Argentina del Acero","Mensual","Nacional","PAIS","200","Argentina",2001-06-01,144.298
26,"Industrias Metálicas Básicas, Siderurgia y aluminio",455,"Laminados largos (con tubo)","Producción","miles de tn","Cámara Argentina del Acero","Mensual","Nacional","PAIS","200","Argentina",2001-07-01,153.815
26,"Industrias Metálicas Básicas, Siderurgia y aluminio",455,"Laminados largos (con tubo)","Producción","miles de tn","Cámara Argentina del Acero","Mensual","Nacional","PAIS","200","Argentina",2001-08-01,181.85
26,"Industrias Metálicas Básicas, Siderurgia y aluminio",455,"Laminados largos (con tubo)","Producción","miles de tn","Cámara Argentina del Acero","Mensual","Nacional","PAIS","200","Argentina",2001-09-01,166.999
26,"Industrias Metálicas Básicas, Siderurgia y aluminio",455,"Laminados largos (con tubo)","Producción","miles de tn","Cámara Argentina del Acero","Mensual","Nacional","PAIS","200","Argentina",2001-10-01,155.064
26,"Industrias Metálicas Básicas, Siderurgia y aluminio",455,"Laminados largos (con tubo)","Producción","miles de tn","Cámara Argentina del Acero","Mensual","Nacional","PAIS","200","Argentina",2001-11-01,130.102
26,"Industrias Metálicas Básicas, Siderurgia y aluminio",455,"Laminados largos (con tubo)","Producción","miles de tn","Cámara Argentina del Acero","Mensual","Nacional","PAIS","200","Argentina",2001-12-01,95.475
26,"Industrias Metálicas Básicas, Siderurgia y aluminio",455,"Laminados largos (con tubo)","Producción","miles de tn","Cámara Argentina del Acero","Mensual","Nacional","PAIS","200","Argentina",2002-01-01,91.588
26,"Industrias Metálicas Básicas, Siderurgia y aluminio",455,"Laminados largos (con tubo)","Producción","miles de tn","Cámara Argentina del Acero","Mensual","Nacional","PAIS","200","Argentina",2002-02-01,122.541
26,"Industrias Metálicas Básicas, Siderurgia y aluminio",455,"Laminados largos (con tubo)","Producción","miles de tn","Cámara Argentina del Acero","Mensual","Nacional","PAIS","200","Argentina",2002-03-01,142.815
26,"Industrias Metálicas Básicas, Siderurgia y aluminio",455,"Laminados largos (con tubo)","Producción","miles de tn","Cámara Argentina del Acero","Mensual","Nacional","PAIS","200","Argentina",2002-04-01,152.628
26,"Industrias Metálicas Básicas, Siderurgia y aluminio",455,"Laminados largos (con tubo)","Producción","miles de tn","Cámara Argentina del Acero","Mensual","Nacional","PAIS","200","Argentina",2002-05-01,142.313
26,"Industrias Metálicas Básicas, Siderurgia y aluminio",455,"Laminados largos (con tubo)","Producción","miles de tn","Cámara Argentina del Acero","Mensual","Nacional","PAIS","200","Argentina",2002-06-01,142.468
26,"Industrias Metálicas Básicas, Siderurgia y aluminio",455,"Laminados largos (con tubo)","Producción","miles de tn","Cámara Argentina del Acero","Mensual","Nacional","PAIS","200","Argentina",2002-07-01,141.042
26,"Industrias Metálicas Básicas, Siderurgia y aluminio",455,"Laminados largos (con tubo)","Producción","miles de tn","Cámara Argentina del Acero","Mensual","Nacional","PAIS","200","Argentina",2002-08-01,159.668
26,"Industrias Metálicas Básicas, Siderurgia y aluminio",455,"Laminados largos (con tubo)","Producción","miles de tn","Cámara Argentina del Acero","Mensual","Nacional","PAIS","200","Argentina",2002-09-01,152.983
26,"Industrias Metálicas Básicas, Siderurgia y aluminio",455,"Laminados largos (con tubo)","Producción","miles de tn","Cámara Argentina del Acero","Mensual","Nacional","PAIS","200","Argentina",2002-10-01,166.61
26,"Industrias Metálicas Básicas, Siderurgia y aluminio",455,"Laminados largos (con tubo)","Producción","miles de tn","Cámara Argentina del Acero","Mensual","Nacional","PAIS","200","Argentina",2002-11-01,164.074
26,"Industrias Metálicas Básicas, Siderurgia y aluminio",455,"Laminados largos (con tubo)","Producción","miles de tn","Cámara Argentina del Acero","Mensual","Nacional","PAIS","200","Argentina",2002-12-01,148.192
26,"Industrias Metálicas Básicas, Siderurgia y aluminio",455,"Laminados largos (con tubo)","Producción","miles de tn","Cámara Argentina del Acero","Mensual","Nacional","PAIS","200","Argentina",2003-01-01,127.571
26,"Industrias Metálicas Básicas, Siderurgia y aluminio",455,"Laminados largos (con tubo)","Producción","miles de tn","Cámara Argentina del Acero","Mensual","Nacional","PAIS","200","Argentina",2003-02-01,142.556
26,"Industrias Metálicas Básicas, Siderurgia y aluminio",455,"Laminados largos (con tubo)","Producción","miles de tn","Cámara Argentina del Acero","Mensual","Nacional","PAIS","200","Argentina",2003-03-01,164.339
26,"Industrias Metálicas Básicas, Siderurgia y aluminio",455,"Laminados largos (con tubo)","Producción","miles de tn","Cámara Argentina del Acero","Mensual","Nacional","PAIS","200","Argentina",2003-04-01,179.481
26,"Industrias Metálicas Básicas, Siderurgia y aluminio",455,"Laminados largos (con tubo)","Producción","miles de tn","Cámara Argentina del Acero","Mensual","Nacional","PAIS","200","Argentina",2003-05-01,176.932
26,"Industrias Metálicas Básicas, Siderurgia y aluminio",455,"Laminados largos (con tubo)","Producción","miles de tn","Cámara Argentina del Acero","Mensual","Nacional","PAIS","200","Argentina",2003-06-01,173.177
26,"Industrias Metálicas Básicas, Siderurgia y aluminio",455,"Laminados largos (con tubo)","Producción","miles de tn","Cámara Argentina del Acero","Mensual","Nacional","PAIS","200","Argentina",2003-07-01,188.268
26,"Industrias Metálicas Básicas, Siderurgia y aluminio",455,"Laminados largos (con tubo)","Producción","miles de tn","Cámara Argentina del Acero","Mensual","Nacional","PAIS","200","Argentina",2003-08-01,173.614
26,"Industrias Metálicas Básicas, Siderurgia y aluminio",455,"Laminados largos (con tubo)","Producción","miles de tn","Cámara Argentina del Acero","Mensual","Nacional","PAIS","200","Argentina",2003-09-01,182.084
26,"Industrias Metálicas Básicas, Siderurgia y aluminio",455,"Laminados largos (con tubo)","Producción","miles de tn","Cámara Argentina del Acero","Mensual","Nacional","PAIS","200","Argentina",2003-10-01,195.875
26,"Industrias Metálicas Básicas, Siderurgia y aluminio",455,"Laminados largos (con tubo)","Producción","miles de tn","Cámara Argentina del Acero","Mensual","Nacional","PAIS","200","Argentina",2003-11-01,173.039
26,"Industrias Metálicas Básicas, Siderurgia y aluminio",455,"Laminados largos (con tubo)","Producción","miles de tn","Cámara Argentina del Acero","Mensual","Nacional","PAIS","200","Argentina",2003-12-01,168.59
26,"Industrias Metálicas Básicas, Siderurgia y aluminio",455,"Laminados largos (con tubo)","Producción","miles de tn","Cámara Argentina del Acero","Mensual","Nacional","PAIS","200","Argentina",2004-01-01,152.2
26,"Industrias Metálicas Básicas, Siderurgia y aluminio",455,"Laminados largos (con tubo)","Producción","miles de tn","Cámara Argentina del Acero","Mensual","Nacional","PAIS","200","Argentina",2004-02-01,190.984
26,"Industrias Metálicas Básicas, Siderurgia y aluminio",455,"Laminados largos (con tubo)","Producción","miles de tn","Cámara Argentina del Acero","Mensual","Nacional","PAIS","200","Argentina",2004-03-01,205.789
26,"Industrias Metálicas Básicas, Siderurgia y aluminio",455,"Laminados largos (con tubo)","Producción","miles de tn","Cámara Argentina del Acero","Mensual","Nacional","PAIS","200","Argentina",2004-04-01,198.1
26,"Industrias Metálicas Básicas, Siderurgia y aluminio",455,"Laminados largos (con tubo)","Producción","miles de tn","Cámara Argentina del Acero","Mensual","Nacional","PAIS","200","Argentina",2004-05-01,196.1
26,"Industrias Metálicas Básicas, Siderurgia y aluminio",455,"Laminados largos (con tubo)","Producción","miles de tn","Cámara Argentina del Acero","Mensual","Nacional","PAIS","200","Argentina",2004-06-01,208.4
26,"Industrias Metálicas Básicas, Siderurgia y aluminio",455,"Laminados largos (con tubo)","Producción","miles de tn","Cámara Argentina del Acero","Mensual","Nacional","PAIS","200","Argentina",2004-07-01,204.2
26,"Industrias Metálicas Básicas, Siderurgia y aluminio",455,"Laminados largos (con tubo)","Producción","miles de tn","Cámara Argentina del Acero","Mensual","Nacional","PAIS","200","Argentina",2004-08-01,201.9
26,"Industrias Metálicas Básicas, Siderurgia y aluminio",455,"Laminados largos (con tubo)","Producción","miles de tn","Cámara Argentina del Acero","Mensual","Nacional","PAIS","200","Argentina",2004-09-01,191.578
26,"Industrias Metálicas Básicas, Siderurgia y aluminio",455,"Laminados largos (con tubo)","Producción","miles de tn","Cámara Argentina del Acero","Mensual","Nacional","PAIS","200","Argentina",2004-10-01,208.1
26,"Industrias Metálicas Básicas, Siderurgia y aluminio",455,"Laminados largos (con tubo)","Producción","miles de tn","Cámara Argentina del Acero","Mensual","Nacional","PAIS","200","Argentina",2004-11-01,214.1
26,"Industrias Metálicas Básicas, Siderurgia y aluminio",455,"Laminados largos (con tubo)","Producción","miles de tn","Cámara Argentina del Acero","Mensual","Nacional","PAIS","200","Argentina",2004-12-01,180.665
26,"Industrias Metálicas Básicas, Siderurgia y aluminio",455,"Laminados largos (con tubo)","Producción","miles de tn","Cámara Argentina del Acero","Mensual","Nacional","PAIS","200","Argentina",2005-01-01,172.2
26,"Industrias Metálicas Básicas, Siderurgia y aluminio",455,"Laminados largos (con tubo)","Producción","miles de tn","Cámara Argentina del Acero","Mensual","Nacional","PAIS","200","Argentina",2005-02-01,185.6
26,"Industrias Metálicas Básicas, Siderurgia y aluminio",455,"Laminados largos (con tubo)","Producción","miles de tn","Cámara Argentina del Acero","Mensual","Nacional","PAIS","200","Argentina",2005-03-01,205.6
26,"Industrias Metálicas Básicas, Siderurgia y aluminio",455,"Laminados largos (con tubo)","Producción","miles de tn","Cámara Argentina del Acero","Mensual","Nacional","PAIS","200","Argentina",2005-04-01,198.7
26,"Industrias Metálicas Básicas, Siderurgia y aluminio",455,"Laminados largos (con tubo)","Producción","miles de tn","Cámara Argentina del Acero","Mensual","Nacional","PAIS","200","Argentina",2005-05-01,171.8
26,"Industrias Metálicas Básicas, Siderurgia y aluminio",455,"Laminados largos (con tubo)","Producción","miles de tn","Cámara Argentina del Acero","Mensual","Nacional","PAIS","200","Argentina",2005-06-01,187.6
26,"Industrias Metálicas Básicas, Siderurgia y aluminio",455,"Laminados largos (con tubo)","Producción","miles de tn","Cámara Argentina del Acero","Mensual","Nacional","PAIS","200","Argentina",2005-07-01,189.7
26,"Industrias Metálicas Básicas, Siderurgia y aluminio",455,"Laminados largos (con tubo)","Producción","miles de tn","Cámara Argentina del Acero","Mensual","Nacional","PAIS","200","Argentina",2005-08-01,208.6
26,"Industrias Metálicas Básicas, Siderurgia y aluminio",455,"Laminados largos (con tubo)","Producción","miles de tn","Cámara Argentina del Acero","Mensual","Nacional","PAIS","200","Argentina",2005-09-01,212.7
26,"Industrias Metálicas Básicas, Siderurgia y aluminio",455,"Laminados largos (con tubo)","Producción","miles de tn","Cámara Argentina del Acero","Mensual","Nacional","PAIS","200","Argentina",2005-10-01,214.9
26,"Industrias Metálicas Básicas, Siderurgia y aluminio",455,"Laminados largos (con tubo)","Producción","miles de tn","Cámara Argentina del Acero","Mensual","Nacional","PAIS","200","Argentina",2005-11-01,216.3
26,"Industrias Metálicas Básicas, Siderurgia y aluminio",455,"Laminados largos (con tubo)","Producción","miles de tn","Cámara Argentina del Acero","Mensual","Nacional","PAIS","200","Argentina",2005-12-01,190.997
26,"Industrias Metálicas Básicas, Siderurgia y aluminio",455,"Laminados largos (con tubo)","Producción","miles de tn","Cámara Argentina del Acero","Mensual","Nacional","PAIS","200","Argentina",2006-01-01,169.5
26,"Industrias Metálicas Básicas, Siderurgia y aluminio",455,"Laminados largos (con tubo)","Producción","miles de tn","Cámara Argentina del Acero","Mensual","Nacional","PAIS","200","Argentina",2006-02-01,195.1
26,"Industrias Metálicas Básicas, Siderurgia y aluminio",455,"Laminados largos (con tubo)","Producción","miles de tn","Cámara Argentina del Acero","Mensual","Nacional","PAIS","200","Argentina",2006-03-01,217.1
26,"Industrias Metálicas Básicas, Siderurgia y aluminio",455,"Laminados largos (con tubo)","Producción","miles de tn","Cámara Argentina del Acero","Mensual","Nacional","PAIS","200","Argentina",2006-04-01,202.7
26,"Industrias Metálicas Básicas, Siderurgia y aluminio",455,"Laminados largos (con tubo)","Producción","miles de tn","Cámara Argentina del Acero","Mensual","Nacional","PAIS","200","Argentina",2006-05-01,217
26,"Industrias Metálicas Básicas, Siderurgia y aluminio",455,"Laminados largos (con tubo)","Producción","miles de tn","Cámara Argentina del Acero","Mensual","Nacional","PAIS","200","Argentina",2006-06-01,216.6
26,"Industrias Metálicas Básicas, Siderurgia y aluminio",455,"Laminados largos (con tubo)","Producción","miles de tn","Cámara Argentina del Acero","Mensual","Nacional","PAIS","200","Argentina",2006-07-01,239.9
26,"Industrias Metálicas Básicas, Siderurgia y aluminio",455,"Laminados largos (con tubo)","Producción","miles de tn","Cámara Argentina del Acero","Mensual","Nacional","PAIS","200","Argentina",2006-08-01,215.5
26,"Industrias Metálicas Básicas, Siderurgia y aluminio",455,"Laminados largos (con tubo)","Producción","miles de tn","Cámara Argentina del Acero","Mensual","Nacional","PAIS","200","Argentina",2006-09-01,202.6
26,"Industrias Metálicas Básicas, Siderurgia y aluminio",455,"Laminados largos (con tubo)","Producción","miles de tn","Cámara Argentina del Acero","Mensual","Nacional","PAIS","200","Argentina",2006-10-01,223.7
26,"Industrias Metálicas Básicas, Siderurgia y aluminio",455,"Laminados largos (con tubo)","Producción","miles de tn","Cámara Argentina del Acero","Mensual","Nacional","PAIS","200","Argentina",2006-11-01,221.8
26,"Industrias Metálicas Básicas, Siderurgia y aluminio",455,"Laminados largos (con tubo)","Producción","miles de tn","Cámara Argentina del Acero","Mensual","Nacional","PAIS","200","Argentina",2006-12-01,207.352
26,"Industrias Metálicas Básicas, Siderurgia y aluminio",455,"Laminados largos (con tubo)","Producción","miles de tn","Cámara Argentina del Acero","Mensual","Nacional","PAIS","200","Argentina",2007-01-01,190.229
26,"Industrias Metálicas Básicas, Siderurgia y aluminio",455,"Laminados largos (con tubo)","Producción","miles de tn","Cámara Argentina del Acero","Mensual","Nacional","PAIS","200","Argentina",2007-02-01,185.167
26,"Industrias Metálicas Básicas, Siderurgia y aluminio",455,"Laminados largos (con tubo)","Producción","miles de tn","Cámara Argentina del Acero","Mensual","Nacional","PAIS","200","Argentina",2007-03-01,223.887
26,"Industrias Metálicas Básicas, Siderurgia y aluminio",455,"Laminados largos (con tubo)","Producción","miles de tn","Cámara Argentina del Acero","Mensual","Nacional","PAIS","200","Argentina",2007-04-01,204.166
26,"Industrias Metálicas Básicas, Siderurgia y aluminio",455,"Laminados largos (con tubo)","Producción","miles de tn","Cámara Argentina del Acero","Mensual","Nacional","PAIS","200","Argentina",2007-05-01,207.058
26,"Industrias Metálicas Básicas, Siderurgia y aluminio",455,"Laminados largos (con tubo)","Producción","miles de tn","Cámara Argentina del Acero","Mensual","Nacional","PAIS","200","Argentina",2007-06-01,181.407
26,"Industrias Metálicas Básicas, Siderurgia y aluminio",455,"Laminados largos (con tubo)","Producción","miles de tn","Cámara Argentina del Acero","Mensual","Nacional","PAIS","200","Argentina",2007-07-01,189.379
26,"Industrias Metálicas Básicas, Siderurgia y aluminio",455,"Laminados largos (con tubo)","Producción","miles de tn","Cámara Argentina del Acero","Mensual","Nacional","PAIS","200","Argentina",2007-08-01,197.496
26,"Industrias Metálicas Básicas, Siderurgia y aluminio",455,"Laminados largos (con tubo)","Producción","miles de tn","Cámara Argentina del Acero","Mensual","Nacional","PAIS","200","Argentina",2007-09-01,210.143
26,"Industrias Metálicas Básicas, Siderurgia y aluminio",455,"Laminados largos (con tubo)","Producción","miles de tn","Cámara Argentina del Acero","Mensual","Nacional","PAIS","200","Argentina",2007-10-01,229.093
26,"Industrias Metálicas Básicas, Siderurgia y aluminio",455,"Laminados largos (con tubo)","Producción","miles de tn","Cámara Argentina del Acero","Mensual","Nacional","PAIS","200","Argentina",2007-11-01,226.368
26,"Industrias Metálicas Básicas, Siderurgia y aluminio",455,"Laminados largos (con tubo)","Producción","miles de tn","Cámara Argentina del Acero","Mensual","Nacional","PAIS","200","Argentina",2007-12-01,201.197
26,"Industrias Metálicas Básicas, Siderurgia y aluminio",455,"Laminados largos (con tubo)","Producción","miles de tn","Cámara Argentina del Acero","Mensual","Nacional","PAIS","200","Argentina",2008-01-01,176.175
26,"Industrias Metálicas Básicas, Siderurgia y aluminio",455,"Laminados largos (con tubo)","Producción","miles de tn","Cámara Argentina del Acero","Mensual","Nacional","PAIS","200","Argentina",2008-02-01,202.609
26,"Industrias Metálicas Básicas, Siderurgia y aluminio",455,"Laminados largos (con tubo)","Producción","miles de tn","Cámara Argentina del Acero","Mensual","Nacional","PAIS","200","Argentina",2008-03-01,230.486
26,"Industrias Metálicas Básicas, Siderurgia y aluminio",455,"Laminados largos (con tubo)","Producción","miles de tn","Cámara Argentina del Acero","Mensual","Nacional","PAIS","200","Argentina",2008-04-01,250.558
26,"Industrias Metálicas Básicas, Siderurgia y aluminio",455,"Laminados largos (con tubo)","Producción","miles de tn","Cámara Argentina del Acero","Mensual","Nacional","PAIS","200","Argentina",2008-05-01,235.888
26,"Industrias Metálicas Básicas, Siderurgia y aluminio",455,"Laminados largos (con tubo)","Producción","miles de tn","Cámara Argentina del Acero","Mensual","Nacional","PAIS","200","Argentina",2008-06-01,224.001
26,"Industrias Metálicas Básicas, Siderurgia y aluminio",455,"Laminados largos (con tubo)","Producción","miles de tn","Cámara Argentina del Acero","Mensual","Nacional","PAIS","200","Argentina",2008-07-01,233.286
26,"Industrias Metálicas Básicas, Siderurgia y aluminio",455,"Laminados largos (con tubo)","Producción","miles de tn","Cámara Argentina del Acero","Mensual","Nacional","PAIS","200","Argentina",2008-08-01,231.45
26,"Industrias Metálicas Básicas, Siderurgia y aluminio",455,"Laminados largos (con tubo)","Producción","miles de tn","Cámara Argentina del Acero","Mensual","Nacional","PAIS","200","Argentina",2008-09-01,249.197
26,"Industrias Metálicas Básicas, Siderurgia y aluminio",455,"Laminados largos (con tubo)","Producción","miles de tn","Cámara Argentina del Acero","Mensual","Nacional","PAIS","200","Argentina",2008-10-01,251.004
26,"Industrias Metálicas Básicas, Siderurgia y aluminio",455,"Laminados largos (con tubo)","Producción","miles de tn","Cámara Argentina del Acero","Mensual","Nacional","PAIS","200","Argentina",2008-11-01,222.785
26,"Industrias Metálicas Básicas, Siderurgia y aluminio",455,"Laminados largos (con tubo)","Producción","miles de tn","Cámara Argentina del Acero","Mensual","Nacional","PAIS","200","Argentina",2008-12-01,149.663
26,"Industrias Metálicas Básicas, Siderurgia y aluminio",455,"Laminados largos (con tubo)","Producción","miles de tn","Cámara Argentina del Acero","Mensual","Nacional","PAIS","200","Argentina",2009-01-01,123.001
26,"Industrias Metálicas Básicas, Siderurgia y aluminio",455,"Laminados largos (con tubo)","Producción","miles de tn","Cámara Argentina del Acero","Mensual","Nacional","PAIS","200","Argentina",2009-02-01,120.223
26,"Industrias Metálicas Básicas, Siderurgia y aluminio",455,"Laminados largos (con tubo)","Producción","miles de tn","Cámara Argentina del Acero","Mensual","Nacional","PAIS","200","Argentina",2009-03-01,110.1
26,"Industrias Metálicas Básicas, Siderurgia y aluminio",455,"Laminados largos (con tubo)","Producción","miles de tn","Cámara Argentina del Acero","Mensual","Nacional","PAIS","200","Argentina",2009-04-01,130.528
26,"Industrias Metálicas Básicas, Siderurgia y aluminio",455,"Laminados largos (con tubo)","Producción","miles de tn","Cámara Argentina del Acero","Mensual","Nacional","PAIS","200","Argentina",2009-05-01,121.261
26,"Industrias Metálicas Básicas, Siderurgia y aluminio",455,"Laminados largos (con tubo)","Producción","miles de tn","Cámara Argentina del Acero","Mensual","Nacional","PAIS","200","Argentina",2009-06-01,140.737
26,"Industrias Metálicas Básicas, Siderurgia y aluminio",455,"Laminados largos (con tubo)","Producción","miles de tn","Cámara Argentina del Acero","Mensual","Nacional","PAIS","200","Argentina",2009-07-01,154.713
26,"Industrias Metálicas Básicas, Siderurgia y aluminio",455,"Laminados largos (con tubo)","Producción","miles de tn","Cámara Argentina del Acero","Mensual","Nacional","PAIS","200","Argentina",2009-08-01,153.907
26,"Industrias Metálicas Básicas, Siderurgia y aluminio",455,"Laminados largos (con tubo)","Producción","miles de tn","Cámara Argentina del Acero","Mensual","Nacional","PAIS","200","Argentina",2009-09-01,165.898
26,"Industrias Metálicas Básicas, Siderurgia y aluminio",455,"Laminados largos (con tubo)","Producción","miles de tn","Cámara Argentina del Acero","Mensual","Nacional","PAIS","200","Argentina",2009-10-01,189.216
26,"Industrias Metálicas Básicas, Siderurgia y aluminio",455,"Laminados largos (con tubo)","Producción","miles de tn","Cámara Argentina del Acero","Mensual","Nacional","PAIS","200","Argentina",2009-11-01,194.863
26,"Industrias Metálicas Básicas, Siderurgia y aluminio",455,"Laminados largos (con tubo)","Producción","miles de tn","Cámara Argentina del Acero","Mensual","Nacional","PAIS","200","Argentina",2009-12-01,155.937
26,"Industrias Metálicas Básicas, Siderurgia y aluminio",455,"Laminados largos (con tubo)","Producción","miles de tn","Cámara Argentina del Acero","Mensual","Nacional","PAIS","200","Argentina",2010-01-01,139.315
26,"Industrias Metálicas Básicas, Siderurgia y aluminio",455,"Laminados largos (con tubo)","Producción","miles de tn","Cámara Argentina del Acero","Mensual","Nacional","PAIS","200","Argentina",2010-02-01,164.837
26,"Industrias Metálicas Básicas, Siderurgia y aluminio",455,"Laminados largos (con tubo)","Producción","miles de tn","Cámara Argentina del Acero","Mensual","Nacional","PAIS","200","Argentina",2010-03-01,212.856
26,"Industrias Metálicas Básicas, Siderurgia y aluminio",455,"Laminados largos (con tubo)","Producción","miles de tn","Cámara Argentina del Acero","Mensual","Nacional","PAIS","200","Argentina",2010-04-01,198.667
26,"Industrias Metálicas Básicas, Siderurgia y aluminio",455,"Laminados largos (con tubo)","Producción","miles de tn","Cámara Argentina del Acero","Mensual","Nacional","PAIS","200","Argentina",2010-05-01,210.368
26,"Industrias Metálicas Básicas, Siderurgia y aluminio",455,"Laminados largos (con tubo)","Producción","miles de tn","Cámara Argentina del Acero","Mensual","Nacional","PAIS","200","Argentina",2010-06-01,210.843
26,"Industrias Metálicas Básicas, Siderurgia y aluminio",455,"Laminados largos (con tubo)","Producción","miles de tn","Cámara Argentina del Acero","Mensual","Nacional","PAIS","200","Argentina",2010-07-01,208.845
26,"Industrias Metálicas Básicas, Siderurgia y aluminio",455,"Laminados largos (con tubo)","Producción","miles de tn","Cámara Argentina del Acero","Mensual","Nacional","PAIS","200","Argentina",2010-08-01,236.072
26,"Industrias Metálicas Básicas, Siderurgia y aluminio",455,"Laminados largos (con tubo)","Producción","miles de tn","Cámara Argentina del Acero","Mensual","Nacional","PAIS","200","Argentina",2010-09-01,224.623
26,"Industrias Metálicas Básicas, Siderurgia y aluminio",455,"Laminados largos (con tubo)","Producción","miles de tn","Cámara Argentina del Acero","Mensual","Nacional","PAIS","200","Argentina",2010-10-01,218.27
26,"Industrias Metálicas Básicas, Siderurgia y aluminio",455,"Laminados largos (con tubo)","Producción","miles de tn","Cámara Argentina del Acero","Mensual","Nacional","PAIS","200","Argentina",2010-11-01,206.15
26,"Industrias Metálicas Básicas, Siderurgia y aluminio",455,"Laminados largos (con tubo)","Producción","miles de tn","Cámara Argentina del Acero","Mensual","Nacional","PAIS","200","Argentina",2010-12-01,160.084
26,"Industrias Metálicas Básicas, Siderurgia y aluminio",455,"Laminados largos (con tubo)","Producción","miles de tn","Cámara Argentina del Acero","Mensual","Nacional","PAIS","200","Argentina",2011-01-01,148.041
26,"Industrias Metálicas Básicas, Siderurgia y aluminio",455,"Laminados largos (con tubo)","Producción","miles de tn","Cámara Argentina del Acero","Mensual","Nacional","PAIS","200","Argentina",2011-02-01,200.967
26,"Industrias Metálicas Básicas, Siderurgia y aluminio",455,"Laminados largos (con tubo)","Producción","miles de tn","Cámara Argentina del Acero","Mensual","Nacional","PAIS","200","Argentina",2011-03-01,228.957
26,"Industrias Metálicas Básicas, Siderurgia y aluminio",455,"Laminados largos (con tubo)","Producción","miles de tn","Cámara Argentina del Acero","Mensual","Nacional","PAIS","200","Argentina",2011-04-01,225.026
26,"Industrias Metálicas Básicas, Siderurgia y aluminio",455,"Laminados largos (con tubo)","Producción","miles de tn","Cámara Argentina del Acero","Mensual","Nacional","PAIS","200","Argentina",2011-05-01,227.6
26,"Industrias Metálicas Básicas, Siderurgia y aluminio",455,"Laminados largos (con tubo)","Producción","miles de tn","Cámara Argentina del Acero","Mensual","Nacional","PAIS","200","Argentina",2011-06-01,227.913
26,"Industrias Metálicas Básicas, Siderurgia y aluminio",455,"Laminados largos (con tubo)","Producción","miles de tn","Cámara Argentina del Acero","Mensual","Nacional","PAIS","200","Argentina",2011-07-01,234.126
26,"Industrias Metálicas Básicas, Siderurgia y aluminio",455,"Laminados largos (con tubo)","Producción","miles de tn","Cámara Argentina del Acero","Mensual","Nacional","PAIS","200","Argentina",2011-08-01,249.902
26,"Industrias Metálicas Básicas, Siderurgia y aluminio",455,"Laminados largos (con tubo)","Producción","miles de tn","Cámara Argentina del Acero","Mensual","Nacional","PAIS","200","Argentina",2011-09-01,238.351
26,"Industrias Metálicas Básicas, Siderurgia y aluminio",455,"Laminados largos (con tubo)","Producción","miles de tn","Cámara Argentina del Acero","Mensual","Nacional","PAIS","200","Argentina",2011-10-01,244.642
26,"Industrias Metálicas Básicas, Siderurgia y aluminio",455,"Laminados largos (con tubo)","Producción","miles de tn","Cámara Argentina del Acero","Mensual","Nacional","PAIS","200","Argentina",2011-11-01,240.77
26,"Industrias Metálicas Básicas, Siderurgia y aluminio",455,"Laminados largos (con tubo)","Producción","miles de tn","Cámara Argentina del Acero","Mensual","Nacional","PAIS","200","Argentina",2011-12-01,200.173
26,"Industrias Metálicas Básicas, Siderurgia y aluminio",455,"Laminados largos (con tubo)","Producción","miles de tn","Cámara Argentina del Acero","Mensual","Nacional","PAIS","200","Argentina",2012-01-01,153.089
26,"Industrias Metálicas Básicas, Siderurgia y aluminio",455,"Laminados largos (con tubo)","Producción","miles de tn","Cámara Argentina del Acero","Mensual","Nacional","PAIS","200","Argentina",2012-02-01,184.174
26,"Industrias Metálicas Básicas, Siderurgia y aluminio",455,"Laminados largos (con tubo)","Producción","miles de tn","Cámara Argentina del Acero","Mensual","Nacional","PAIS","200","Argentina",2012-03-01,243.061
26,"Industrias Metálicas Básicas, Siderurgia y aluminio",455,"Laminados largos (con tubo)","Producción","miles de tn","Cámara Argentina del Acero","Mensual","Nacional","PAIS","200","Argentina",2012-04-01,231.825
26,"Industrias Metálicas Básicas, Siderurgia y aluminio",455,"Laminados largos (con tubo)","Producción","miles de tn","Cámara Argentina del Acero","Mensual","Nacional","PAIS","200","Argentina",2012-05-01,224.82
26,"Industrias Metálicas Básicas, Siderurgia y aluminio",455,"Laminados largos (con tubo)","Producción","miles de tn","Cámara Argentina del Acero","Mensual","Nacional","PAIS","200","Argentina",2012-06-01,223.667
26,"Industrias Metálicas Básicas, Siderurgia y aluminio",455,"Laminados largos (con tubo)","Producción","miles de tn","Cámara Argentina del Acero","Mensual","Nacional","PAIS","200","Argentina",2012-07-01,255.473
26,"Industrias Metálicas Básicas, Siderurgia y aluminio",455,"Laminados largos (con tubo)","Producción","miles de tn","Cámara Argentina del Acero","Mensual","Nacional","PAIS","200","Argentina",2012-08-01,231.094
26,"Industrias Metálicas Básicas, Siderurgia y aluminio",455,"Laminados largos (con tubo)","Producción","miles de tn","Cámara Argentina del Acero","Mensual","Nacional","PAIS","200","Argentina",2012-09-01,208.31
26,"Industrias Metálicas Básicas, Siderurgia y aluminio",455,"Laminados largos (con tubo)","Producción","miles de tn","Cámara Argentina del Acero","Mensual","Nacional","PAIS","200","Argentina",2012-10-01,218.015
26,"Industrias Metálicas Básicas, Siderurgia y aluminio",455,"Laminados largos (con tubo)","Producción","miles de tn","Cámara Argentina del Acero","Mensual","Nacional","PAIS","200","Argentina",2012-11-01,218.196
26,"Industrias Metálicas Básicas, Siderurgia y aluminio",455,"Laminados largos (con tubo)","Producción","miles de tn","Cámara Argentina del Acero","Mensual","Nacional","PAIS","200","Argentina",2012-12-01,212.216
26,"Industrias Metálicas Básicas, Siderurgia y aluminio",455,"Laminados largos (con tubo)","Producción","miles de tn","Cámara Argentina del Acero","Mensual","Nacional","PAIS","200","Argentina",2013-01-01,168.198
26,"Industrias Metálicas Básicas, Siderurgia y aluminio",455,"Laminados largos (con tubo)","Producción","miles de tn","Cámara Argentina del Acero","Mensual","Nacional","PAIS","200","Argentina",2013-02-01,154.833
26,"Industrias Metálicas Básicas, Siderurgia y aluminio",455,"Laminados largos (con tubo)","Producción","miles de tn","Cámara Argentina del Acero","Mensual","Nacional","PAIS","200","Argentina",2013-03-01,215.516
26,"Industrias Metálicas Básicas, Siderurgia y aluminio",455,"Laminados largos (con tubo)","Producción","miles de tn","Cámara Argentina del Acero","Mensual","Nacional","PAIS","200","Argentina",2013-04-01,215.173
26,"Industrias Metálicas Básicas, Siderurgia y aluminio",455,"Laminados largos (con tubo)","Producción","miles de tn","Cámara Argentina del Acero","Mensual","Nacional","PAIS","200","Argentina",2013-05-01,219.146
26,"Industrias Metálicas Básicas, Siderurgia y aluminio",455,"Laminados largos (con tubo)","Producción","miles de tn","Cámara Argentina del Acero","Mensual","Nacional","PAIS","200","Argentina",2013-06-01,213
26,"Industrias Metálicas Básicas, Siderurgia y aluminio",455,"Laminados largos (con tubo)","Producción","miles de tn","Cámara Argentina del Acero","Mensual","Nacional","PAIS","200","Argentina",2013-07-01,229.702
26,"Industrias Metálicas Básicas, Siderurgia y aluminio",455,"Laminados largos (con tubo)","Producción","miles de tn","Cámara Argentina del Acero","Mensual","Nacional","PAIS","200","Argentina",2013-08-01,212.811
26,"Industrias Metálicas Básicas, Siderurgia y aluminio",455,"Laminados largos (con tubo)","Producción","miles de tn","Cámara Argentina del Acero","Mensual","Nacional","PAIS","200","Argentina",2013-09-01,225.5
26,"Industrias Metálicas Básicas, Siderurgia y aluminio",455,"Laminados largos (con tubo)","Producción","miles de tn","Cámara Argentina del Acero","Mensual","Nacional","PAIS","200","Argentina",2013-10-01,246.827
26,"Industrias Metálicas Básicas, Siderurgia y aluminio",455,"Laminados largos (con tubo)","Producción","miles de tn","Cámara Argentina del Acero","Mensual","Nacional","PAIS","200","Argentina",2013-11-01,234.291
26,"Industrias Metálicas Básicas, Siderurgia y aluminio",455,"Laminados largos (con tubo)","Producción","miles de tn","Cámara Argentina del Acero","Mensual","Nacional","PAIS","200","Argentina",2013-12-01,197.515
26,"Industrias Metálicas Básicas, Siderurgia y aluminio",455,"Laminados largos (con tubo)","Producción","miles de tn","Cámara Argentina del Acero","Mensual","Nacional","PAIS","200","Argentina",2014-01-01,165.698
26,"Industrias Metálicas Básicas, Siderurgia y aluminio",455,"Laminados largos (con tubo)","Producción","miles de tn","Cámara Argentina del Acero","Mensual","Nacional","PAIS","200","Argentina",2014-02-01,163.239
26,"Industrias Metálicas Básicas, Siderurgia y aluminio",455,"Laminados largos (con tubo)","Producción","miles de tn","Cámara Argentina del Acero","Mensual","Nacional","PAIS","200","Argentina",2014-03-01,233.362
26,"Industrias Metálicas Básicas, Siderurgia y aluminio",455,"Laminados largos (con tubo)","Producción","miles de tn","Cámara Argentina del Acero","Mensual","Nacional","PAIS","200","Argentina",2014-04-01,227.875
26,"Industrias Metálicas Básicas, Siderurgia y aluminio",455,"Laminados largos (con tubo)","Producción","miles de tn","Cámara Argentina del Acero","Mensual","Nacional","PAIS","200","Argentina",2014-05-01,222.133
26,"Industrias Metálicas Básicas, Siderurgia y aluminio",455,"Laminados largos (con tubo)","Producción","miles de tn","Cámara Argentina del Acero","Mensual","Nacional","PAIS","200","Argentina",2014-06-01,223.544
26,"Industrias Metálicas Básicas, Siderurgia y aluminio",455,"Laminados largos (con tubo)","Producción","miles de tn","Cámara Argentina del Acero","Mensual","Nacional","PAIS","200","Argentina",2014-07-01,189.749
26,"Industrias Metálicas Básicas, Siderurgia y aluminio",455,"Laminados largos (con tubo)","Producción","miles de tn","Cámara Argentina del Acero","Mensual","Nacional","PAIS","200","Argentina",2014-08-01,207.268
26,"Industrias Metálicas Básicas, Siderurgia y aluminio",455,"Laminados largos (con tubo)","Producción","miles de tn","Cámara Argentina del Acero","Mensual","Nacional","PAIS","200","Argentina",2014-09-01,212.269
26,"Industrias Metálicas Básicas, Siderurgia y aluminio",455,"Laminados largos (con tubo)","Producción","miles de tn","Cámara Argentina del Acero","Mensual","Nacional","PAIS","200","Argentina",2014-10-01,216.167
26,"Industrias Metálicas Básicas, Siderurgia y aluminio",455,"Laminados largos (con tubo)","Producción","miles de tn","Cámara Argentina del Acero","Mensual","Nacional","PAIS","200","Argentina",2014-11-01,217.308
26,"Industrias Metálicas Básicas, Siderurgia y aluminio",455,"Laminados largos (con tubo)","Producción","miles de tn","Cámara Argentina del Acero","Mensual","Nacional","PAIS","200","Argentina",2014-12-01,196.754
26,"Industrias Metálicas Básicas, Siderurgia y aluminio",455,"Laminados largos (con tubo)","Producción","miles de tn","Cámara Argentina del Acero","Mensual","Nacional","PAIS","200","Argentina",2015-01-01,152.581
26,"Industrias Metálicas Básicas, Siderurgia y aluminio",455,"Laminados largos (con tubo)","Producción","miles de tn","Cámara Argentina del Acero","Mensual","Nacional","PAIS","200","Argentina",2015-02-01,138.255
26,"Industrias Metálicas Básicas, Siderurgia y aluminio",455,"Laminados largos (con tubo)","Producción","miles de tn","Cámara Argentina del Acero","Mensual","Nacional","PAIS","200","Argentina",2015-03-01,187.902
26,"Industrias Metálicas Básicas, Siderurgia y aluminio",455,"Laminados largos (con tubo)","Producción","miles de tn","Cámara Argentina del Acero","Mensual","Nacional","PAIS","200","Argentina",2015-04-01,167.255
26,"Industrias Metálicas Básicas, Siderurgia y aluminio",455,"Laminados largos (con tubo)","Producción","miles de tn","Cámara Argentina del Acero","Mensual","Nacional","PAIS","200","Argentina",2015-05-01,160.656
26,"Industrias Metálicas Básicas, Siderurgia y aluminio",455,"Laminados largos (con tubo)","Producción","miles de tn","Cámara Argentina del Acero","Mensual","Nacional","PAIS","200","Argentina",2015-06-01,163.042
26,"Industrias Metálicas Básicas, Siderurgia y aluminio",455,"Laminados largos (con tubo)","Producción","miles de tn","Cámara Argentina del Acero","Mensual","Nacional","PAIS","200","Argentina",2015-07-01,166.177
26,"Industrias Metálicas Básicas, Siderurgia y aluminio",455,"Laminados largos (con tubo)","Producción","miles de tn","Cámara Argentina del Acero","Mensual","Nacional","PAIS","200","Argentina",2015-08-01,180.253
26,"Industrias Metálicas Básicas, Siderurgia y aluminio",455,"Laminados largos (con tubo)","Producción","miles de tn","Cámara Argentina del Acero","Mensual","Nacional","PAIS","200","Argentina",2015-09-01,183.753
26,"Industrias Metálicas Básicas, Siderurgia y aluminio",455,"Laminados largos (con tubo)","Producción","miles de tn","Cámara Argentina del Acero","Mensual","Nacional","PAIS","200","Argentina",2015-10-01,187.621
26,"Industrias Metálicas Básicas, Siderurgia y aluminio",455,"Laminados largos (con tubo)","Producción","miles de tn","Cámara Argentina del Acero","Mensual","Nacional","PAIS","200","Argentina",2015-11-01,170.865
26,"Industrias Metálicas Básicas, Siderurgia y aluminio",455,"Laminados largos (con tubo)","Producción","miles de tn","Cámara Argentina del Acero","Mensual","Nacional","PAIS","200","Argentina",2015-12-01,157.387
26,"Industrias Metálicas Básicas, Siderurgia y aluminio",455,"Laminados largos (con tubo)","Producción","miles de tn","Cámara Argentina del Acero","Mensual","Nacional","PAIS","200","Argentina",2016-01-01,119.468
26,"Industrias Metálicas Básicas, Siderurgia y aluminio",455,"Laminados largos (con tubo)","Producción","miles de tn","Cámara Argentina del Acero","Mensual","Nacional","PAIS","200","Argentina",2016-02-01,127.861
26,"Industrias Metálicas Básicas, Siderurgia y aluminio",455,"Laminados largos (con tubo)","Producción","miles de tn","Cámara Argentina del Acero","Mensual","Nacional","PAIS","200","Argentina",2016-03-01,145.192
26,"Industrias Metálicas Básicas, Siderurgia y aluminio",455,"Laminados largos (con tubo)","Producción","miles de tn","Cámara Argentina del Acero","Mensual","Nacional","PAIS","200","Argentina",2016-04-01,148.09
26,"Industrias Metálicas Básicas, Siderurgia y aluminio",455,"Laminados largos (con tubo)","Producción","miles de tn","Cámara Argentina del Acero","Mensual","Nacional","PAIS","200","Argentina",2016-05-01,160.871
26,"Industrias Metálicas Básicas, Siderurgia y aluminio",455,"Laminados largos (con tubo)","Producción","miles de tn","Cámara Argentina del Acero","Mensual","Nacional","PAIS","200","Argentina",2016-06-01,139.85
26,"Industrias Metálicas Básicas, Siderurgia y aluminio",455,"Laminados largos (con tubo)","Producción","miles de tn","Cámara Argentina del Acero","Mensual","Nacional","PAIS","200","Argentina",2016-07-01,138.977
26,"Industrias Metálicas Básicas, Siderurgia y aluminio",455,"Laminados largos (con tubo)","Producción","miles de tn","Cámara Argentina del Acero","Mensual","Nacional","PAIS","200","Argentina",2016-08-01,146.315
26,"Industrias Metálicas Básicas, Siderurgia y aluminio",455,"Laminados largos (con tubo)","Producción","miles de tn","Cámara Argentina del Acero","Mensual","Nacional","PAIS","200","Argentina",2016-09-01,138.221
26,"Industrias Metálicas Básicas, Siderurgia y aluminio",455,"Laminados largos (con tubo)","Producción","miles de tn","Cámara Argentina del Acero","Mensual","Nacional","PAIS","200","Argentina",2016-10-01,153.413
26,"Industrias Metálicas Básicas, Siderurgia y aluminio",455,"Laminados largos (con tubo)","Producción","miles de tn","Cámara Argentina del Acero","Mensual","Nacional","PAIS","200","Argentina",2016-11-01,166.289
26,"Industrias Metálicas Básicas, Siderurgia y aluminio",455,"Laminados largos (con tubo)","Producción","miles de tn","Cámara Argentina del Acero","Mensual","Nacional","PAIS","200","Argentina",2016-12-01,124.778
26,"Industrias Metálicas Básicas, Siderurgia y aluminio",455,"Laminados largos (con tubo)","Producción","miles de tn","Cámara Argentina del Acero","Mensual","Nacional","PAIS","200","Argentina",2017-01-01,127.3
26,"Industrias Metálicas Básicas, Siderurgia y aluminio",455,"Laminados largos (con tubo)","Producción","miles de tn","Cámara Argentina del Acero","Mensual","Nacional","PAIS","200","Argentina",2017-02-01,123.413
26,"Industrias Metálicas Básicas, Siderurgia y aluminio",455,"Laminados largos (con tubo)","Producción","miles de tn","Cámara Argentina del Acero","Mensual","Nacional","PAIS","200","Argentina",2017-03-01,179.059
26,"Industrias Metálicas Básicas, Siderurgia y aluminio",455,"Laminados largos (con tubo)","Producción","miles de tn","Cámara Argentina del Acero","Mensual","Nacional","PAIS","200","Argentina",2017-04-01,185.009
26,"Industrias Metálicas Básicas, Siderurgia y aluminio",455,"Laminados largos (con tubo)","Producción","miles de tn","Cámara Argentina del Acero","Mensual","Nacional","PAIS","200","Argentina",2017-05-01,196.132
26,"Industrias Metálicas Básicas, Siderurgia y aluminio",455,"Laminados largos (con tubo)","Producción","miles de tn","Cámara Argentina del Acero","Mensual","Nacional","PAIS","200","Argentina",2017-06-01,183.65
26,"Industrias Metálicas Básicas, Siderurgia y aluminio",455,"Laminados largos (con tubo)","Producción","miles de tn","Cámara Argentina del Acero","Mensual","Nacional","PAIS","200","Argentina",2017-07-01,195.46
26,"Industrias Metálicas Básicas, Siderurgia y aluminio",455,"Laminados largos (con tubo)","Producción","miles de tn","Cámara Argentina del Acero","Mensual","Nacional","PAIS","200","Argentina",2017-08-01,198.7
26,"Industrias Metálicas Básicas, Siderurgia y aluminio",455,"Laminados largos (con tubo)","Producción","miles de tn","Cámara Argentina del Acero","Mensual","Nacional","PAIS","200","Argentina",2017-09-01,201.502
26,"Industrias Metálicas Básicas, Siderurgia y aluminio",455,"Laminados largos (con tubo)","Producción","miles de tn","Cámara Argentina del Acero","Mensual","Nacional","PAIS","200","Argentina",2017-10-01,217.421
26,"Industrias Metálicas Básicas, Siderurgia y aluminio",455,"Laminados largos (con tubo)","Producción","miles de tn","Cámara Argentina del Acero","Mensual","Nacional","PAIS","200","Argentina",2017-11-01,218.8
26,"Industrias Metálicas Básicas, Siderurgia y aluminio",455,"Laminados largos (con tubo)","Producción","miles de tn","Cámara Argentina del Acero","Mensual","Nacional","PAIS","200","Argentina",2017-12-01,188.8
26,"Industrias Metálicas Básicas, Siderurgia y aluminio",455,"Laminados largos (con tubo)","Producción","miles de tn","Cámara Argentina del Acero","Mensual","Nacional","PAIS","200","Argentina",2018-01-01,144.5
26,"Industrias Metálicas Básicas, Siderurgia y aluminio",455,"Laminados largos (con tubo)","Producción","miles de tn","Cámara Argentina del Acero","Mensual","Nacional","PAIS","200","Argentina",2018-02-01,203.3
26,"Industrias Metálicas Básicas, Siderurgia y aluminio",455,"Laminados largos (con tubo)","Producción","miles de tn","Cámara Argentina del Acero","Mensual","Nacional","PAIS","200","Argentina",2018-03-01,257.5
26,"Industrias Metálicas Básicas, Siderurgia y aluminio",455,"Laminados largos (con tubo)","Producción","miles de tn","Cámara Argentina del Acero","Mensual","Nacional","PAIS","200","Argentina",2018-04-01,237.4
26,"Industrias Metálicas Básicas, Siderurgia y aluminio",455,"Laminados largos (con tubo)","Producción","miles de tn","Cámara Argentina del Acero","Mensual","Nacional","PAIS","200","Argentina",2018-05-01,216.3
26,"Industrias Metálicas Básicas, Siderurgia y aluminio",455,"Laminados largos (con tubo)","Producción","miles de tn","Cámara Argentina del Acero","Mensual","Nacional","PAIS","200","Argentina",2018-06-01,214.3
26,"Industrias Metálicas Básicas, Siderurgia y aluminio",455,"Laminados largos (con tubo)","Producción","miles de tn","Cámara Argentina del Acero","Mensual","Nacional","PAIS","200","Argentina",2018-07-01,217
26,"Industrias Metálicas Básicas, Siderurgia y aluminio",455,"Laminados largos (con tubo)","Producción","miles de tn","Cámara Argentina del Acero","Mensual","Nacional","PAIS","200","Argentina",2018-08-01,231.5
26,"Industrias Metálicas Básicas, Siderurgia y aluminio",455,"Laminados largos (con tubo)","Producción","miles de tn","Cámara Argentina del Acero","Mensual","Nacional","PAIS","200","Argentina",2018-09-01,204.6
26,"Industrias Metálicas Básicas, Siderurgia y aluminio",455,"Laminados largos (con tubo)","Producción","miles de tn","Cámara Argentina del Acero","Mensual","Nacional","PAIS","200","Argentina",2018-10-01,207.7
26,"Industrias Metálicas Básicas, Siderurgia y aluminio",455,"Laminados largos (con tubo)","Producción","miles de tn","Cámara Argentina del Acero","Mensual","Nacional","PAIS","200","Argentina",2018-11-01,222.1
26,"Industrias Metálicas Básicas, Siderurgia y aluminio",455,"Laminados largos (con tubo)","Producción","miles de tn","Cámara Argentina del Acero","Mensual","Nacional","PAIS","200","Argentina",2018-12-01,136.3
26,"Industrias Metálicas Básicas, Siderurgia y aluminio",455,"Laminados largos (con tubo)","Producción","miles de tn","Cámara Argentina del Acero","Mensual","Nacional","PAIS","200","Argentina",2019-01-01,141.7
26,"Industrias Metálicas Básicas, Siderurgia y aluminio",455,"Laminados largos (con tubo)","Producción","miles de tn","Cámara Argentina del Acero","Mensual","Nacional","PAIS","200","Argentina",2019-02-01,154.3
26,"Industrias Metálicas Básicas, Siderurgia y aluminio",455,"Laminados largos (con tubo)","Producción","miles de tn","Cámara Argentina del Acero","Mensual","Nacional","PAIS","200","Argentina",2019-03-01,174.1
26,"Industrias Metálicas Básicas, Siderurgia y aluminio",455,"Laminados largos (con tubo)","Producción","miles de tn","Cámara Argentina del Acero","Mensual","Nacional","PAIS","200","Argentina",2019-04-01,211.9
26,"Industrias Metálicas Básicas, Siderurgia y aluminio",455,"Laminados largos (con tubo)","Producción","miles de tn","Cámara Argentina del Acero","Mensual","Nacional","PAIS","200","Argentina",2019-05-01,219.8
26,"Industrias Metálicas Básicas, Siderurgia y aluminio",455,"Laminados largos (con tubo)","Producción","miles de tn","Cámara Argentina del Acero","Mensual","Nacional","PAIS","200","Argentina",2019-06-01,196.9
26,"Industrias Metálicas Básicas, Siderurgia y aluminio",455,"Laminados largos (con tubo)","Producción","miles de tn","Cámara Argentina del Acero","Mensual","Nacional","PAIS","200","Argentina",2019-07-01,187.1
26,"Industrias Metálicas Básicas, Siderurgia y aluminio",455,"Laminados largos (con tubo)","Producción","miles de tn","Cámara Argentina del Acero","Mensual","Nacional","PAIS","200","Argentina",2019-08-01,224.5
26,"Industrias Metálicas Básicas, Siderurgia y aluminio",455,"Laminados largos (con tubo)","Producción","miles de tn","Cámara Argentina del Acero","Mensual","Nacional","PAIS","200","Argentina",2019-09-01,199.3
26,"Industrias Metálicas Básicas, Siderurgia y aluminio",455,"Laminados largos (con tubo)","Producción","miles de tn","Cámara Argentina del Acero","Mensual","Nacional","PAIS","200","Argentina",2019-10-01,216.9
26,"Industrias Metálicas Básicas, Siderurgia y aluminio",455,"Laminados largos (con tubo)","Producción","miles de tn","Cámara Argentina del Acero","Mensual","Nacional","PAIS","200","Argentina",2019-11-01,174.5
26,"Industrias Metálicas Básicas, Siderurgia y aluminio",455,"Laminados largos (con tubo)","Producción","miles de tn","Cámara Argentina del Acero","Mensual","Nacional","PAIS","200","Argentina",2019-12-01,131.1
26,"Industrias Metálicas Básicas, Siderurgia y aluminio",455,"Laminados largos (con tubo)","Producción","miles de tn","Cámara Argentina del Acero","Mensual","Nacional","PAIS","200","Argentina",2020-01-01,107.9
26,"Industrias Metálicas Básicas, Siderurgia y aluminio",455,"Laminados largos (con tubo)","Producción","miles de tn","Cámara Argentina del Acero","Mensual","Nacional","PAIS","200","Argentina",2020-02-01,134.2
26,"Industrias Metálicas Básicas, Siderurgia y aluminio",455,"Laminados largos (con tubo)","Producción","miles de tn","Cámara Argentina del Acero","Mensual","Nacional","PAIS","200","Argentina",2020-03-01,112.6
26,"Industrias Metálicas Básicas, Siderurgia y aluminio",455,"Laminados largos (con tubo)","Producción","miles de tn","Cámara Argentina del Acero","Mensual","Nacional","PAIS","200","Argentina",2020-04-01,19.4
26,"Industrias Metálicas Básicas, Siderurgia y aluminio",455,"Laminados largos (con tubo)","Producción","miles de tn","Cámara Argentina del Acero","Mensual","Nacional","PAIS","200","Argentina",2020-05-01,107.4
26,"Industrias Metálicas Básicas, Siderurgia y aluminio",455,"Laminados largos (con tubo)","Producción","miles de tn","Cámara Argentina del Acero","Mensual","Nacional","PAIS","200","Argentina",2020-06-01,131.2
26,"Industrias Metálicas Básicas, Siderurgia y aluminio",455,"Laminados largos (con tubo)","Producción","miles de tn","Cámara Argentina del Acero","Mensual","Nacional","PAIS","200","Argentina",2020-07-01,130.3
26,"Industrias Metálicas Básicas, Siderurgia y aluminio",455,"Laminados largos (con tubo)","Producción","miles de tn","Cámara Argentina del Acero","Mensual","Nacional","PAIS","200","Argentina",2020-08-01,131.4
26,"Industrias Metálicas Básicas, Siderurgia y aluminio",455,"Laminados largos (con tubo)","Producción","miles de tn","Cámara Argentina del Acero","Mensual","Nacional","PAIS","200","Argentina",2020-09-01,122.5
26,"Industrias Metálicas Básicas, Siderurgia y aluminio",455,"Laminados largos (con tubo)","Producción","miles de tn","Cámara Argentina del Acero","Mensual","Nacional","PAIS","200","Argentina",2020-10-01,160
26,"Industrias Metálicas Básicas, Siderurgia y aluminio",455,"Laminados largos (con tubo)","Producción","miles de tn","Cámara Argentina del Acero","Mensual","Nacional","PAIS","200","Argentina",2020-11-01,157.6
26,"Industrias Metálicas Básicas, Siderurgia y aluminio",455,"Laminados largos (con tubo)","Producción","miles de tn","Cámara Argentina del Acero","Mensual","Nacional","PAIS","200","Argentina",2020-12-01,180.2
26,"Industrias Metálicas Básicas, Siderurgia y aluminio",455,"Laminados largos (con tubo)","Producción","miles de tn","Cámara Argentina del Acero","Mensual","Nacional","PAIS","200","Argentina",2021-01-01,176.8
26,"Industrias Metálicas Básicas, Siderurgia y aluminio",455,"Laminados largos (con tubo)","Producción","miles de tn","Cámara Argentina del Acero","Mensual","Nacional","PAIS","200","Argentina",2021-02-01,134.1
26,"Industrias Metálicas Básicas, Siderurgia y aluminio",455,"Laminados largos (con tubo)","Producción","miles de tn","Cámara Argentina del Acero","Mensual","Nacional","PAIS","200","Argentina",2021-03-01,151
26,"Industrias Metálicas Básicas, Siderurgia y aluminio",455,"Laminados largos (con tubo)","Producción","miles de tn","Cámara Argentina del Acero","Mensual","Nacional","PAIS","200","Argentina",2021-04-01,176.6
26,"Industrias Metálicas Básicas, Siderurgia y aluminio",455,"Laminados largos (con tubo)","Producción","miles de tn","Cámara Argentina del Acero","Mensual","Nacional","PAIS","200","Argentina",2021-05-01,178.8
26,"Industrias Metálicas Básicas, Siderurgia y aluminio",455,"Laminados largos (con tubo)","Producción","miles de tn","Cámara Argentina del Acero","Mensual","Nacional","PAIS","200","Argentina",2021-06-01,190.6
26,"Industrias Metálicas Básicas, Siderurgia y aluminio",455,"Laminados largos (con tubo)","Producción","miles de tn","Cámara Argentina del Acero","Mensual","Nacional","PAIS","200","Argentina",2021-07-01,198.7
26,"Industrias Metálicas Básicas, Siderurgia y aluminio",455,"Laminados largos (con tubo)","Producción","miles de tn","Cámara Argentina del Acero","Mensual","Nacional","PAIS","200","Argentina",2021-08-01,203.4
26,"Industrias Metálicas Básicas, Siderurgia y aluminio",455,"Laminados largos (con tubo)","Producción","miles de tn","Cámara Argentina del Acero","Mensual","Nacional","PAIS","200","Argentina",2021-09-01,217.4
26,"Industrias Metálicas Básicas, Siderurgia y aluminio",455,"Laminados largos (con tubo)","Producción","miles de tn","Cámara Argentina del Acero","Mensual","Nacional","PAIS","200","Argentina",2021-10-01,216.2
26,"Industrias Metálicas Básicas, Siderurgia y aluminio",455,"Laminados largos (con tubo)","Producción","miles de tn","Cámara Argentina del Acero","Mensual","Nacional","PAIS","200","Argentina",2021-11-01,213.8
26,"Industrias Metálicas Básicas, Siderurgia y aluminio",455,"Laminados largos (con tubo)","Producción","miles de tn","Cámara Argentina del Acero","Mensual","Nacional","PAIS","200","Argentina",2021-12-01,196.7
26,"Industrias Metálicas Básicas, Siderurgia y aluminio",455,"Laminados largos (con tubo)","Producción","miles de tn","Cámara Argentina del Acero","Mensual","Nacional","PAIS","200","Argentina",2022-01-01,157.1
26,"Industrias Metálicas Básicas, Siderurgia y aluminio",455,"Laminados largos (con tubo)","Producción","miles de tn","Cámara Argentina del Acero","Mensual","Nacional","PAIS","200","Argentina",2022-02-01,163.7
26,"Industrias Metálicas Básicas, Siderurgia y aluminio",455,"Laminados largos (con tubo)","Producción","miles de tn","Cámara Argentina del Acero","Mensual","Nacional","PAIS","200","Argentina",2022-03-01,196.4
26,"Industrias Metálicas Básicas, Siderurgia y aluminio",455,"Laminados largos (con tubo)","Producción","miles de tn","Cámara Argentina del Acero","Mensual","Nacional","PAIS","200","Argentina",2022-04-01,176.3
26,"Industrias Metálicas Básicas, Siderurgia y aluminio",455,"Laminados largos (con tubo)","Producción","miles de tn","Cámara Argentina del Acero","Mensual","Nacional","PAIS","200","Argentina",2022-05-01,192
26,"Industrias Metálicas Básicas, Siderurgia y aluminio",455,"Laminados largos (con tubo)","Producción","miles de tn","Cámara Argentina del Acero","Mensual","Nacional","PAIS","200","Argentina",2022-06-01,217.7
26,"Industrias Metálicas Básicas, Siderurgia y aluminio",455,"Laminados largos (con tubo)","Producción","miles de tn","Cámara Argentina del Acero","Mensual","Nacional","PAIS","200","Argentina",2022-07-01,234.5
26,"Industrias Metálicas Básicas, Siderurgia y aluminio",455,"Laminados largos (con tubo)","Producción","miles de tn","Cámara Argentina del Acero","Mensual","Nacional","PAIS","200","Argentina",2022-08-01,223.1
26,"Industrias Metálicas Básicas, Siderurgia y aluminio",455,"Laminados largos (con tubo)","Producción","miles de tn","Cámara Argentina del Acero","Mensual","Nacional","PAIS","200","Argentina",2022-09-01,203.9
26,"Industrias Metálicas Básicas, Siderurgia y aluminio",455,"Laminados largos (con tubo)","Producción","miles de tn","Cámara Argentina del Acero","Mensual","Nacional","PAIS","200","Argentina",2022-10-01,205.3
26,"Industrias Metálicas Básicas, Siderurgia y aluminio",455,"Laminados largos (con tubo)","Producción","miles de tn","Cámara Argentina del Acero","Mensual","Nacional","PAIS","200","Argentina",2022-11-01,215
26,"Industrias Metálicas Básicas, Siderurgia y aluminio",455,"Laminados largos (con tubo)","Producción","miles de tn","Cámara Argentina del Acero","Mensual","Nacional","PAIS","200","Argentina",2022-12-01,196.4
26,"Industrias Metálicas Básicas, Siderurgia y aluminio",455,"Laminados largos (con tubo)","Producción","miles de tn","Cámara Argentina del Acero","Mensual","Nacional","PAIS","200","Argentina",2023-01-01,193.5
26,"Industrias Metálicas Básicas, Siderurgia y aluminio",455,"Laminados largos (con tubo)","Producción","miles de tn","Cámara Argentina del Acero","Mensual","Nacional","PAIS","200","Argentina",2023-02-01,167.5
26,"Industrias Metálicas Básicas, Siderurgia y aluminio",455,"Laminados largos (con tubo)","Producción","miles de tn","Cámara Argentina del Acero","Mensual","Nacional","PAIS","200","Argentina",2023-03-01,200.6
26,"Industrias Metálicas Básicas, Siderurgia y aluminio",455,"Laminados largos (con tubo)","Producción","miles de tn","Cámara Argentina del Acero","Mensual","Nacional","PAIS","200","Argentina",2023-04-01,185.1
26,"Industrias Metálicas Básicas, Siderurgia y aluminio",455,"Laminados largos (con tubo)","Producción","miles de tn","Cámara Argentina del Acero","Mensual","Nacional","PAIS","200","Argentina",2023-05-01,235.6
26,"Industrias Metálicas Básicas, Siderurgia y aluminio",455,"Laminados largos (con tubo)","Producción","miles de tn","Cámara Argentina del Acero","Mensual","Nacional","PAIS","200","Argentina",2023-06-01,217.5
26,"Industrias Metálicas Básicas, Siderurgia y aluminio",455,"Laminados largos (con tubo)","Producción","miles de tn","Cámara Argentina del Acero","Mensual","Nacional","PAIS","200","Argentina",2023-07-01,165.7
26,"Industrias Metálicas Básicas, Siderurgia y aluminio",455,"Laminados largos (con tubo)","Producción","miles de tn","Cámara Argentina del Acero","Mensual","Nacional","PAIS","200","Argentina",2023-08-01,188.3
26,"Industrias Metálicas Básicas, Siderurgia y aluminio",455,"Laminados largos (con tubo)","Producción","miles de tn","Cámara Argentina del Acero","Mensual","Nacional","PAIS","200","Argentina",2023-09-01,192.7
26,"Industrias Metálicas Básicas, Siderurgia y aluminio",455,"Laminados largos (con tubo)","Producción","miles de tn","Cámara Argentina del Acero","Mensual","Nacional","PAIS","200","Argentina",2023-10-01,196.5
26,"Industrias Metálicas Básicas, Siderurgia y aluminio",455,"Laminados largos (con tubo)","Producción","miles de tn","Cámara Argentina del Acero","Mensual","Nacional","PAIS","200","Argentina",2023-11-01,201.6
26,"Industrias Metálicas Básicas, Siderurgia y aluminio",455,"Laminados largos (con tubo)","Producción","miles de tn","Cámara Argentina del Acero","Mensual","Nacional","PAIS","200","Argentina",2023-12-01,143.2
26,"Industrias Metálicas Básicas, Siderurgia y aluminio",455,"Laminados largos (con tubo)","Producción","miles de tn","Cámara Argentina del Acero","Mensual","Nacional","PAIS","200","Argentina",2024-01-01,155.5
26,"Industrias Metálicas Básicas, Siderurgia y aluminio",455,"Laminados largos (con tubo)","Producción","miles de tn","Cámara Argentina del Acero","Mensual","Nacional","PAIS","200","Argentina",2024-02-01,119.5
26,"Industrias Metálicas Básicas, Siderurgia y aluminio",455,"Laminados largos (con tubo)","Producción","miles de tn","Cámara Argentina del Acero","Mensual","Nacional","PAIS","200","Argentina",2024-03-01,87.3
26,"Industrias Metálicas Básicas, Siderurgia y aluminio",455,"Laminados largos (con tubo)","Producción","miles de tn","Cámara Argentina del Acero","Mensual","Nacional","PAIS","200","Argentina",2024-04-01,114.2
26,"Industrias Metálicas Básicas, Siderurgia y aluminio",455,"Laminados largos (con tubo)","Producción","miles de tn","Cámara Argentina del Acero","Mensual","Nacional","PAIS","200","Argentina",2024-05-01,123.2
26,"Industrias Metálicas Básicas, Siderurgia y aluminio",455,"Laminados largos (con tubo)","Producción","miles de tn","Cámara Argentina del Acero","Mensual","Nacional","PAIS","200","Argentina",2024-06-01,106.5
26,"Industrias Metálicas Básicas, Siderurgia y aluminio",455,"Laminados largos (con tubo)","Producción","miles de tn","Cámara Argentina del Acero","Mensual","Nacional","PAIS","200","Argentina",2024-07-01,116.6
26,"Industrias Metálicas Básicas, Siderurgia y aluminio",455,"Laminados largos (con tubo)","Producción","miles de tn","Cámara Argentina del Acero","Mensual","Nacional","PAIS","200","Argentina",2024-08-01,153
26,"Industrias Metálicas Básicas, Siderurgia y aluminio",455,"Laminados largos (con tubo)","Producción","miles de tn","Cámara Argentina del Acero","Mensual","Nacional","PAIS","200","Argentina",2024-09-01,141.4
26,"Industrias Metálicas Básicas, Siderurgia y aluminio",455,"Laminados largos (con tubo)","Producción","miles de tn","Cámara Argentina del Acero","Mensual","Nacional","PAIS","200","Argentina",2024-10-01,151.5
26,"Industrias Metálicas Básicas, Siderurgia y aluminio",455,"Laminados largos (con tubo)","Producción","miles de tn","Cámara Argentina del Acero","Mensual","Nacional","PAIS","200","Argentina",2024-11-01,158.1
26,"Industrias Metálicas Básicas, Siderurgia y aluminio",455,"Laminados largos (con tubo)","Producción","miles de tn","Cámara Argentina del Acero","Mensual","Nacional","PAIS","200","Argentina",2024-12-01,83.1
26,"Industrias Metálicas Básicas, Siderurgia y aluminio",455,"Laminados largos (con tubo)","Producción","miles de tn","Cámara Argentina del Acero","Mensual","Nacional","PAIS","200","Argentina",2025-01-01,120.8
26,"Industrias Metálicas Básicas, Siderurgia y aluminio",455,"Laminados largos (con tubo)","Producción","miles de tn","Cámara Argentina del Acero","Mensual","Nacional","PAIS","200","Argentina",2025-02-01,114.8
26,"Industrias Metálicas Básicas, Siderurgia y aluminio",455,"Laminados largos (con tubo)","Producción","miles de tn","Cámara Argentina del Acero","Mensual","Nacional","PAIS","200","Argentina",2025-03-01,123.5
26,"Industrias Metálicas Básicas, Siderurgia y aluminio",455,"Laminados largos (con tubo)","Producción","miles de tn","Cámara Argentina del Acero","Mensual","Nacional","PAIS","200","Argentina",2025-04-01,140.2
26,"Industrias Metálicas Básicas, Siderurgia y aluminio",455,"Laminados largos (con tubo)","Producción","miles de tn","Cámara Argentina del Acero","Mensual","Nacional","PAIS","200","Argentina",2025-05-01,148.4
26,"Industrias Metálicas Básicas, Siderurgia y aluminio",455,"Laminados largos (con tubo)","Producción","miles de tn","Cámara Argentina del Acero","Mensual","Nacional","PAIS","200","Argentina",2025-06-01,98.6
26,"Industrias Metálicas Básicas, Siderurgia y aluminio",455,"Laminados largos (con tubo)","Producción","miles de tn","Cámara Argentina del Acero","Mensual","Nacional","PAIS","200","Argentina",2025-07-01,128.3
26,"Industrias Metálicas Básicas, Siderurgia y aluminio",455,"Laminados largos (con tubo)","Producción","miles de tn","Cámara Argentina del Acero","Mensual","Nacional","PAIS","200","Argentina",2025-08-01,123.8
26,"Industrias Metálicas Básicas, Siderurgia y aluminio",455,"Laminados largos (con tubo)","Producción","miles de tn","Cámara Argentina del Acero","Mensual","Nacional","PAIS","200","Argentina",2025-09-01,111.7
26,"Industrias Metálicas Básicas, Siderurgia y aluminio",455,"Laminados largos (con tubo)","Producción","miles de tn","Cámara Argentina del Acero","Mensual","Nacional","PAIS","200","Argentina",2025-10-01,118.5
26,"Industrias Metálicas Básicas, Siderurgia y aluminio",455,"Laminados largos (con tubo)","Producción","miles de tn","Cámara Argentina del Acero","Mensual","Nacional","PAIS","200","Argentina",2025-11-01,129.1
26,"Industrias Metálicas Básicas, Siderurgia y aluminio",455,"Laminados largos (con tubo)","Producción","miles de tn","Cámara Argentina del Acero","Mensual","Nacional","PAIS","200","Argentina",2025-12-01,98.3
26,"Industrias Metálicas Básicas, Siderurgia y aluminio",455,"Laminados largos (con tubo)","Producción","miles de tn","Cámara Argentina del Acero","Mensual","Nacional","PAIS","200","Argentina",2026-01-01,125.4
26,"Industrias Metálicas Básicas, Siderurgia y aluminio",455,"Laminados largos (con tubo)","Producción","miles de tn","Cámara Argentina del Acero","Mensual","Nacional","PAIS","200","Argentina",2026-02-01,88.6
26,"Industrias Metálicas Básicas, Siderurgia y aluminio",455,"Laminados largos (con tubo)","Producción","miles de tn","Cámara Argentina del Acero","Mensual","Nacional","PAIS","200","Argentina",2026-03-01,127.5
26,"Industrias Metálicas Básicas, Siderurgia y aluminio",455,"Laminados largos (con tubo)","Producción","miles de tn","Cámara Argentina del Acero","Mensual","Nacional","PAIS","200","Argentina",2026-04-01,126.1
26,"Industrias Metálicas Básicas, Siderurgia y aluminio",455,"Laminados largos (con tubo)","Producción","miles de tn","Cámara Argentina del Acero","Mensual","Nacional","PAIS","200","Argentina",2026-05-01,133.8
26,"Industrias Metálicas Básicas, Siderurgia y aluminio",455,"Laminados largos (con tubo)","Producción","miles de tn","Cámara Argentina del Acero","Mensual","Nacional","PAIS","200","Argentina",2026-06-01,129.3
26,"Industrias Metálicas Básicas, Siderurgia y aluminio",456,"Laminados planos","Producción","miles de tn","Cámara Argentina del Acero","Mensual","Nacional","PAIS","200","Argentina",1993-01-01,76.928
26,"Industrias Metálicas Básicas, Siderurgia y aluminio",456,"Laminados planos","Producción","miles de tn","Cámara Argentina del Acero","Mensual","Nacional","PAIS","200","Argentina",1993-02-01,84.71
26,"Industrias Metálicas Básicas, Siderurgia y aluminio",456,"Laminados planos","Producción","miles de tn","Cámara Argentina del Acero","Mensual","Nacional","PAIS","200","Argentina",1993-03-01,112.833
26,"Industrias Metálicas Básicas, Siderurgia y aluminio",456,"Laminados planos","Producción","miles de tn","Cámara Argentina del Acero","Mensual","Nacional","PAIS","200","Argentina",1993-04-01,115.368
26,"Industrias Metálicas Básicas, Siderurgia y aluminio",456,"Laminados planos","Producción","miles de tn","Cámara Argentina del Acero","Mensual","Nacional","PAIS","200","Argentina",1993-05-01,112.834
26,"Industrias Metálicas Básicas, Siderurgia y aluminio",456,"Laminados planos","Producción","miles de tn","Cámara Argentina del Acero","Mensual","Nacional","PAIS","200","Argentina",1993-06-01,79.082
26,"Industrias Metálicas Básicas, Siderurgia y aluminio",456,"Laminados planos","Producción","miles de tn","Cámara Argentina del Acero","Mensual","Nacional","PAIS","200","Argentina",1993-07-01,119.784
26,"Industrias Metálicas Básicas, Siderurgia y aluminio",456,"Laminados planos","Producción","miles de tn","Cámara Argentina del Acero","Mensual","Nacional","PAIS","200","Argentina",1993-08-01,111.859
26,"Industrias Metálicas Básicas, Siderurgia y aluminio",456,"Laminados planos","Producción","miles de tn","Cámara Argentina del Acero","Mensual","Nacional","PAIS","200","Argentina",1993-09-01,93.405
26,"Industrias Metálicas Básicas, Siderurgia y aluminio",456,"Laminados planos","Producción","miles de tn","Cámara Argentina del Acero","Mensual","Nacional","PAIS","200","Argentina",1993-10-01,128.685
26,"Industrias Metálicas Básicas, Siderurgia y aluminio",456,"Laminados planos","Producción","miles de tn","Cámara Argentina del Acero","Mensual","Nacional","PAIS","200","Argentina",1993-11-01,113.47
26,"Industrias Metálicas Básicas, Siderurgia y aluminio",456,"Laminados planos","Producción","miles de tn","Cámara Argentina del Acero","Mensual","Nacional","PAIS","200","Argentina",1993-12-01,131.288
26,"Industrias Metálicas Básicas, Siderurgia y aluminio",456,"Laminados planos","Producción","miles de tn","Cámara Argentina del Acero","Mensual","Nacional","PAIS","200","Argentina",1994-01-01,141.5
26,"Industrias Metálicas Básicas, Siderurgia y aluminio",456,"Laminados planos","Producción","miles de tn","Cámara Argentina del Acero","Mensual","Nacional","PAIS","200","Argentina",1994-02-01,60.2
26,"Industrias Metálicas Básicas, Siderurgia y aluminio",456,"Laminados planos","Producción","miles de tn","Cámara Argentina del Acero","Mensual","Nacional","PAIS","200","Argentina",1994-03-01,104.2
26,"Industrias Metálicas Básicas, Siderurgia y aluminio",456,"Laminados planos","Producción","miles de tn","Cámara Argentina del Acero","Mensual","Nacional","PAIS","200","Argentina",1994-04-01,141.7
26,"Industrias Metálicas Básicas, Siderurgia y aluminio",456,"Laminados planos","Producción","miles de tn","Cámara Argentina del Acero","Mensual","Nacional","PAIS","200","Argentina",1994-05-01,138
26,"Industrias Metálicas Básicas, Siderurgia y aluminio",456,"Laminados planos","Producción","miles de tn","Cámara Argentina del Acero","Mensual","Nacional","PAIS","200","Argentina",1994-06-01,140.3
26,"Industrias Metálicas Básicas, Siderurgia y aluminio",456,"Laminados planos","Producción","miles de tn","Cámara Argentina del Acero","Mensual","Nacional","PAIS","200","Argentina",1994-07-01,153.8
26,"Industrias Metálicas Básicas, Siderurgia y aluminio",456,"Laminados planos","Producción","miles de tn","Cámara Argentina del Acero","Mensual","Nacional","PAIS","200","Argentina",1994-08-01,155.7
26,"Industrias Metálicas Básicas, Siderurgia y aluminio",456,"Laminados planos","Producción","miles de tn","Cámara Argentina del Acero","Mensual","Nacional","PAIS","200","Argentina",1994-09-01,142.2
26,"Industrias Metálicas Básicas, Siderurgia y aluminio",456,"Laminados planos","Producción","miles de tn","Cámara Argentina del Acero","Mensual","Nacional","PAIS","200","Argentina",1994-10-01,167.3
26,"Industrias Metálicas Básicas, Siderurgia y aluminio",456,"Laminados planos","Producción","miles de tn","Cámara Argentina del Acero","Mensual","Nacional","PAIS","200","Argentina",1994-11-01,156.8
26,"Industrias Metálicas Básicas, Siderurgia y aluminio",456,"Laminados planos","Producción","miles de tn","Cámara Argentina del Acero","Mensual","Nacional","PAIS","200","Argentina",1994-12-01,132.1
26,"Industrias Metálicas Básicas, Siderurgia y aluminio",456,"Laminados planos","Producción","miles de tn","Cámara Argentina del Acero","Mensual","Nacional","PAIS","200","Argentina",1995-01-01,167.181
26,"Industrias Metálicas Básicas, Siderurgia y aluminio",456,"Laminados planos","Producción","miles de tn","Cámara Argentina del Acero","Mensual","Nacional","PAIS","200","Argentina",1995-02-01,100.032
26,"Industrias Metálicas Básicas, Siderurgia y aluminio",456,"Laminados planos","Producción","miles de tn","Cámara Argentina del Acero","Mensual","Nacional","PAIS","200","Argentina",1995-03-01,63.298
26,"Industrias Metálicas Básicas, Siderurgia y aluminio",456,"Laminados planos","Producción","miles de tn","Cámara Argentina del Acero","Mensual","Nacional","PAIS","200","Argentina",1995-04-01,158.523
26,"Industrias Metálicas Básicas, Siderurgia y aluminio",456,"Laminados planos","Producción","miles de tn","Cámara Argentina del Acero","Mensual","Nacional","PAIS","200","Argentina",1995-05-01,152.412
26,"Industrias Metálicas Básicas, Siderurgia y aluminio",456,"Laminados planos","Producción","miles de tn","Cámara Argentina del Acero","Mensual","Nacional","PAIS","200","Argentina",1995-06-01,161.791
26,"Industrias Metálicas Básicas, Siderurgia y aluminio",456,"Laminados planos","Producción","miles de tn","Cámara Argentina del Acero","Mensual","Nacional","PAIS","200","Argentina",1995-07-01,171.001
26,"Industrias Metálicas Básicas, Siderurgia y aluminio",456,"Laminados planos","Producción","miles de tn","Cámara Argentina del Acero","Mensual","Nacional","PAIS","200","Argentina",1995-08-01,168.68
26,"Industrias Metálicas Básicas, Siderurgia y aluminio",456,"Laminados planos","Producción","miles de tn","Cámara Argentina del Acero","Mensual","Nacional","PAIS","200","Argentina",1995-09-01,147.839
26,"Industrias Metálicas Básicas, Siderurgia y aluminio",456,"Laminados planos","Producción","miles de tn","Cámara Argentina del Acero","Mensual","Nacional","PAIS","200","Argentina",1995-10-01,168.247
26,"Industrias Metálicas Básicas, Siderurgia y aluminio",456,"Laminados planos","Producción","miles de tn","Cámara Argentina del Acero","Mensual","Nacional","PAIS","200","Argentina",1995-11-01,164.664
26,"Industrias Metálicas Básicas, Siderurgia y aluminio",456,"Laminados planos","Producción","miles de tn","Cámara Argentina del Acero","Mensual","Nacional","PAIS","200","Argentina",1995-12-01,167.542
26,"Industrias Metálicas Básicas, Siderurgia y aluminio",456,"Laminados planos","Producción","miles de tn","Cámara Argentina del Acero","Mensual","Nacional","PAIS","200","Argentina",1996-01-01,78
26,"Industrias Metálicas Básicas, Siderurgia y aluminio",456,"Laminados planos","Producción","miles de tn","Cámara Argentina del Acero","Mensual","Nacional","PAIS","200","Argentina",1996-02-01,112.8
26,"Industrias Metálicas Básicas, Siderurgia y aluminio",456,"Laminados planos","Producción","miles de tn","Cámara Argentina del Acero","Mensual","Nacional","PAIS","200","Argentina",1996-03-01,181.7
26,"Industrias Metálicas Básicas, Siderurgia y aluminio",456,"Laminados planos","Producción","miles de tn","Cámara Argentina del Acero","Mensual","Nacional","PAIS","200","Argentina",1996-04-01,158.4
26,"Industrias Metálicas Básicas, Siderurgia y aluminio",456,"Laminados planos","Producción","miles de tn","Cámara Argentina del Acero","Mensual","Nacional","PAIS","200","Argentina",1996-05-01,173.7
26,"Industrias Metálicas Básicas, Siderurgia y aluminio",456,"Laminados planos","Producción","miles de tn","Cámara Argentina del Acero","Mensual","Nacional","PAIS","200","Argentina",1996-06-01,175.2
26,"Industrias Metálicas Básicas, Siderurgia y aluminio",456,"Laminados planos","Producción","miles de tn","Cámara Argentina del Acero","Mensual","Nacional","PAIS","200","Argentina",1996-07-01,178.9
26,"Industrias Metálicas Básicas, Siderurgia y aluminio",456,"Laminados planos","Producción","miles de tn","Cámara Argentina del Acero","Mensual","Nacional","PAIS","200","Argentina",1996-08-01,186.2
26,"Industrias Metálicas Básicas, Siderurgia y aluminio",456,"Laminados planos","Producción","miles de tn","Cámara Argentina del Acero","Mensual","Nacional","PAIS","200","Argentina",1996-09-01,184
26,"Industrias Metálicas Básicas, Siderurgia y aluminio",456,"Laminados planos","Producción","miles de tn","Cámara Argentina del Acero","Mensual","Nacional","PAIS","200","Argentina",1996-10-01,198.2
26,"Industrias Metálicas Básicas, Siderurgia y aluminio",456,"Laminados planos","Producción","miles de tn","Cámara Argentina del Acero","Mensual","Nacional","PAIS","200","Argentina",1996-11-01,190
26,"Industrias Metálicas Básicas, Siderurgia y aluminio",456,"Laminados planos","Producción","miles de tn","Cámara Argentina del Acero","Mensual","Nacional","PAIS","200","Argentina",1996-12-01,184.9
26,"Industrias Metálicas Básicas, Siderurgia y aluminio",456,"Laminados planos","Producción","miles de tn","Cámara Argentina del Acero","Mensual","Nacional","PAIS","200","Argentina",1997-01-01,64.239
26,"Industrias Metálicas Básicas, Siderurgia y aluminio",456,"Laminados planos","Producción","miles de tn","Cámara Argentina del Acero","Mensual","Nacional","PAIS","200","Argentina",1997-02-01,119.929
26,"Industrias Metálicas Básicas, Siderurgia y aluminio",456,"Laminados planos","Producción","miles de tn","Cámara Argentina del Acero","Mensual","Nacional","PAIS","200","Argentina",1997-03-01,204.427
26,"Industrias Metálicas Básicas, Siderurgia y aluminio",456,"Laminados planos","Producción","miles de tn","Cámara Argentina del Acero","Mensual","Nacional","PAIS","200","Argentina",1997-04-01,187.336
26,"Industrias Metálicas Básicas, Siderurgia y aluminio",456,"Laminados planos","Producción","miles de tn","Cámara Argentina del Acero","Mensual","Nacional","PAIS","200","Argentina",1997-05-01,190.744
26,"Industrias Metálicas Básicas, Siderurgia y aluminio",456,"Laminados planos","Producción","miles de tn","Cámara Argentina del Acero","Mensual","Nacional","PAIS","200","Argentina",1997-06-01,194.164
26,"Industrias Metálicas Básicas, Siderurgia y aluminio",456,"Laminados planos","Producción","miles de tn","Cámara Argentina del Acero","Mensual","Nacional","PAIS","200","Argentina",1997-07-01,193.191
26,"Industrias Metálicas Básicas, Siderurgia y aluminio",456,"Laminados planos","Producción","miles de tn","Cámara Argentina del Acero","Mensual","Nacional","PAIS","200","Argentina",1997-08-01,201.843
26,"Industrias Metálicas Básicas, Siderurgia y aluminio",456,"Laminados planos","Producción","miles de tn","Cámara Argentina del Acero","Mensual","Nacional","PAIS","200","Argentina",1997-09-01,193.03
26,"Industrias Metálicas Básicas, Siderurgia y aluminio",456,"Laminados planos","Producción","miles de tn","Cámara Argentina del Acero","Mensual","Nacional","PAIS","200","Argentina",1997-10-01,218.203
26,"Industrias Metálicas Básicas, Siderurgia y aluminio",456,"Laminados planos","Producción","miles de tn","Cámara Argentina del Acero","Mensual","Nacional","PAIS","200","Argentina",1997-11-01,191.918
26,"Industrias Metálicas Básicas, Siderurgia y aluminio",456,"Laminados planos","Producción","miles de tn","Cámara Argentina del Acero","Mensual","Nacional","PAIS","200","Argentina",1997-12-01,185.088
26,"Industrias Metálicas Básicas, Siderurgia y aluminio",456,"Laminados planos","Producción","miles de tn","Cámara Argentina del Acero","Mensual","Nacional","PAIS","200","Argentina",1998-01-01,200.607
26,"Industrias Metálicas Básicas, Siderurgia y aluminio",456,"Laminados planos","Producción","miles de tn","Cámara Argentina del Acero","Mensual","Nacional","PAIS","200","Argentina",1998-02-01,91.675
26,"Industrias Metálicas Básicas, Siderurgia y aluminio",456,"Laminados planos","Producción","miles de tn","Cámara Argentina del Acero","Mensual","Nacional","PAIS","200","Argentina",1998-03-01,172.024
26,"Industrias Metálicas Básicas, Siderurgia y aluminio",456,"Laminados planos","Producción","miles de tn","Cámara Argentina del Acero","Mensual","Nacional","PAIS","200","Argentina",1998-04-01,211.585
26,"Industrias Metálicas Básicas, Siderurgia y aluminio",456,"Laminados planos","Producción","miles de tn","Cámara Argentina del Acero","Mensual","Nacional","PAIS","200","Argentina",1998-05-01,211.28
26,"Industrias Metálicas Básicas, Siderurgia y aluminio",456,"Laminados planos","Producción","miles de tn","Cámara Argentina del Acero","Mensual","Nacional","PAIS","200","Argentina",1998-06-01,198.084
26,"Industrias Metálicas Básicas, Siderurgia y aluminio",456,"Laminados planos","Producción","miles de tn","Cámara Argentina del Acero","Mensual","Nacional","PAIS","200","Argentina",1998-07-01,158.757
26,"Industrias Metálicas Básicas, Siderurgia y aluminio",456,"Laminados planos","Producción","miles de tn","Cámara Argentina del Acero","Mensual","Nacional","PAIS","200","Argentina",1998-08-01,209.497
26,"Industrias Metálicas Básicas, Siderurgia y aluminio",456,"Laminados planos","Producción","miles de tn","Cámara Argentina del Acero","Mensual","Nacional","PAIS","200","Argentina",1998-09-01,175.908
26,"Industrias Metálicas Básicas, Siderurgia y aluminio",456,"Laminados planos","Producción","miles de tn","Cámara Argentina del Acero","Mensual","Nacional","PAIS","200","Argentina",1998-10-01,174.603
26,"Industrias Metálicas Básicas, Siderurgia y aluminio",456,"Laminados planos","Producción","miles de tn","Cámara Argentina del Acero","Mensual","Nacional","PAIS","200","Argentina",1998-11-01,177.04
26,"Industrias Metálicas Básicas, Siderurgia y aluminio",456,"Laminados planos","Producción","miles de tn","Cámara Argentina del Acero","Mensual","Nacional","PAIS","200","Argentina",1998-12-01,171.628
26,"Industrias Metálicas Básicas, Siderurgia y aluminio",456,"Laminados planos","Producción","miles de tn","Cámara Argentina del Acero","Mensual","Nacional","PAIS","200","Argentina",1999-01-01,183.956
26,"Industrias Metálicas Básicas, Siderurgia y aluminio",456,"Laminados planos","Producción","miles de tn","Cámara Argentina del Acero","Mensual","Nacional","PAIS","200","Argentina",1999-02-01,99.665
26,"Industrias Metálicas Básicas, Siderurgia y aluminio",456,"Laminados planos","Producción","miles de tn","Cámara Argentina del Acero","Mensual","Nacional","PAIS","200","Argentina",1999-03-01,177.735
26,"Industrias Metálicas Básicas, Siderurgia y aluminio",456,"Laminados planos","Producción","miles de tn","Cámara Argentina del Acero","Mensual","Nacional","PAIS","200","Argentina",1999-04-01,183.841
26,"Industrias Metálicas Básicas, Siderurgia y aluminio",456,"Laminados planos","Producción","miles de tn","Cámara Argentina del Acero","Mensual","Nacional","PAIS","200","Argentina",1999-05-01,194.943
26,"Industrias Metálicas Básicas, Siderurgia y aluminio",456,"Laminados planos","Producción","miles de tn","Cámara Argentina del Acero","Mensual","Nacional","PAIS","200","Argentina",1999-06-01,179.353
26,"Industrias Metálicas Básicas, Siderurgia y aluminio",456,"Laminados planos","Producción","miles de tn","Cámara Argentina del Acero","Mensual","Nacional","PAIS","200","Argentina",1999-07-01,190.7
26,"Industrias Metálicas Básicas, Siderurgia y aluminio",456,"Laminados planos","Producción","miles de tn","Cámara Argentina del Acero","Mensual","Nacional","PAIS","200","Argentina",1999-08-01,195.888
26,"Industrias Metálicas Básicas, Siderurgia y aluminio",456,"Laminados planos","Producción","miles de tn","Cámara Argentina del Acero","Mensual","Nacional","PAIS","200","Argentina",1999-09-01,202.712
26,"Industrias Metálicas Básicas, Siderurgia y aluminio",456,"Laminados planos","Producción","miles de tn","Cámara Argentina del Acero","Mensual","Nacional","PAIS","200","Argentina",1999-10-01,212.275
26,"Industrias Metálicas Básicas, Siderurgia y aluminio",456,"Laminados planos","Producción","miles de tn","Cámara Argentina del Acero","Mensual","Nacional","PAIS","200","Argentina",1999-11-01,194.013
26,"Industrias Metálicas Básicas, Siderurgia y aluminio",456,"Laminados planos","Producción","miles de tn","Cámara Argentina del Acero","Mensual","Nacional","PAIS","200","Argentina",1999-12-01,186.416
26,"Industrias Metálicas Básicas, Siderurgia y aluminio",456,"Laminados planos","Producción","miles de tn","Cámara Argentina del Acero","Mensual","Nacional","PAIS","200","Argentina",2000-01-01,196.813
26,"Industrias Metálicas Básicas, Siderurgia y aluminio",456,"Laminados planos","Producción","miles de tn","Cámara Argentina del Acero","Mensual","Nacional","PAIS","200","Argentina",2000-02-01,183.577
26,"Industrias Metálicas Básicas, Siderurgia y aluminio",456,"Laminados planos","Producción","miles de tn","Cámara Argentina del Acero","Mensual","Nacional","PAIS","200","Argentina",2000-03-01,155.029
26,"Industrias Metálicas Básicas, Siderurgia y aluminio",456,"Laminados planos","Producción","miles de tn","Cámara Argentina del Acero","Mensual","Nacional","PAIS","200","Argentina",2000-04-01,189.138
26,"Industrias Metálicas Básicas, Siderurgia y aluminio",456,"Laminados planos","Producción","miles de tn","Cámara Argentina del Acero","Mensual","Nacional","PAIS","200","Argentina",2000-05-01,219.662
26,"Industrias Metálicas Básicas, Siderurgia y aluminio",456,"Laminados planos","Producción","miles de tn","Cámara Argentina del Acero","Mensual","Nacional","PAIS","200","Argentina",2000-06-01,158.645
26,"Industrias Metálicas Básicas, Siderurgia y aluminio",456,"Laminados planos","Producción","miles de tn","Cámara Argentina del Acero","Mensual","Nacional","PAIS","200","Argentina",2000-07-01,203.025
26,"Industrias Metálicas Básicas, Siderurgia y aluminio",456,"Laminados planos","Producción","miles de tn","Cámara Argentina del Acero","Mensual","Nacional","PAIS","200","Argentina",2000-08-01,227.372
26,"Industrias Metálicas Básicas, Siderurgia y aluminio",456,"Laminados planos","Producción","miles de tn","Cámara Argentina del Acero","Mensual","Nacional","PAIS","200","Argentina",2000-09-01,205.249
26,"Industrias Metálicas Básicas, Siderurgia y aluminio",456,"Laminados planos","Producción","miles de tn","Cámara Argentina del Acero","Mensual","Nacional","PAIS","200","Argentina",2000-10-01,185.633
26,"Industrias Metálicas Básicas, Siderurgia y aluminio",456,"Laminados planos","Producción","miles de tn","Cámara Argentina del Acero","Mensual","Nacional","PAIS","200","Argentina",2000-11-01,172.901
26,"Industrias Metálicas Básicas, Siderurgia y aluminio",456,"Laminados planos","Producción","miles de tn","Cámara Argentina del Acero","Mensual","Nacional","PAIS","200","Argentina",2000-12-01,176.434
26,"Industrias Metálicas Básicas, Siderurgia y aluminio",456,"Laminados planos","Producción","miles de tn","Cámara Argentina del Acero","Mensual","Nacional","PAIS","200","Argentina",2001-01-01,193.115
26,"Industrias Metálicas Básicas, Siderurgia y aluminio",456,"Laminados planos","Producción","miles de tn","Cámara Argentina del Acero","Mensual","Nacional","PAIS","200","Argentina",2001-02-01,180.821
26,"Industrias Metálicas Básicas, Siderurgia y aluminio",456,"Laminados planos","Producción","miles de tn","Cámara Argentina del Acero","Mensual","Nacional","PAIS","200","Argentina",2001-03-01,206.066
26,"Industrias Metálicas Básicas, Siderurgia y aluminio",456,"Laminados planos","Producción","miles de tn","Cámara Argentina del Acero","Mensual","Nacional","PAIS","200","Argentina",2001-04-01,199.28
26,"Industrias Metálicas Básicas, Siderurgia y aluminio",456,"Laminados planos","Producción","miles de tn","Cámara Argentina del Acero","Mensual","Nacional","PAIS","200","Argentina",2001-05-01,184.814
26,"Industrias Metálicas Básicas, Siderurgia y aluminio",456,"Laminados planos","Producción","miles de tn","Cámara Argentina del Acero","Mensual","Nacional","PAIS","200","Argentina",2001-06-01,193.886
26,"Industrias Metálicas Básicas, Siderurgia y aluminio",456,"Laminados planos","Producción","miles de tn","Cámara Argentina del Acero","Mensual","Nacional","PAIS","200","Argentina",2001-07-01,192.173
26,"Industrias Metálicas Básicas, Siderurgia y aluminio",456,"Laminados planos","Producción","miles de tn","Cámara Argentina del Acero","Mensual","Nacional","PAIS","200","Argentina",2001-08-01,107.881
26,"Industrias Metálicas Básicas, Siderurgia y aluminio",456,"Laminados planos","Producción","miles de tn","Cámara Argentina del Acero","Mensual","Nacional","PAIS","200","Argentina",2001-09-01,160.481
26,"Industrias Metálicas Básicas, Siderurgia y aluminio",456,"Laminados planos","Producción","miles de tn","Cámara Argentina del Acero","Mensual","Nacional","PAIS","200","Argentina",2001-10-01,159.359
26,"Industrias Metálicas Básicas, Siderurgia y aluminio",456,"Laminados planos","Producción","miles de tn","Cámara Argentina del Acero","Mensual","Nacional","PAIS","200","Argentina",2001-11-01,146.86
26,"Industrias Metálicas Básicas, Siderurgia y aluminio",456,"Laminados planos","Producción","miles de tn","Cámara Argentina del Acero","Mensual","Nacional","PAIS","200","Argentina",2001-12-01,121.934
26,"Industrias Metálicas Básicas, Siderurgia y aluminio",456,"Laminados planos","Producción","miles de tn","Cámara Argentina del Acero","Mensual","Nacional","PAIS","200","Argentina",2002-01-01,120.92
26,"Industrias Metálicas Básicas, Siderurgia y aluminio",456,"Laminados planos","Producción","miles de tn","Cámara Argentina del Acero","Mensual","Nacional","PAIS","200","Argentina",2002-02-01,132.526
26,"Industrias Metálicas Básicas, Siderurgia y aluminio",456,"Laminados planos","Producción","miles de tn","Cámara Argentina del Acero","Mensual","Nacional","PAIS","200","Argentina",2002-03-01,177.071
26,"Industrias Metálicas Básicas, Siderurgia y aluminio",456,"Laminados planos","Producción","miles de tn","Cámara Argentina del Acero","Mensual","Nacional","PAIS","200","Argentina",2002-04-01,191.994
26,"Industrias Metálicas Básicas, Siderurgia y aluminio",456,"Laminados planos","Producción","miles de tn","Cámara Argentina del Acero","Mensual","Nacional","PAIS","200","Argentina",2002-05-01,187.615
26,"Industrias Metálicas Básicas, Siderurgia y aluminio",456,"Laminados planos","Producción","miles de tn","Cámara Argentina del Acero","Mensual","Nacional","PAIS","200","Argentina",2002-06-01,197.85
26,"Industrias Metálicas Básicas, Siderurgia y aluminio",456,"Laminados planos","Producción","miles de tn","Cámara Argentina del Acero","Mensual","Nacional","PAIS","200","Argentina",2002-07-01,201.065
26,"Industrias Metálicas Básicas, Siderurgia y aluminio",456,"Laminados planos","Producción","miles de tn","Cámara Argentina del Acero","Mensual","Nacional","PAIS","200","Argentina",2002-08-01,207.762
26,"Industrias Metálicas Básicas, Siderurgia y aluminio",456,"Laminados planos","Producción","miles de tn","Cámara Argentina del Acero","Mensual","Nacional","PAIS","200","Argentina",2002-09-01,179.458
26,"Industrias Metálicas Básicas, Siderurgia y aluminio",456,"Laminados planos","Producción","miles de tn","Cámara Argentina del Acero","Mensual","Nacional","PAIS","200","Argentina",2002-10-01,189.71
26,"Industrias Metálicas Básicas, Siderurgia y aluminio",456,"Laminados planos","Producción","miles de tn","Cámara Argentina del Acero","Mensual","Nacional","PAIS","200","Argentina",2002-11-01,173.91
26,"Industrias Metálicas Básicas, Siderurgia y aluminio",456,"Laminados planos","Producción","miles de tn","Cámara Argentina del Acero","Mensual","Nacional","PAIS","200","Argentina",2002-12-01,140.476
26,"Industrias Metálicas Básicas, Siderurgia y aluminio",456,"Laminados planos","Producción","miles de tn","Cámara Argentina del Acero","Mensual","Nacional","PAIS","200","Argentina",2003-01-01,209.458
26,"Industrias Metálicas Básicas, Siderurgia y aluminio",456,"Laminados planos","Producción","miles de tn","Cámara Argentina del Acero","Mensual","Nacional","PAIS","200","Argentina",2003-02-01,204.793
26,"Industrias Metálicas Básicas, Siderurgia y aluminio",456,"Laminados planos","Producción","miles de tn","Cámara Argentina del Acero","Mensual","Nacional","PAIS","200","Argentina",2003-03-01,243.73
26,"Industrias Metálicas Básicas, Siderurgia y aluminio",456,"Laminados planos","Producción","miles de tn","Cámara Argentina del Acero","Mensual","Nacional","PAIS","200","Argentina",2003-04-01,209.951
26,"Industrias Metálicas Básicas, Siderurgia y aluminio",456,"Laminados planos","Producción","miles de tn","Cámara Argentina del Acero","Mensual","Nacional","PAIS","200","Argentina",2003-05-01,221.722
26,"Industrias Metálicas Básicas, Siderurgia y aluminio",456,"Laminados planos","Producción","miles de tn","Cámara Argentina del Acero","Mensual","Nacional","PAIS","200","Argentina",2003-06-01,221.273
26,"Industrias Metálicas Básicas, Siderurgia y aluminio",456,"Laminados planos","Producción","miles de tn","Cámara Argentina del Acero","Mensual","Nacional","PAIS","200","Argentina",2003-07-01,228.38
26,"Industrias Metálicas Básicas, Siderurgia y aluminio",456,"Laminados planos","Producción","miles de tn","Cámara Argentina del Acero","Mensual","Nacional","PAIS","200","Argentina",2003-08-01,219.798
26,"Industrias Metálicas Básicas, Siderurgia y aluminio",456,"Laminados planos","Producción","miles de tn","Cámara Argentina del Acero","Mensual","Nacional","PAIS","200","Argentina",2003-09-01,216.169
26,"Industrias Metálicas Básicas, Siderurgia y aluminio",456,"Laminados planos","Producción","miles de tn","Cámara Argentina del Acero","Mensual","Nacional","PAIS","200","Argentina",2003-10-01,234.812
26,"Industrias Metálicas Básicas, Siderurgia y aluminio",456,"Laminados planos","Producción","miles de tn","Cámara Argentina del Acero","Mensual","Nacional","PAIS","200","Argentina",2003-11-01,214.224
26,"Industrias Metálicas Básicas, Siderurgia y aluminio",456,"Laminados planos","Producción","miles de tn","Cámara Argentina del Acero","Mensual","Nacional","PAIS","200","Argentina",2003-12-01,215.804
26,"Industrias Metálicas Básicas, Siderurgia y aluminio",456,"Laminados planos","Producción","miles de tn","Cámara Argentina del Acero","Mensual","Nacional","PAIS","200","Argentina",2004-01-01,198.589
26,"Industrias Metálicas Básicas, Siderurgia y aluminio",456,"Laminados planos","Producción","miles de tn","Cámara Argentina del Acero","Mensual","Nacional","PAIS","200","Argentina",2004-02-01,208.371
26,"Industrias Metálicas Básicas, Siderurgia y aluminio",456,"Laminados planos","Producción","miles de tn","Cámara Argentina del Acero","Mensual","Nacional","PAIS","200","Argentina",2004-03-01,201.243
26,"Industrias Metálicas Básicas, Siderurgia y aluminio",456,"Laminados planos","Producción","miles de tn","Cámara Argentina del Acero","Mensual","Nacional","PAIS","200","Argentina",2004-04-01,210.46
26,"Industrias Metálicas Básicas, Siderurgia y aluminio",456,"Laminados planos","Producción","miles de tn","Cámara Argentina del Acero","Mensual","Nacional","PAIS","200","Argentina",2004-05-01,206.465
26,"Industrias Metálicas Básicas, Siderurgia y aluminio",456,"Laminados planos","Producción","miles de tn","Cámara Argentina del Acero","Mensual","Nacional","PAIS","200","Argentina",2004-06-01,205.97
26,"Industrias Metálicas Básicas, Siderurgia y aluminio",456,"Laminados planos","Producción","miles de tn","Cámara Argentina del Acero","Mensual","Nacional","PAIS","200","Argentina",2004-07-01,218.951
26,"Industrias Metálicas Básicas, Siderurgia y aluminio",456,"Laminados planos","Producción","miles de tn","Cámara Argentina del Acero","Mensual","Nacional","PAIS","200","Argentina",2004-08-01,112.8
26,"Industrias Metálicas Básicas, Siderurgia y aluminio",456,"Laminados planos","Producción","miles de tn","Cámara Argentina del Acero","Mensual","Nacional","PAIS","200","Argentina",2004-09-01,187.188
26,"Industrias Metálicas Básicas, Siderurgia y aluminio",456,"Laminados planos","Producción","miles de tn","Cámara Argentina del Acero","Mensual","Nacional","PAIS","200","Argentina",2004-10-01,241
26,"Industrias Metálicas Básicas, Siderurgia y aluminio",456,"Laminados planos","Producción","miles de tn","Cámara Argentina del Acero","Mensual","Nacional","PAIS","200","Argentina",2004-11-01,224.3
26,"Industrias Metálicas Básicas, Siderurgia y aluminio",456,"Laminados planos","Producción","miles de tn","Cámara Argentina del Acero","Mensual","Nacional","PAIS","200","Argentina",2004-12-01,235.916
26,"Industrias Metálicas Básicas, Siderurgia y aluminio",456,"Laminados planos","Producción","miles de tn","Cámara Argentina del Acero","Mensual","Nacional","PAIS","200","Argentina",2005-01-01,238.1
26,"Industrias Metálicas Básicas, Siderurgia y aluminio",456,"Laminados planos","Producción","miles de tn","Cámara Argentina del Acero","Mensual","Nacional","PAIS","200","Argentina",2005-02-01,212
26,"Industrias Metálicas Básicas, Siderurgia y aluminio",456,"Laminados planos","Producción","miles de tn","Cámara Argentina del Acero","Mensual","Nacional","PAIS","200","Argentina",2005-03-01,220.6
26,"Industrias Metálicas Básicas, Siderurgia y aluminio",456,"Laminados planos","Producción","miles de tn","Cámara Argentina del Acero","Mensual","Nacional","PAIS","200","Argentina",2005-04-01,233.5
26,"Industrias Metálicas Básicas, Siderurgia y aluminio",456,"Laminados planos","Producción","miles de tn","Cámara Argentina del Acero","Mensual","Nacional","PAIS","200","Argentina",2005-05-01,232.9
26,"Industrias Metálicas Básicas, Siderurgia y aluminio",456,"Laminados planos","Producción","miles de tn","Cámara Argentina del Acero","Mensual","Nacional","PAIS","200","Argentina",2005-06-01,227.9
26,"Industrias Metálicas Básicas, Siderurgia y aluminio",456,"Laminados planos","Producción","miles de tn","Cámara Argentina del Acero","Mensual","Nacional","PAIS","200","Argentina",2005-07-01,205.6
26,"Industrias Metálicas Básicas, Siderurgia y aluminio",456,"Laminados planos","Producción","miles de tn","Cámara Argentina del Acero","Mensual","Nacional","PAIS","200","Argentina",2005-08-01,223.2
26,"Industrias Metálicas Básicas, Siderurgia y aluminio",456,"Laminados planos","Producción","miles de tn","Cámara Argentina del Acero","Mensual","Nacional","PAIS","200","Argentina",2005-09-01,113.1
26,"Industrias Metálicas Básicas, Siderurgia y aluminio",456,"Laminados planos","Producción","miles de tn","Cámara Argentina del Acero","Mensual","Nacional","PAIS","200","Argentina",2005-10-01,227.4
26,"Industrias Metálicas Básicas, Siderurgia y aluminio",456,"Laminados planos","Producción","miles de tn","Cámara Argentina del Acero","Mensual","Nacional","PAIS","200","Argentina",2005-11-01,211.2
26,"Industrias Metálicas Básicas, Siderurgia y aluminio",456,"Laminados planos","Producción","miles de tn","Cámara Argentina del Acero","Mensual","Nacional","PAIS","200","Argentina",2005-12-01,232.194
26,"Industrias Metálicas Básicas, Siderurgia y aluminio",456,"Laminados planos","Producción","miles de tn","Cámara Argentina del Acero","Mensual","Nacional","PAIS","200","Argentina",2006-01-01,223.6
26,"Industrias Metálicas Básicas, Siderurgia y aluminio",456,"Laminados planos","Producción","miles de tn","Cámara Argentina del Acero","Mensual","Nacional","PAIS","200","Argentina",2006-02-01,188.6
26,"Industrias Metálicas Básicas, Siderurgia y aluminio",456,"Laminados planos","Producción","miles de tn","Cámara Argentina del Acero","Mensual","Nacional","PAIS","200","Argentina",2006-03-01,248.1
26,"Industrias Metálicas Básicas, Siderurgia y aluminio",456,"Laminados planos","Producción","miles de tn","Cámara Argentina del Acero","Mensual","Nacional","PAIS","200","Argentina",2006-04-01,229.6
26,"Industrias Metálicas Básicas, Siderurgia y aluminio",456,"Laminados planos","Producción","miles de tn","Cámara Argentina del Acero","Mensual","Nacional","PAIS","200","Argentina",2006-05-01,216.6
26,"Industrias Metálicas Básicas, Siderurgia y aluminio",456,"Laminados planos","Producción","miles de tn","Cámara Argentina del Acero","Mensual","Nacional","PAIS","200","Argentina",2006-06-01,235.6
26,"Industrias Metálicas Básicas, Siderurgia y aluminio",456,"Laminados planos","Producción","miles de tn","Cámara Argentina del Acero","Mensual","Nacional","PAIS","200","Argentina",2006-07-01,250.2
26,"Industrias Metálicas Básicas, Siderurgia y aluminio",456,"Laminados planos","Producción","miles de tn","Cámara Argentina del Acero","Mensual","Nacional","PAIS","200","Argentina",2006-08-01,249.1
26,"Industrias Metálicas Básicas, Siderurgia y aluminio",456,"Laminados planos","Producción","miles de tn","Cámara Argentina del Acero","Mensual","Nacional","PAIS","200","Argentina",2006-09-01,225.9
26,"Industrias Metálicas Básicas, Siderurgia y aluminio",456,"Laminados planos","Producción","miles de tn","Cámara Argentina del Acero","Mensual","Nacional","PAIS","200","Argentina",2006-10-01,257.3
26,"Industrias Metálicas Básicas, Siderurgia y aluminio",456,"Laminados planos","Producción","miles de tn","Cámara Argentina del Acero","Mensual","Nacional","PAIS","200","Argentina",2006-11-01,227.2
26,"Industrias Metálicas Básicas, Siderurgia y aluminio",456,"Laminados planos","Producción","miles de tn","Cámara Argentina del Acero","Mensual","Nacional","PAIS","200","Argentina",2006-12-01,227.778
26,"Industrias Metálicas Básicas, Siderurgia y aluminio",456,"Laminados planos","Producción","miles de tn","Cámara Argentina del Acero","Mensual","Nacional","PAIS","200","Argentina",2007-01-01,109.338
26,"Industrias Metálicas Básicas, Siderurgia y aluminio",456,"Laminados planos","Producción","miles de tn","Cámara Argentina del Acero","Mensual","Nacional","PAIS","200","Argentina",2007-02-01,214.183
26,"Industrias Metálicas Básicas, Siderurgia y aluminio",456,"Laminados planos","Producción","miles de tn","Cámara Argentina del Acero","Mensual","Nacional","PAIS","200","Argentina",2007-03-01,249.685
26,"Industrias Metálicas Básicas, Siderurgia y aluminio",456,"Laminados planos","Producción","miles de tn","Cámara Argentina del Acero","Mensual","Nacional","PAIS","200","Argentina",2007-04-01,233.093
26,"Industrias Metálicas Básicas, Siderurgia y aluminio",456,"Laminados planos","Producción","miles de tn","Cámara Argentina del Acero","Mensual","Nacional","PAIS","200","Argentina",2007-05-01,241.665
26,"Industrias Metálicas Básicas, Siderurgia y aluminio",456,"Laminados planos","Producción","miles de tn","Cámara Argentina del Acero","Mensual","Nacional","PAIS","200","Argentina",2007-06-01,237.753
26,"Industrias Metálicas Básicas, Siderurgia y aluminio",456,"Laminados planos","Producción","miles de tn","Cámara Argentina del Acero","Mensual","Nacional","PAIS","200","Argentina",2007-07-01,221.781
26,"Industrias Metálicas Básicas, Siderurgia y aluminio",456,"Laminados planos","Producción","miles de tn","Cámara Argentina del Acero","Mensual","Nacional","PAIS","200","Argentina",2007-08-01,235.189
26,"Industrias Metálicas Básicas, Siderurgia y aluminio",456,"Laminados planos","Producción","miles de tn","Cámara Argentina del Acero","Mensual","Nacional","PAIS","200","Argentina",2007-09-01,251.016
26,"Industrias Metálicas Básicas, Siderurgia y aluminio",456,"Laminados planos","Producción","miles de tn","Cámara Argentina del Acero","Mensual","Nacional","PAIS","200","Argentina",2007-10-01,240.126
26,"Industrias Metálicas Básicas, Siderurgia y aluminio",456,"Laminados planos","Producción","miles de tn","Cámara Argentina del Acero","Mensual","Nacional","PAIS","200","Argentina",2007-11-01,238.27
26,"Industrias Metálicas Básicas, Siderurgia y aluminio",456,"Laminados planos","Producción","miles de tn","Cámara Argentina del Acero","Mensual","Nacional","PAIS","200","Argentina",2007-12-01,255.235
26,"Industrias Metálicas Básicas, Siderurgia y aluminio",456,"Laminados planos","Producción","miles de tn","Cámara Argentina del Acero","Mensual","Nacional","PAIS","200","Argentina",2008-01-01,238.69
26,"Industrias Metálicas Básicas, Siderurgia y aluminio",456,"Laminados planos","Producción","miles de tn","Cámara Argentina del Acero","Mensual","Nacional","PAIS","200","Argentina",2008-02-01,224.751
26,"Industrias Metálicas Básicas, Siderurgia y aluminio",456,"Laminados planos","Producción","miles de tn","Cámara Argentina del Acero","Mensual","Nacional","PAIS","200","Argentina",2008-03-01,251.701
26,"Industrias Metálicas Básicas, Siderurgia y aluminio",456,"Laminados planos","Producción","miles de tn","Cámara Argentina del Acero","Mensual","Nacional","PAIS","200","Argentina",2008-04-01,246.985
26,"Industrias Metálicas Básicas, Siderurgia y aluminio",456,"Laminados planos","Producción","miles de tn","Cámara Argentina del Acero","Mensual","Nacional","PAIS","200","Argentina",2008-05-01,254.253
26,"Industrias Metálicas Básicas, Siderurgia y aluminio",456,"Laminados planos","Producción","miles de tn","Cámara Argentina del Acero","Mensual","Nacional","PAIS","200","Argentina",2008-06-01,247.867
26,"Industrias Metálicas Básicas, Siderurgia y aluminio",456,"Laminados planos","Producción","miles de tn","Cámara Argentina del Acero","Mensual","Nacional","PAIS","200","Argentina",2008-07-01,269.489
26,"Industrias Metálicas Básicas, Siderurgia y aluminio",456,"Laminados planos","Producción","miles de tn","Cámara Argentina del Acero","Mensual","Nacional","PAIS","200","Argentina",2008-08-01,100.109
26,"Industrias Metálicas Básicas, Siderurgia y aluminio",456,"Laminados planos","Producción","miles de tn","Cámara Argentina del Acero","Mensual","Nacional","PAIS","200","Argentina",2008-09-01,248.968
26,"Industrias Metálicas Básicas, Siderurgia y aluminio",456,"Laminados planos","Producción","miles de tn","Cámara Argentina del Acero","Mensual","Nacional","PAIS","200","Argentina",2008-10-01,255.843
26,"Industrias Metálicas Básicas, Siderurgia y aluminio",456,"Laminados planos","Producción","miles de tn","Cámara Argentina del Acero","Mensual","Nacional","PAIS","200","Argentina",2008-11-01,131.957
26,"Industrias Metálicas Básicas, Siderurgia y aluminio",456,"Laminados planos","Producción","miles de tn","Cámara Argentina del Acero","Mensual","Nacional","PAIS","200","Argentina",2008-12-01,82.768
26,"Industrias Metálicas Básicas, Siderurgia y aluminio",456,"Laminados planos","Producción","miles de tn","Cámara Argentina del Acero","Mensual","Nacional","PAIS","200","Argentina",2009-01-01,120.389
26,"Industrias Metálicas Básicas, Siderurgia y aluminio",456,"Laminados planos","Producción","miles de tn","Cámara Argentina del Acero","Mensual","Nacional","PAIS","200","Argentina",2009-02-01,150.139
26,"Industrias Metálicas Básicas, Siderurgia y aluminio",456,"Laminados planos","Producción","miles de tn","Cámara Argentina del Acero","Mensual","Nacional","PAIS","200","Argentina",2009-03-01,123.531
26,"Industrias Metálicas Básicas, Siderurgia y aluminio",456,"Laminados planos","Producción","miles de tn","Cámara Argentina del Acero","Mensual","Nacional","PAIS","200","Argentina",2009-04-01,126.663
26,"Industrias Metálicas Básicas, Siderurgia y aluminio",456,"Laminados planos","Producción","miles de tn","Cámara Argentina del Acero","Mensual","Nacional","PAIS","200","Argentina",2009-05-01,138.076
26,"Industrias Metálicas Básicas, Siderurgia y aluminio",456,"Laminados planos","Producción","miles de tn","Cámara Argentina del Acero","Mensual","Nacional","PAIS","200","Argentina",2009-06-01,141.379
26,"Industrias Metálicas Básicas, Siderurgia y aluminio",456,"Laminados planos","Producción","miles de tn","Cámara Argentina del Acero","Mensual","Nacional","PAIS","200","Argentina",2009-07-01,164.374
26,"Industrias Metálicas Básicas, Siderurgia y aluminio",456,"Laminados planos","Producción","miles de tn","Cámara Argentina del Acero","Mensual","Nacional","PAIS","200","Argentina",2009-08-01,192.261
26,"Industrias Metálicas Básicas, Siderurgia y aluminio",456,"Laminados planos","Producción","miles de tn","Cámara Argentina del Acero","Mensual","Nacional","PAIS","200","Argentina",2009-09-01,196.112
26,"Industrias Metálicas Básicas, Siderurgia y aluminio",456,"Laminados planos","Producción","miles de tn","Cámara Argentina del Acero","Mensual","Nacional","PAIS","200","Argentina",2009-10-01,205.129
26,"Industrias Metálicas Básicas, Siderurgia y aluminio",456,"Laminados planos","Producción","miles de tn","Cámara Argentina del Acero","Mensual","Nacional","PAIS","200","Argentina",2009-11-01,211.99
26,"Industrias Metálicas Básicas, Siderurgia y aluminio",456,"Laminados planos","Producción","miles de tn","Cámara Argentina del Acero","Mensual","Nacional","PAIS","200","Argentina",2009-12-01,216.447
26,"Industrias Metálicas Básicas, Siderurgia y aluminio",456,"Laminados planos","Producción","miles de tn","Cámara Argentina del Acero","Mensual","Nacional","PAIS","200","Argentina",2010-01-01,214.847
26,"Industrias Metálicas Básicas, Siderurgia y aluminio",456,"Laminados planos","Producción","miles de tn","Cámara Argentina del Acero","Mensual","Nacional","PAIS","200","Argentina",2010-02-01,248.299
26,"Industrias Metálicas Básicas, Siderurgia y aluminio",456,"Laminados planos","Producción","miles de tn","Cámara Argentina del Acero","Mensual","Nacional","PAIS","200","Argentina",2010-03-01,234.186
26,"Industrias Metálicas Básicas, Siderurgia y aluminio",456,"Laminados planos","Producción","miles de tn","Cámara Argentina del Acero","Mensual","Nacional","PAIS","200","Argentina",2010-04-01,234.717
26,"Industrias Metálicas Básicas, Siderurgia y aluminio",456,"Laminados planos","Producción","miles de tn","Cámara Argentina del Acero","Mensual","Nacional","PAIS","200","Argentina",2010-05-01,231.291
26,"Industrias Metálicas Básicas, Siderurgia y aluminio",456,"Laminados planos","Producción","miles de tn","Cámara Argentina del Acero","Mensual","Nacional","PAIS","200","Argentina",2010-06-01,225.548
26,"Industrias Metálicas Básicas, Siderurgia y aluminio",456,"Laminados planos","Producción","miles de tn","Cámara Argentina del Acero","Mensual","Nacional","PAIS","200","Argentina",2010-07-01,259.615
26,"Industrias Metálicas Básicas, Siderurgia y aluminio",456,"Laminados planos","Producción","miles de tn","Cámara Argentina del Acero","Mensual","Nacional","PAIS","200","Argentina",2010-08-01,271.713
26,"Industrias Metálicas Básicas, Siderurgia y aluminio",456,"Laminados planos","Producción","miles de tn","Cámara Argentina del Acero","Mensual","Nacional","PAIS","200","Argentina",2010-09-01,237.082
26,"Industrias Metálicas Básicas, Siderurgia y aluminio",456,"Laminados planos","Producción","miles de tn","Cámara Argentina del Acero","Mensual","Nacional","PAIS","200","Argentina",2010-10-01,215.359
26,"Industrias Metálicas Básicas, Siderurgia y aluminio",456,"Laminados planos","Producción","miles de tn","Cámara Argentina del Acero","Mensual","Nacional","PAIS","200","Argentina",2010-11-01,243.645
26,"Industrias Metálicas Básicas, Siderurgia y aluminio",456,"Laminados planos","Producción","miles de tn","Cámara Argentina del Acero","Mensual","Nacional","PAIS","200","Argentina",2010-12-01,204.867
26,"Industrias Metálicas Básicas, Siderurgia y aluminio",456,"Laminados planos","Producción","miles de tn","Cámara Argentina del Acero","Mensual","Nacional","PAIS","200","Argentina",2011-01-01,237.427
26,"Industrias Metálicas Básicas, Siderurgia y aluminio",456,"Laminados planos","Producción","miles de tn","Cámara Argentina del Acero","Mensual","Nacional","PAIS","200","Argentina",2011-02-01,204.061
26,"Industrias Metálicas Básicas, Siderurgia y aluminio",456,"Laminados planos","Producción","miles de tn","Cámara Argentina del Acero","Mensual","Nacional","PAIS","200","Argentina",2011-03-01,257.42
26,"Industrias Metálicas Básicas, Siderurgia y aluminio",456,"Laminados planos","Producción","miles de tn","Cámara Argentina del Acero","Mensual","Nacional","PAIS","200","Argentina",2011-04-01,112.456
26,"Industrias Metálicas Básicas, Siderurgia y aluminio",456,"Laminados planos","Producción","miles de tn","Cámara Argentina del Acero","Mensual","Nacional","PAIS","200","Argentina",2011-05-01,237.173
26,"Industrias Metálicas Básicas, Siderurgia y aluminio",456,"Laminados planos","Producción","miles de tn","Cámara Argentina del Acero","Mensual","Nacional","PAIS","200","Argentina",2011-06-01,243.58
26,"Industrias Metálicas Básicas, Siderurgia y aluminio",456,"Laminados planos","Producción","miles de tn","Cámara Argentina del Acero","Mensual","Nacional","PAIS","200","Argentina",2011-07-01,256.438
26,"Industrias Metálicas Básicas, Siderurgia y aluminio",456,"Laminados planos","Producción","miles de tn","Cámara Argentina del Acero","Mensual","Nacional","PAIS","200","Argentina",2011-08-01,249.696
26,"Industrias Metálicas Básicas, Siderurgia y aluminio",456,"Laminados planos","Producción","miles de tn","Cámara Argentina del Acero","Mensual","Nacional","PAIS","200","Argentina",2011-09-01,225.819
26,"Industrias Metálicas Básicas, Siderurgia y aluminio",456,"Laminados planos","Producción","miles de tn","Cámara Argentina del Acero","Mensual","Nacional","PAIS","200","Argentina",2011-10-01,247.83
26,"Industrias Metálicas Básicas, Siderurgia y aluminio",456,"Laminados planos","Producción","miles de tn","Cámara Argentina del Acero","Mensual","Nacional","PAIS","200","Argentina",2011-11-01,245.121
26,"Industrias Metálicas Básicas, Siderurgia y aluminio",456,"Laminados planos","Producción","miles de tn","Cámara Argentina del Acero","Mensual","Nacional","PAIS","200","Argentina",2011-12-01,224.601
26,"Industrias Metálicas Básicas, Siderurgia y aluminio",456,"Laminados planos","Producción","miles de tn","Cámara Argentina del Acero","Mensual","Nacional","PAIS","200","Argentina",2012-01-01,114.424
26,"Industrias Metálicas Básicas, Siderurgia y aluminio",456,"Laminados planos","Producción","miles de tn","Cámara Argentina del Acero","Mensual","Nacional","PAIS","200","Argentina",2012-02-01,205.453
26,"Industrias Metálicas Básicas, Siderurgia y aluminio",456,"Laminados planos","Producción","miles de tn","Cámara Argentina del Acero","Mensual","Nacional","PAIS","200","Argentina",2012-03-01,243.847
26,"Industrias Metálicas Básicas, Siderurgia y aluminio",456,"Laminados planos","Producción","miles de tn","Cámara Argentina del Acero","Mensual","Nacional","PAIS","200","Argentina",2012-04-01,214.201
26,"Industrias Metálicas Básicas, Siderurgia y aluminio",456,"Laminados planos","Producción","miles de tn","Cámara Argentina del Acero","Mensual","Nacional","PAIS","200","Argentina",2012-05-01,206.07
26,"Industrias Metálicas Básicas, Siderurgia y aluminio",456,"Laminados planos","Producción","miles de tn","Cámara Argentina del Acero","Mensual","Nacional","PAIS","200","Argentina",2012-06-01,235.186
26,"Industrias Metálicas Básicas, Siderurgia y aluminio",456,"Laminados planos","Producción","miles de tn","Cámara Argentina del Acero","Mensual","Nacional","PAIS","200","Argentina",2012-07-01,244.057
26,"Industrias Metálicas Básicas, Siderurgia y aluminio",456,"Laminados planos","Producción","miles de tn","Cámara Argentina del Acero","Mensual","Nacional","PAIS","200","Argentina",2012-08-01,169.392
26,"Industrias Metálicas Básicas, Siderurgia y aluminio",456,"Laminados planos","Producción","miles de tn","Cámara Argentina del Acero","Mensual","Nacional","PAIS","200","Argentina",2012-09-01,192.843
26,"Industrias Metálicas Básicas, Siderurgia y aluminio",456,"Laminados planos","Producción","miles de tn","Cámara Argentina del Acero","Mensual","Nacional","PAIS","200","Argentina",2012-10-01,167.883
26,"Industrias Metálicas Básicas, Siderurgia y aluminio",456,"Laminados planos","Producción","miles de tn","Cámara Argentina del Acero","Mensual","Nacional","PAIS","200","Argentina",2012-11-01,173.446
26,"Industrias Metálicas Básicas, Siderurgia y aluminio",456,"Laminados planos","Producción","miles de tn","Cámara Argentina del Acero","Mensual","Nacional","PAIS","200","Argentina",2012-12-01,181.75
26,"Industrias Metálicas Básicas, Siderurgia y aluminio",456,"Laminados planos","Producción","miles de tn","Cámara Argentina del Acero","Mensual","Nacional","PAIS","200","Argentina",2013-01-01,215.352
26,"Industrias Metálicas Básicas, Siderurgia y aluminio",456,"Laminados planos","Producción","miles de tn","Cámara Argentina del Acero","Mensual","Nacional","PAIS","200","Argentina",2013-02-01,199.062
26,"Industrias Metálicas Básicas, Siderurgia y aluminio",456,"Laminados planos","Producción","miles de tn","Cámara Argentina del Acero","Mensual","Nacional","PAIS","200","Argentina",2013-03-01,241.281
26,"Industrias Metálicas Básicas, Siderurgia y aluminio",456,"Laminados planos","Producción","miles de tn","Cámara Argentina del Acero","Mensual","Nacional","PAIS","200","Argentina",2013-04-01,242.568
26,"Industrias Metálicas Básicas, Siderurgia y aluminio",456,"Laminados planos","Producción","miles de tn","Cámara Argentina del Acero","Mensual","Nacional","PAIS","200","Argentina",2013-05-01,230.731
26,"Industrias Metálicas Básicas, Siderurgia y aluminio",456,"Laminados planos","Producción","miles de tn","Cámara Argentina del Acero","Mensual","Nacional","PAIS","200","Argentina",2013-06-01,224.2
26,"Industrias Metálicas Básicas, Siderurgia y aluminio",456,"Laminados planos","Producción","miles de tn","Cámara Argentina del Acero","Mensual","Nacional","PAIS","200","Argentina",2013-07-01,121.903
26,"Industrias Metálicas Básicas, Siderurgia y aluminio",456,"Laminados planos","Producción","miles de tn","Cámara Argentina del Acero","Mensual","Nacional","PAIS","200","Argentina",2013-08-01,237.965
26,"Industrias Metálicas Básicas, Siderurgia y aluminio",456,"Laminados planos","Producción","miles de tn","Cámara Argentina del Acero","Mensual","Nacional","PAIS","200","Argentina",2013-09-01,242.936
26,"Industrias Metálicas Básicas, Siderurgia y aluminio",456,"Laminados planos","Producción","miles de tn","Cámara Argentina del Acero","Mensual","Nacional","PAIS","200","Argentina",2013-10-01,244.592
26,"Industrias Metálicas Básicas, Siderurgia y aluminio",456,"Laminados planos","Producción","miles de tn","Cámara Argentina del Acero","Mensual","Nacional","PAIS","200","Argentina",2013-11-01,202.331
26,"Industrias Metálicas Básicas, Siderurgia y aluminio",456,"Laminados planos","Producción","miles de tn","Cámara Argentina del Acero","Mensual","Nacional","PAIS","200","Argentina",2013-12-01,208.065
26,"Industrias Metálicas Básicas, Siderurgia y aluminio",456,"Laminados planos","Producción","miles de tn","Cámara Argentina del Acero","Mensual","Nacional","PAIS","200","Argentina",2014-01-01,224.015
26,"Industrias Metálicas Básicas, Siderurgia y aluminio",456,"Laminados planos","Producción","miles de tn","Cámara Argentina del Acero","Mensual","Nacional","PAIS","200","Argentina",2014-02-01,197.917
26,"Industrias Metálicas Básicas, Siderurgia y aluminio",456,"Laminados planos","Producción","miles de tn","Cámara Argentina del Acero","Mensual","Nacional","PAIS","200","Argentina",2014-03-01,219.596
26,"Industrias Metálicas Básicas, Siderurgia y aluminio",456,"Laminados planos","Producción","miles de tn","Cámara Argentina del Acero","Mensual","Nacional","PAIS","200","Argentina",2014-04-01,219.602
26,"Industrias Metálicas Básicas, Siderurgia y aluminio",456,"Laminados planos","Producción","miles de tn","Cámara Argentina del Acero","Mensual","Nacional","PAIS","200","Argentina",2014-05-01,213.573
26,"Industrias Metálicas Básicas, Siderurgia y aluminio",456,"Laminados planos","Producción","miles de tn","Cámara Argentina del Acero","Mensual","Nacional","PAIS","200","Argentina",2014-06-01,226.886
26,"Industrias Metálicas Básicas, Siderurgia y aluminio",456,"Laminados planos","Producción","miles de tn","Cámara Argentina del Acero","Mensual","Nacional","PAIS","200","Argentina",2014-07-01,232.615
26,"Industrias Metálicas Básicas, Siderurgia y aluminio",456,"Laminados planos","Producción","miles de tn","Cámara Argentina del Acero","Mensual","Nacional","PAIS","200","Argentina",2014-08-01,185.207
26,"Industrias Metálicas Básicas, Siderurgia y aluminio",456,"Laminados planos","Producción","miles de tn","Cámara Argentina del Acero","Mensual","Nacional","PAIS","200","Argentina",2014-09-01,193.266
26,"Industrias Metálicas Básicas, Siderurgia y aluminio",456,"Laminados planos","Producción","miles de tn","Cámara Argentina del Acero","Mensual","Nacional","PAIS","200","Argentina",2014-10-01,200.753
26,"Industrias Metálicas Básicas, Siderurgia y aluminio",456,"Laminados planos","Producción","miles de tn","Cámara Argentina del Acero","Mensual","Nacional","PAIS","200","Argentina",2014-11-01,207.673
26,"Industrias Metálicas Básicas, Siderurgia y aluminio",456,"Laminados planos","Producción","miles de tn","Cámara Argentina del Acero","Mensual","Nacional","PAIS","200","Argentina",2014-12-01,224.516
26,"Industrias Metálicas Básicas, Siderurgia y aluminio",456,"Laminados planos","Producción","miles de tn","Cámara Argentina del Acero","Mensual","Nacional","PAIS","200","Argentina",2015-01-01,219.004
26,"Industrias Metálicas Básicas, Siderurgia y aluminio",456,"Laminados planos","Producción","miles de tn","Cámara Argentina del Acero","Mensual","Nacional","PAIS","200","Argentina",2015-02-01,200.381
26,"Industrias Metálicas Básicas, Siderurgia y aluminio",456,"Laminados planos","Producción","miles de tn","Cámara Argentina del Acero","Mensual","Nacional","PAIS","200","Argentina",2015-03-01,207.849
26,"Industrias Metálicas Básicas, Siderurgia y aluminio",456,"Laminados planos","Producción","miles de tn","Cámara Argentina del Acero","Mensual","Nacional","PAIS","200","Argentina",2015-04-01,221.697
26,"Industrias Metálicas Básicas, Siderurgia y aluminio",456,"Laminados planos","Producción","miles de tn","Cámara Argentina del Acero","Mensual","Nacional","PAIS","200","Argentina",2015-05-01,205.514
26,"Industrias Metálicas Básicas, Siderurgia y aluminio",456,"Laminados planos","Producción","miles de tn","Cámara Argentina del Acero","Mensual","Nacional","PAIS","200","Argentina",2015-06-01,225.39
26,"Industrias Metálicas Básicas, Siderurgia y aluminio",456,"Laminados planos","Producción","miles de tn","Cámara Argentina del Acero","Mensual","Nacional","PAIS","200","Argentina",2015-07-01,240.724
26,"Industrias Metálicas Básicas, Siderurgia y aluminio",456,"Laminados planos","Producción","miles de tn","Cámara Argentina del Acero","Mensual","Nacional","PAIS","200","Argentina",2015-08-01,215.341
26,"Industrias Metálicas Básicas, Siderurgia y aluminio",456,"Laminados planos","Producción","miles de tn","Cámara Argentina del Acero","Mensual","Nacional","PAIS","200","Argentina",2015-09-01,152.914
26,"Industrias Metálicas Básicas, Siderurgia y aluminio",456,"Laminados planos","Producción","miles de tn","Cámara Argentina del Acero","Mensual","Nacional","PAIS","200","Argentina",2015-10-01,224.543
26,"Industrias Metálicas Básicas, Siderurgia y aluminio",456,"Laminados planos","Producción","miles de tn","Cámara Argentina del Acero","Mensual","Nacional","PAIS","200","Argentina",2015-11-01,227.383
26,"Industrias Metálicas Básicas, Siderurgia y aluminio",456,"Laminados planos","Producción","miles de tn","Cámara Argentina del Acero","Mensual","Nacional","PAIS","200","Argentina",2015-12-01,215.013
26,"Industrias Metálicas Básicas, Siderurgia y aluminio",456,"Laminados planos","Producción","miles de tn","Cámara Argentina del Acero","Mensual","Nacional","PAIS","200","Argentina",2016-01-01,223.23
26,"Industrias Metálicas Básicas, Siderurgia y aluminio",456,"Laminados planos","Producción","miles de tn","Cámara Argentina del Acero","Mensual","Nacional","PAIS","200","Argentina",2016-02-01,108.909
26,"Industrias Metálicas Básicas, Siderurgia y aluminio",456,"Laminados planos","Producción","miles de tn","Cámara Argentina del Acero","Mensual","Nacional","PAIS","200","Argentina",2016-03-01,228.431
26,"Industrias Metálicas Básicas, Siderurgia y aluminio",456,"Laminados planos","Producción","miles de tn","Cámara Argentina del Acero","Mensual","Nacional","PAIS","200","Argentina",2016-04-01,210.473
26,"Industrias Metálicas Básicas, Siderurgia y aluminio",456,"Laminados planos","Producción","miles de tn","Cámara Argentina del Acero","Mensual","Nacional","PAIS","200","Argentina",2016-05-01,221.469
26,"Industrias Metálicas Básicas, Siderurgia y aluminio",456,"Laminados planos","Producción","miles de tn","Cámara Argentina del Acero","Mensual","Nacional","PAIS","200","Argentina",2016-06-01,198.123
26,"Industrias Metálicas Básicas, Siderurgia y aluminio",456,"Laminados planos","Producción","miles de tn","Cámara Argentina del Acero","Mensual","Nacional","PAIS","200","Argentina",2016-07-01,189.554
26,"Industrias Metálicas Básicas, Siderurgia y aluminio",456,"Laminados planos","Producción","miles de tn","Cámara Argentina del Acero","Mensual","Nacional","PAIS","200","Argentina",2016-08-01,89.636
26,"Industrias Metálicas Básicas, Siderurgia y aluminio",456,"Laminados planos","Producción","miles de tn","Cámara Argentina del Acero","Mensual","Nacional","PAIS","200","Argentina",2016-09-01,215.559
26,"Industrias Metálicas Básicas, Siderurgia y aluminio",456,"Laminados planos","Producción","miles de tn","Cámara Argentina del Acero","Mensual","Nacional","PAIS","200","Argentina",2016-10-01,197.168
26,"Industrias Metálicas Básicas, Siderurgia y aluminio",456,"Laminados planos","Producción","miles de tn","Cámara Argentina del Acero","Mensual","Nacional","PAIS","200","Argentina",2016-11-01,206.581
26,"Industrias Metálicas Básicas, Siderurgia y aluminio",456,"Laminados planos","Producción","miles de tn","Cámara Argentina del Acero","Mensual","Nacional","PAIS","200","Argentina",2016-12-01,185.344
26,"Industrias Metálicas Básicas, Siderurgia y aluminio",456,"Laminados planos","Producción","miles de tn","Cámara Argentina del Acero","Mensual","Nacional","PAIS","200","Argentina",2017-01-01,179.777
26,"Industrias Metálicas Básicas, Siderurgia y aluminio",456,"Laminados planos","Producción","miles de tn","Cámara Argentina del Acero","Mensual","Nacional","PAIS","200","Argentina",2017-02-01,174.483
26,"Industrias Metálicas Básicas, Siderurgia y aluminio",456,"Laminados planos","Producción","miles de tn","Cámara Argentina del Acero","Mensual","Nacional","PAIS","200","Argentina",2017-03-01,217.968
26,"Industrias Metálicas Básicas, Siderurgia y aluminio",456,"Laminados planos","Producción","miles de tn","Cámara Argentina del Acero","Mensual","Nacional","PAIS","200","Argentina",2017-04-01,197.434
26,"Industrias Metálicas Básicas, Siderurgia y aluminio",456,"Laminados planos","Producción","miles de tn","Cámara Argentina del Acero","Mensual","Nacional","PAIS","200","Argentina",2017-05-01,217.97
26,"Industrias Metálicas Básicas, Siderurgia y aluminio",456,"Laminados planos","Producción","miles de tn","Cámara Argentina del Acero","Mensual","Nacional","PAIS","200","Argentina",2017-06-01,214.98
26,"Industrias Metálicas Básicas, Siderurgia y aluminio",456,"Laminados planos","Producción","miles de tn","Cámara Argentina del Acero","Mensual","Nacional","PAIS","200","Argentina",2017-07-01,230.57
26,"Industrias Metálicas Básicas, Siderurgia y aluminio",456,"Laminados planos","Producción","miles de tn","Cámara Argentina del Acero","Mensual","Nacional","PAIS","200","Argentina",2017-08-01,223
26,"Industrias Metálicas Básicas, Siderurgia y aluminio",456,"Laminados planos","Producción","miles de tn","Cámara Argentina del Acero","Mensual","Nacional","PAIS","200","Argentina",2017-09-01,225.285
26,"Industrias Metálicas Básicas, Siderurgia y aluminio",456,"Laminados planos","Producción","miles de tn","Cámara Argentina del Acero","Mensual","Nacional","PAIS","200","Argentina",2017-10-01,68.922
26,"Industrias Metálicas Básicas, Siderurgia y aluminio",456,"Laminados planos","Producción","miles de tn","Cámara Argentina del Acero","Mensual","Nacional","PAIS","200","Argentina",2017-11-01,195.6
26,"Industrias Metálicas Básicas, Siderurgia y aluminio",456,"Laminados planos","Producción","miles de tn","Cámara Argentina del Acero","Mensual","Nacional","PAIS","200","Argentina",2017-12-01,227.7
26,"Industrias Metálicas Básicas, Siderurgia y aluminio",456,"Laminados planos","Producción","miles de tn","Cámara Argentina del Acero","Mensual","Nacional","PAIS","200","Argentina",2018-01-01,235.1
26,"Industrias Metálicas Básicas, Siderurgia y aluminio",456,"Laminados planos","Producción","miles de tn","Cámara Argentina del Acero","Mensual","Nacional","PAIS","200","Argentina",2018-02-01,213.3
26,"Industrias Metálicas Básicas, Siderurgia y aluminio",456,"Laminados planos","Producción","miles de tn","Cámara Argentina del Acero","Mensual","Nacional","PAIS","200","Argentina",2018-03-01,201.6
26,"Industrias Metálicas Básicas, Siderurgia y aluminio",456,"Laminados planos","Producción","miles de tn","Cámara Argentina del Acero","Mensual","Nacional","PAIS","200","Argentina",2018-04-01,192.4
26,"Industrias Metálicas Básicas, Siderurgia y aluminio",456,"Laminados planos","Producción","miles de tn","Cámara Argentina del Acero","Mensual","Nacional","PAIS","200","Argentina",2018-05-01,195.5
26,"Industrias Metálicas Básicas, Siderurgia y aluminio",456,"Laminados planos","Producción","miles de tn","Cámara Argentina del Acero","Mensual","Nacional","PAIS","200","Argentina",2018-06-01,153.5
26,"Industrias Metálicas Básicas, Siderurgia y aluminio",456,"Laminados planos","Producción","miles de tn","Cámara Argentina del Acero","Mensual","Nacional","PAIS","200","Argentina",2018-07-01,178.1
26,"Industrias Metálicas Básicas, Siderurgia y aluminio",456,"Laminados planos","Producción","miles de tn","Cámara Argentina del Acero","Mensual","Nacional","PAIS","200","Argentina",2018-08-01,207
26,"Industrias Metálicas Básicas, Siderurgia y aluminio",456,"Laminados planos","Producción","miles de tn","Cámara Argentina del Acero","Mensual","Nacional","PAIS","200","Argentina",2018-09-01,196.4
26,"Industrias Metálicas Básicas, Siderurgia y aluminio",456,"Laminados planos","Producción","miles de tn","Cámara Argentina del Acero","Mensual","Nacional","PAIS","200","Argentina",2018-10-01,190.9
26,"Industrias Metálicas Básicas, Siderurgia y aluminio",456,"Laminados planos","Producción","miles de tn","Cámara Argentina del Acero","Mensual","Nacional","PAIS","200","Argentina",2018-11-01,160
26,"Industrias Metálicas Básicas, Siderurgia y aluminio",456,"Laminados planos","Producción","miles de tn","Cámara Argentina del Acero","Mensual","Nacional","PAIS","200","Argentina",2018-12-01,147.2
26,"Industrias Metálicas Básicas, Siderurgia y aluminio",456,"Laminados planos","Producción","miles de tn","Cámara Argentina del Acero","Mensual","Nacional","PAIS","200","Argentina",2019-01-01,160.6
26,"Industrias Metálicas Básicas, Siderurgia y aluminio",456,"Laminados planos","Producción","miles de tn","Cámara Argentina del Acero","Mensual","Nacional","PAIS","200","Argentina",2019-02-01,73.8
26,"Industrias Metálicas Básicas, Siderurgia y aluminio",456,"Laminados planos","Producción","miles de tn","Cámara Argentina del Acero","Mensual","Nacional","PAIS","200","Argentina",2019-03-01,189.2
26,"Industrias Metálicas Básicas, Siderurgia y aluminio",456,"Laminados planos","Producción","miles de tn","Cámara Argentina del Acero","Mensual","Nacional","PAIS","200","Argentina",2019-04-01,189.6
26,"Industrias Metálicas Básicas, Siderurgia y aluminio",456,"Laminados planos","Producción","miles de tn","Cámara Argentina del Acero","Mensual","Nacional","PAIS","200","Argentina",2019-05-01,207.2
26,"Industrias Metálicas Básicas, Siderurgia y aluminio",456,"Laminados planos","Producción","miles de tn","Cámara Argentina del Acero","Mensual","Nacional","PAIS","200","Argentina",2019-06-01,167.6
26,"Industrias Metálicas Básicas, Siderurgia y aluminio",456,"Laminados planos","Producción","miles de tn","Cámara Argentina del Acero","Mensual","Nacional","PAIS","200","Argentina",2019-07-01,194.5
26,"Industrias Metálicas Básicas, Siderurgia y aluminio",456,"Laminados planos","Producción","miles de tn","Cámara Argentina del Acero","Mensual","Nacional","PAIS","200","Argentina",2019-08-01,182.3
26,"Industrias Metálicas Básicas, Siderurgia y aluminio",456,"Laminados planos","Producción","miles de tn","Cámara Argentina del Acero","Mensual","Nacional","PAIS","200","Argentina",2019-09-01,157.1
26,"Industrias Metálicas Básicas, Siderurgia y aluminio",456,"Laminados planos","Producción","miles de tn","Cámara Argentina del Acero","Mensual","Nacional","PAIS","200","Argentina",2019-10-01,182.6
26,"Industrias Metálicas Básicas, Siderurgia y aluminio",456,"Laminados planos","Producción","miles de tn","Cámara Argentina del Acero","Mensual","Nacional","PAIS","200","Argentina",2019-11-01,161
26,"Industrias Metálicas Básicas, Siderurgia y aluminio",456,"Laminados planos","Producción","miles de tn","Cámara Argentina del Acero","Mensual","Nacional","PAIS","200","Argentina",2019-12-01,167.1
26,"Industrias Metálicas Básicas, Siderurgia y aluminio",456,"Laminados planos","Producción","miles de tn","Cámara Argentina del Acero","Mensual","Nacional","PAIS","200","Argentina",2020-01-01,182.3
26,"Industrias Metálicas Básicas, Siderurgia y aluminio",456,"Laminados planos","Producción","miles de tn","Cámara Argentina del Acero","Mensual","Nacional","PAIS","200","Argentina",2020-02-01,105.2
26,"Industrias Metálicas Básicas, Siderurgia y aluminio",456,"Laminados planos","Producción","miles de tn","Cámara Argentina del Acero","Mensual","Nacional","PAIS","200","Argentina",2020-03-01,151.2
26,"Industrias Metálicas Básicas, Siderurgia y aluminio",456,"Laminados planos","Producción","miles de tn","Cámara Argentina del Acero","Mensual","Nacional","PAIS","200","Argentina",2020-04-01,89.7
26,"Industrias Metálicas Básicas, Siderurgia y aluminio",456,"Laminados planos","Producción","miles de tn","Cámara Argentina del Acero","Mensual","Nacional","PAIS","200","Argentina",2020-05-01,82.8
26,"Industrias Metálicas Básicas, Siderurgia y aluminio",456,"Laminados planos","Producción","miles de tn","Cámara Argentina del Acero","Mensual","Nacional","PAIS","200","Argentina",2020-06-01,117.9
26,"Industrias Metálicas Básicas, Siderurgia y aluminio",456,"Laminados planos","Producción","miles de tn","Cámara Argentina del Acero","Mensual","Nacional","PAIS","200","Argentina",2020-07-01,172.3
26,"Industrias Metálicas Básicas, Siderurgia y aluminio",456,"Laminados planos","Producción","miles de tn","Cámara Argentina del Acero","Mensual","Nacional","PAIS","200","Argentina",2020-08-01,181.4
26,"Industrias Metálicas Básicas, Siderurgia y aluminio",456,"Laminados planos","Producción","miles de tn","Cámara Argentina del Acero","Mensual","Nacional","PAIS","200","Argentina",2020-09-01,200.7
26,"Industrias Metálicas Básicas, Siderurgia y aluminio",456,"Laminados planos","Producción","miles de tn","Cámara Argentina del Acero","Mensual","Nacional","PAIS","200","Argentina",2020-10-01,232.5
26,"Industrias Metálicas Básicas, Siderurgia y aluminio",456,"Laminados planos","Producción","miles de tn","Cámara Argentina del Acero","Mensual","Nacional","PAIS","200","Argentina",2020-11-01,234.4
26,"Industrias Metálicas Básicas, Siderurgia y aluminio",456,"Laminados planos","Producción","miles de tn","Cámara Argentina del Acero","Mensual","Nacional","PAIS","200","Argentina",2020-12-01,223.4
26,"Industrias Metálicas Básicas, Siderurgia y aluminio",456,"Laminados planos","Producción","miles de tn","Cámara Argentina del Acero","Mensual","Nacional","PAIS","200","Argentina",2021-01-01,234
26,"Industrias Metálicas Básicas, Siderurgia y aluminio",456,"Laminados planos","Producción","miles de tn","Cámara Argentina del Acero","Mensual","Nacional","PAIS","200","Argentina",2021-02-01,226.5
26,"Industrias Metálicas Básicas, Siderurgia y aluminio",456,"Laminados planos","Producción","miles de tn","Cámara Argentina del Acero","Mensual","Nacional","PAIS","200","Argentina",2021-03-01,243.7
26,"Industrias Metálicas Básicas, Siderurgia y aluminio",456,"Laminados planos","Producción","miles de tn","Cámara Argentina del Acero","Mensual","Nacional","PAIS","200","Argentina",2021-04-01,191.3
26,"Industrias Metálicas Básicas, Siderurgia y aluminio",456,"Laminados planos","Producción","miles de tn","Cámara Argentina del Acero","Mensual","Nacional","PAIS","200","Argentina",2021-05-01,203
26,"Industrias Metálicas Básicas, Siderurgia y aluminio",456,"Laminados planos","Producción","miles de tn","Cámara Argentina del Acero","Mensual","Nacional","PAIS","200","Argentina",2021-06-01,196.3
26,"Industrias Metálicas Básicas, Siderurgia y aluminio",456,"Laminados planos","Producción","miles de tn","Cámara Argentina del Acero","Mensual","Nacional","PAIS","200","Argentina",2021-07-01,208.9
26,"Industrias Metálicas Básicas, Siderurgia y aluminio",456,"Laminados planos","Producción","miles de tn","Cámara Argentina del Acero","Mensual","Nacional","PAIS","200","Argentina",2021-08-01,206.8
26,"Industrias Metálicas Básicas, Siderurgia y aluminio",456,"Laminados planos","Producción","miles de tn","Cámara Argentina del Acero","Mensual","Nacional","PAIS","200","Argentina",2021-09-01,187.9
26,"Industrias Metálicas Básicas, Siderurgia y aluminio",456,"Laminados planos","Producción","miles de tn","Cámara Argentina del Acero","Mensual","Nacional","PAIS","200","Argentina",2021-10-01,202.7
26,"Industrias Metálicas Básicas, Siderurgia y aluminio",456,"Laminados planos","Producción","miles de tn","Cámara Argentina del Acero","Mensual","Nacional","PAIS","200","Argentina",2021-11-01,200.4
26,"Industrias Metálicas Básicas, Siderurgia y aluminio",456,"Laminados planos","Producción","miles de tn","Cámara Argentina del Acero","Mensual","Nacional","PAIS","200","Argentina",2021-12-01,212.2
26,"Industrias Metálicas Básicas, Siderurgia y aluminio",456,"Laminados planos","Producción","miles de tn","Cámara Argentina del Acero","Mensual","Nacional","PAIS","200","Argentina",2022-01-01,205.3
26,"Industrias Metálicas Básicas, Siderurgia y aluminio",456,"Laminados planos","Producción","miles de tn","Cámara Argentina del Acero","Mensual","Nacional","PAIS","200","Argentina",2022-02-01,190.8
26,"Industrias Metálicas Básicas, Siderurgia y aluminio",456,"Laminados planos","Producción","miles de tn","Cámara Argentina del Acero","Mensual","Nacional","PAIS","200","Argentina",2022-03-01,211.4
26,"Industrias Metálicas Básicas, Siderurgia y aluminio",456,"Laminados planos","Producción","miles de tn","Cámara Argentina del Acero","Mensual","Nacional","PAIS","200","Argentina",2022-04-01,93.4
26,"Industrias Metálicas Básicas, Siderurgia y aluminio",456,"Laminados planos","Producción","miles de tn","Cámara Argentina del Acero","Mensual","Nacional","PAIS","200","Argentina",2022-05-01,180
26,"Industrias Metálicas Básicas, Siderurgia y aluminio",456,"Laminados planos","Producción","miles de tn","Cámara Argentina del Acero","Mensual","Nacional","PAIS","200","Argentina",2022-06-01,220.6
26,"Industrias Metálicas Básicas, Siderurgia y aluminio",456,"Laminados planos","Producción","miles de tn","Cámara Argentina del Acero","Mensual","Nacional","PAIS","200","Argentina",2022-07-01,187.3
26,"Industrias Metálicas Básicas, Siderurgia y aluminio",456,"Laminados planos","Producción","miles de tn","Cámara Argentina del Acero","Mensual","Nacional","PAIS","200","Argentina",2022-08-01,205
26,"Industrias Metálicas Básicas, Siderurgia y aluminio",456,"Laminados planos","Producción","miles de tn","Cámara Argentina del Acero","Mensual","Nacional","PAIS","200","Argentina",2022-09-01,188.8
26,"Industrias Metálicas Básicas, Siderurgia y aluminio",456,"Laminados planos","Producción","miles de tn","Cámara Argentina del Acero","Mensual","Nacional","PAIS","200","Argentina",2022-10-01,210.5
26,"Industrias Metálicas Básicas, Siderurgia y aluminio",456,"Laminados planos","Producción","miles de tn","Cámara Argentina del Acero","Mensual","Nacional","PAIS","200","Argentina",2022-11-01,174.9
26,"Industrias Metálicas Básicas, Siderurgia y aluminio",456,"Laminados planos","Producción","miles de tn","Cámara Argentina del Acero","Mensual","Nacional","PAIS","200","Argentina",2022-12-01,180.9
26,"Industrias Metálicas Básicas, Siderurgia y aluminio",456,"Laminados planos","Producción","miles de tn","Cámara Argentina del Acero","Mensual","Nacional","PAIS","200","Argentina",2023-01-01,195.3
26,"Industrias Metálicas Básicas, Siderurgia y aluminio",456,"Laminados planos","Producción","miles de tn","Cámara Argentina del Acero","Mensual","Nacional","PAIS","200","Argentina",2023-02-01,175.2
26,"Industrias Metálicas Básicas, Siderurgia y aluminio",456,"Laminados planos","Producción","miles de tn","Cámara Argentina del Acero","Mensual","Nacional","PAIS","200","Argentina",2023-03-01,196.4
26,"Industrias Metálicas Básicas, Siderurgia y aluminio",456,"Laminados planos","Producción","miles de tn","Cámara Argentina del Acero","Mensual","Nacional","PAIS","200","Argentina",2023-04-01,217
26,"Industrias Metálicas Básicas, Siderurgia y aluminio",456,"Laminados planos","Producción","miles de tn","Cámara Argentina del Acero","Mensual","Nacional","PAIS","200","Argentina",2023-05-01,187.4
26,"Industrias Metálicas Básicas, Siderurgia y aluminio",456,"Laminados planos","Producción","miles de tn","Cámara Argentina del Acero","Mensual","Nacional","PAIS","200","Argentina",2023-06-01,196.3
26,"Industrias Metálicas Básicas, Siderurgia y aluminio",456,"Laminados planos","Producción","miles de tn","Cámara Argentina del Acero","Mensual","Nacional","PAIS","200","Argentina",2023-07-01,180.1
26,"Industrias Metálicas Básicas, Siderurgia y aluminio",456,"Laminados planos","Producción","miles de tn","Cámara Argentina del Acero","Mensual","Nacional","PAIS","200","Argentina",2023-08-01,209.5
26,"Industrias Metálicas Básicas, Siderurgia y aluminio",456,"Laminados planos","Producción","miles de tn","Cámara Argentina del Acero","Mensual","Nacional","PAIS","200","Argentina",2023-09-01,195.5
26,"Industrias Metálicas Básicas, Siderurgia y aluminio",456,"Laminados planos","Producción","miles de tn","Cámara Argentina del Acero","Mensual","Nacional","PAIS","200","Argentina",2023-10-01,210
26,"Industrias Metálicas Básicas, Siderurgia y aluminio",456,"Laminados planos","Producción","miles de tn","Cámara Argentina del Acero","Mensual","Nacional","PAIS","200","Argentina",2023-11-01,151.3
26,"Industrias Metálicas Básicas, Siderurgia y aluminio",456,"Laminados planos","Producción","miles de tn","Cámara Argentina del Acero","Mensual","Nacional","PAIS","200","Argentina",2023-12-01,118.8
26,"Industrias Metálicas Básicas, Siderurgia y aluminio",456,"Laminados planos","Producción","miles de tn","Cámara Argentina del Acero","Mensual","Nacional","PAIS","200","Argentina",2024-01-01,148.7
26,"Industrias Metálicas Básicas, Siderurgia y aluminio",456,"Laminados planos","Producción","miles de tn","Cámara Argentina del Acero","Mensual","Nacional","PAIS","200","Argentina",2024-02-01,67.3
26,"Industrias Metálicas Básicas, Siderurgia y aluminio",456,"Laminados planos","Producción","miles de tn","Cámara Argentina del Acero","Mensual","Nacional","PAIS","200","Argentina",2024-03-01,123.1
26,"Industrias Metálicas Básicas, Siderurgia y aluminio",456,"Laminados planos","Producción","miles de tn","Cámara Argentina del Acero","Mensual","Nacional","PAIS","200","Argentina",2024-04-01,171.5
26,"Industrias Metálicas Básicas, Siderurgia y aluminio",456,"Laminados planos","Producción","miles de tn","Cámara Argentina del Acero","Mensual","Nacional","PAIS","200","Argentina",2024-05-01,126.9
26,"Industrias Metálicas Básicas, Siderurgia y aluminio",456,"Laminados planos","Producción","miles de tn","Cámara Argentina del Acero","Mensual","Nacional","PAIS","200","Argentina",2024-06-01,127.5
26,"Industrias Metálicas Básicas, Siderurgia y aluminio",456,"Laminados planos","Producción","miles de tn","Cámara Argentina del Acero","Mensual","Nacional","PAIS","200","Argentina",2024-07-01,176.6
26,"Industrias Metálicas Básicas, Siderurgia y aluminio",456,"Laminados planos","Producción","miles de tn","Cámara Argentina del Acero","Mensual","Nacional","PAIS","200","Argentina",2024-08-01,171.4
26,"Industrias Metálicas Básicas, Siderurgia y aluminio",456,"Laminados planos","Producción","miles de tn","Cámara Argentina del Acero","Mensual","Nacional","PAIS","200","Argentina",2024-09-01,177.6
26,"Industrias Metálicas Básicas, Siderurgia y aluminio",456,"Laminados planos","Producción","miles de tn","Cámara Argentina del Acero","Mensual","Nacional","PAIS","200","Argentina",2024-10-01,185.5
26,"Industrias Metálicas Básicas, Siderurgia y aluminio",456,"Laminados planos","Producción","miles de tn","Cámara Argentina del Acero","Mensual","Nacional","PAIS","200","Argentina",2024-11-01,174
26,"Industrias Metálicas Básicas, Siderurgia y aluminio",456,"Laminados planos","Producción","miles de tn","Cámara Argentina del Acero","Mensual","Nacional","PAIS","200","Argentina",2024-12-01,144.6
26,"Industrias Metálicas Básicas, Siderurgia y aluminio",456,"Laminados planos","Producción","miles de tn","Cámara Argentina del Acero","Mensual","Nacional","PAIS","200","Argentina",2025-01-01,165.7
26,"Industrias Metálicas Básicas, Siderurgia y aluminio",456,"Laminados planos","Producción","miles de tn","Cámara Argentina del Acero","Mensual","Nacional","PAIS","200","Argentina",2025-02-01,47
26,"Industrias Metálicas Básicas, Siderurgia y aluminio",456,"Laminados planos","Producción","miles de tn","Cámara Argentina del Acero","Mensual","Nacional","PAIS","200","Argentina",2025-03-01,189.2
26,"Industrias Metálicas Básicas, Siderurgia y aluminio",456,"Laminados planos","Producción","miles de tn","Cámara Argentina del Acero","Mensual","Nacional","PAIS","200","Argentina",2025-04-01,192.7
26,"Industrias Metálicas Básicas, Siderurgia y aluminio",456,"Laminados planos","Producción","miles de tn","Cámara Argentina del Acero","Mensual","Nacional","PAIS","200","Argentina",2025-05-01,183.4
26,"Industrias Metálicas Básicas, Siderurgia y aluminio",456,"Laminados planos","Producción","miles de tn","Cámara Argentina del Acero","Mensual","Nacional","PAIS","200","Argentina",2025-06-01,163.8
26,"Industrias Metálicas Básicas, Siderurgia y aluminio",456,"Laminados planos","Producción","miles de tn","Cámara Argentina del Acero","Mensual","Nacional","PAIS","200","Argentina",2025-07-01,149.3
26,"Industrias Metálicas Básicas, Siderurgia y aluminio",456,"Laminados planos","Producción","miles de tn","Cámara Argentina del Acero","Mensual","Nacional","PAIS","200","Argentina",2025-08-01,181.7
26,"Industrias Metálicas Básicas, Siderurgia y aluminio",456,"Laminados planos","Producción","miles de tn","Cámara Argentina del Acero","Mensual","Nacional","PAIS","200","Argentina",2025-09-01,202.1
26,"Industrias Metálicas Básicas, Siderurgia y aluminio",456,"Laminados planos","Producción","miles de tn","Cámara Argentina del Acero","Mensual","Nacional","PAIS","200","Argentina",2025-10-01,219.7
26,"Industrias Metálicas Básicas, Siderurgia y aluminio",456,"Laminados planos","Producción","miles de tn","Cámara Argentina del Acero","Mensual","Nacional","PAIS","200","Argentina",2025-11-01,205.2
26,"Industrias Metálicas Básicas, Siderurgia y aluminio",456,"Laminados planos","Producción","miles de tn","Cámara Argentina del Acero","Mensual","Nacional","PAIS","200","Argentina",2025-12-01,190.6
26,"Industrias Metálicas Básicas, Siderurgia y aluminio",456,"Laminados planos","Producción","miles de tn","Cámara Argentina del Acero","Mensual","Nacional","PAIS","200","Argentina",2026-01-01,151.9
26,"Industrias Metálicas Básicas, Siderurgia y aluminio",456,"Laminados planos","Producción","miles de tn","Cámara Argentina del Acero","Mensual","Nacional","PAIS","200","Argentina",2026-02-01,59.8
26,"Industrias Metálicas Básicas, Siderurgia y aluminio",456,"Laminados planos","Producción","miles de tn","Cámara Argentina del Acero","Mensual","Nacional","PAIS","200","Argentina",2026-03-01,128.1
26,"Industrias Metálicas Básicas, Siderurgia y aluminio",456,"Laminados planos","Producción","miles de tn","Cámara Argentina del Acero","Mensual","Nacional","PAIS","200","Argentina",2026-04-01,129.4
26,"Industrias Metálicas Básicas, Siderurgia y aluminio",456,"Laminados planos","Producción","miles de tn","Cámara Argentina del Acero","Mensual","Nacional","PAIS","200","Argentina",2026-05-01,192
26,"Industrias Metálicas Básicas, Siderurgia y aluminio",456,"Laminados planos","Producción","miles de tn","Cámara Argentina del Acero","Mensual","Nacional","PAIS","200","Argentina",2026-06-01,192.6
26,"Industrias Metálicas Básicas, Siderurgia y aluminio",457,"Tubos sin costura","Producción","miles de tn","Cámara Argentina del Acero","Trimestral","Nacional","PAIS","200","Argentina",2008-01-01,192.051
26,"Industrias Metálicas Básicas, Siderurgia y aluminio",457,"Tubos sin costura","Producción","miles de tn","Cámara Argentina del Acero","Trimestral","Nacional","PAIS","200","Argentina",2008-04-01,240.846
26,"Industrias Metálicas Básicas, Siderurgia y aluminio",457,"Tubos sin costura","Producción","miles de tn","Cámara Argentina del Acero","Trimestral","Nacional","PAIS","200","Argentina",2008-07-01,254.378
26,"Industrias Metálicas Básicas, Siderurgia y aluminio",457,"Tubos sin costura","Producción","miles de tn","Cámara Argentina del Acero","Trimestral","Nacional","PAIS","200","Argentina",2008-10-01,225.427
26,"Industrias Metálicas Básicas, Siderurgia y aluminio",457,"Tubos sin costura","Producción","miles de tn","Cámara Argentina del Acero","Trimestral","Nacional","PAIS","200","Argentina",2009-01-01,114.503
26,"Industrias Metálicas Básicas, Siderurgia y aluminio",457,"Tubos sin costura","Producción","miles de tn","Cámara Argentina del Acero","Trimestral","Nacional","PAIS","200","Argentina",2009-04-01,101.693
26,"Industrias Metálicas Básicas, Siderurgia y aluminio",457,"Tubos sin costura","Producción","miles de tn","Cámara Argentina del Acero","Trimestral","Nacional","PAIS","200","Argentina",2009-07-01,125.3
26,"Industrias Metálicas Básicas, Siderurgia y aluminio",457,"Tubos sin costura","Producción","miles de tn","Cámara Argentina del Acero","Trimestral","Nacional","PAIS","200","Argentina",2009-10-01,158.879
26,"Industrias Metálicas Básicas, Siderurgia y aluminio",457,"Tubos sin costura","Producción","miles de tn","Cámara Argentina del Acero","Trimestral","Nacional","PAIS","200","Argentina",2010-01-01,141.084
26,"Industrias Metálicas Básicas, Siderurgia y aluminio",457,"Tubos sin costura","Producción","miles de tn","Cámara Argentina del Acero","Trimestral","Nacional","PAIS","200","Argentina",2010-04-01,201.237
26,"Industrias Metálicas Básicas, Siderurgia y aluminio",457,"Tubos sin costura","Producción","miles de tn","Cámara Argentina del Acero","Trimestral","Nacional","PAIS","200","Argentina",2010-07-01,232.977
26,"Industrias Metálicas Básicas, Siderurgia y aluminio",457,"Tubos sin costura","Producción","miles de tn","Cámara Argentina del Acero","Trimestral","Nacional","PAIS","200","Argentina",2010-10-01,203.263
26,"Industrias Metálicas Básicas, Siderurgia y aluminio",457,"Tubos sin costura","Producción","miles de tn","Cámara Argentina del Acero","Trimestral","Nacional","PAIS","200","Argentina",2011-01-01,169.319
26,"Industrias Metálicas Básicas, Siderurgia y aluminio",457,"Tubos sin costura","Producción","miles de tn","Cámara Argentina del Acero","Trimestral","Nacional","PAIS","200","Argentina",2011-04-01,205.234
26,"Industrias Metálicas Básicas, Siderurgia y aluminio",457,"Tubos sin costura","Producción","miles de tn","Cámara Argentina del Acero","Trimestral","Nacional","PAIS","200","Argentina",2011-07-01,243.409
26,"Industrias Metálicas Básicas, Siderurgia y aluminio",457,"Tubos sin costura","Producción","miles de tn","Cámara Argentina del Acero","Trimestral","Nacional","PAIS","200","Argentina",2011-10-01,230.999
26,"Industrias Metálicas Básicas, Siderurgia y aluminio",457,"Tubos sin costura","Producción","miles de tn","Cámara Argentina del Acero","Trimestral","Nacional","PAIS","200","Argentina",2012-01-01,178.44
26,"Industrias Metálicas Básicas, Siderurgia y aluminio",457,"Tubos sin costura","Producción","miles de tn","Cámara Argentina del Acero","Trimestral","Nacional","PAIS","200","Argentina",2012-04-01,219.246
26,"Industrias Metálicas Básicas, Siderurgia y aluminio",457,"Tubos sin costura","Producción","miles de tn","Cámara Argentina del Acero","Trimestral","Nacional","PAIS","200","Argentina",2012-07-01,234.986
26,"Industrias Metálicas Básicas, Siderurgia y aluminio",457,"Tubos sin costura","Producción","miles de tn","Cámara Argentina del Acero","Trimestral","Nacional","PAIS","200","Argentina",2012-10-01,216.75
26,"Industrias Metálicas Básicas, Siderurgia y aluminio",457,"Tubos sin costura","Producción","miles de tn","Cámara Argentina del Acero","Trimestral","Nacional","PAIS","200","Argentina",2013-01-01,137.664
26,"Industrias Metálicas Básicas, Siderurgia y aluminio",457,"Tubos sin costura","Producción","miles de tn","Cámara Argentina del Acero","Trimestral","Nacional","PAIS","200","Argentina",2013-04-01,181.262
26,"Industrias Metálicas Básicas, Siderurgia y aluminio",457,"Tubos sin costura","Producción","miles de tn","Cámara Argentina del Acero","Trimestral","Nacional","PAIS","200","Argentina",2013-07-01,175.667
26,"Industrias Metálicas Básicas, Siderurgia y aluminio",457,"Tubos sin costura","Producción","miles de tn","Cámara Argentina del Acero","Trimestral","Nacional","PAIS","200","Argentina",2013-10-01,197.331
26,"Industrias Metálicas Básicas, Siderurgia y aluminio",457,"Tubos sin costura","Producción","miles de tn","Cámara Argentina del Acero","Trimestral","Nacional","PAIS","200","Argentina",2014-01-01,150.738
26,"Industrias Metálicas Básicas, Siderurgia y aluminio",457,"Tubos sin costura","Producción","miles de tn","Cámara Argentina del Acero","Trimestral","Nacional","PAIS","200","Argentina",2014-04-01,197.203
26,"Industrias Metálicas Básicas, Siderurgia y aluminio",457,"Tubos sin costura","Producción","miles de tn","Cámara Argentina del Acero","Trimestral","Nacional","PAIS","200","Argentina",2014-07-01,203.282
26,"Industrias Metálicas Básicas, Siderurgia y aluminio",457,"Tubos sin costura","Producción","miles de tn","Cámara Argentina del Acero","Trimestral","Nacional","PAIS","200","Argentina",2014-10-01,195.822
26,"Industrias Metálicas Básicas, Siderurgia y aluminio",457,"Tubos sin costura","Producción","miles de tn","Cámara Argentina del Acero","Trimestral","Nacional","PAIS","200","Argentina",2015-01-01,96.427
26,"Industrias Metálicas Básicas, Siderurgia y aluminio",457,"Tubos sin costura","Producción","miles de tn","Cámara Argentina del Acero","Trimestral","Nacional","PAIS","200","Argentina",2015-04-01,70.574
26,"Industrias Metálicas Básicas, Siderurgia y aluminio",457,"Tubos sin costura","Producción","miles de tn","Cámara Argentina del Acero","Trimestral","Nacional","PAIS","200","Argentina",2015-07-01,98.24
26,"Industrias Metálicas Básicas, Siderurgia y aluminio",457,"Tubos sin costura","Producción","miles de tn","Cámara Argentina del Acero","Trimestral","Nacional","PAIS","200","Argentina",2015-10-01,94.607
26,"Industrias Metálicas Básicas, Siderurgia y aluminio",457,"Tubos sin costura","Producción","miles de tn","Cámara Argentina del Acero","Trimestral","Nacional","PAIS","200","Argentina",2016-01-01,42.584
26,"Industrias Metálicas Básicas, Siderurgia y aluminio",457,"Tubos sin costura","Producción","miles de tn","Cámara Argentina del Acero","Trimestral","Nacional","PAIS","200","Argentina",2016-04-01,96.447
26,"Industrias Metálicas Básicas, Siderurgia y aluminio",457,"Tubos sin costura","Producción","miles de tn","Cámara Argentina del Acero","Trimestral","Nacional","PAIS","200","Argentina",2016-07-01,114
26,"Industrias Metálicas Básicas, Siderurgia y aluminio",457,"Tubos sin costura","Producción","miles de tn","Cámara Argentina del Acero","Trimestral","Nacional","PAIS","200","Argentina",2016-10-01,122
26,"Industrias Metálicas Básicas, Siderurgia y aluminio",457,"Tubos sin costura","Producción","miles de tn","Cámara Argentina del Acero","Trimestral","Nacional","PAIS","200","Argentina",2017-01-01,90
26,"Industrias Metálicas Básicas, Siderurgia y aluminio",457,"Tubos sin costura","Producción","miles de tn","Cámara Argentina del Acero","Trimestral","Nacional","PAIS","200","Argentina",2017-04-01,161
26,"Industrias Metálicas Básicas, Siderurgia y aluminio",457,"Tubos sin costura","Producción","miles de tn","Cámara Argentina del Acero","Trimestral","Nacional","PAIS","200","Argentina",2017-07-01,174
26,"Industrias Metálicas Básicas, Siderurgia y aluminio",457,"Tubos sin costura","Producción","miles de tn","Cámara Argentina del Acero","Trimestral","Nacional","PAIS","200","Argentina",2017-10-01,197
26,"Industrias Metálicas Básicas, Siderurgia y aluminio",457,"Tubos sin costura","Producción","miles de tn","Cámara Argentina del Acero","Trimestral","Nacional","PAIS","200","Argentina",2018-01-01,153
26,"Industrias Metálicas Básicas, Siderurgia y aluminio",457,"Tubos sin costura","Producción","miles de tn","Cámara Argentina del Acero","Trimestral","Nacional","PAIS","200","Argentina",2018-04-01,174
26,"Industrias Metálicas Básicas, Siderurgia y aluminio",457,"Tubos sin costura","Producción","miles de tn","Cámara Argentina del Acero","Trimestral","Nacional","PAIS","200","Argentina",2018-07-01,197
26,"Industrias Metálicas Básicas, Siderurgia y aluminio",457,"Tubos sin costura","Producción","miles de tn","Cámara Argentina del Acero","Trimestral","Nacional","PAIS","200","Argentina",2018-10-01,163
26,"Industrias Metálicas Básicas, Siderurgia y aluminio",457,"Tubos sin costura","Producción","miles de tn","Cámara Argentina del Acero","Trimestral","Nacional","PAIS","200","Argentina",2019-01-01,113
26,"Industrias Metálicas Básicas, Siderurgia y aluminio",457,"Tubos sin costura","Producción","miles de tn","Cámara Argentina del Acero","Trimestral","Nacional","PAIS","200","Argentina",2019-04-01,178
26,"Industrias Metálicas Básicas, Siderurgia y aluminio",457,"Tubos sin costura","Producción","miles de tn","Cámara Argentina del Acero","Trimestral","Nacional","PAIS","200","Argentina",2019-07-01,185
26,"Industrias Metálicas Básicas, Siderurgia y aluminio",457,"Tubos sin costura","Producción","miles de tn","Cámara Argentina del Acero","Trimestral","Nacional","PAIS","200","Argentina",2019-10-01,156
26,"Industrias Metálicas Básicas, Siderurgia y aluminio",457,"Tubos sin costura","Producción","miles de tn","Cámara Argentina del Acero","Trimestral","Nacional","PAIS","200","Argentina",2020-01-01,77
26,"Industrias Metálicas Básicas, Siderurgia y aluminio",457,"Tubos sin costura","Producción","miles de tn","Cámara Argentina del Acero","Trimestral","Nacional","PAIS","200","Argentina",2020-04-01,45
26,"Industrias Metálicas Básicas, Siderurgia y aluminio",457,"Tubos sin costura","Producción","miles de tn","Cámara Argentina del Acero","Trimestral","Nacional","PAIS","200","Argentina",2020-07-01,49
26,"Industrias Metálicas Básicas, Siderurgia y aluminio",457,"Tubos sin costura","Producción","miles de tn","Cámara Argentina del Acero","Trimestral","Nacional","PAIS","200","Argentina",2020-10-01,97
26,"Industrias Metálicas Básicas, Siderurgia y aluminio",457,"Tubos sin costura","Producción","miles de tn","Cámara Argentina del Acero","Trimestral","Nacional","PAIS","200","Argentina",2021-01-01,82
26,"Industrias Metálicas Básicas, Siderurgia y aluminio",457,"Tubos sin costura","Producción","miles de tn","Cámara Argentina del Acero","Trimestral","Nacional","PAIS","200","Argentina",2021-04-01,136
26,"Industrias Metálicas Básicas, Siderurgia y aluminio",457,"Tubos sin costura","Producción","miles de tn","Cámara Argentina del Acero","Trimestral","Nacional","PAIS","200","Argentina",2021-07-01,158
26,"Industrias Metálicas Básicas, Siderurgia y aluminio",457,"Tubos sin costura","Producción","miles de tn","Cámara Argentina del Acero","Trimestral","Nacional","PAIS","200","Argentina",2021-10-01,171
26,"Industrias Metálicas Básicas, Siderurgia y aluminio",457,"Tubos sin costura","Producción","miles de tn","Cámara Argentina del Acero","Trimestral","Nacional","PAIS","200","Argentina",2022-01-01,148
26,"Industrias Metálicas Básicas, Siderurgia y aluminio",457,"Tubos sin costura","Producción","miles de tn","Cámara Argentina del Acero","Trimestral","Nacional","PAIS","200","Argentina",2022-04-01,122
26,"Industrias Metálicas Básicas, Siderurgia y aluminio",457,"Tubos sin costura","Producción","miles de tn","Cámara Argentina del Acero","Trimestral","Nacional","PAIS","200","Argentina",2022-07-01,181
26,"Industrias Metálicas Básicas, Siderurgia y aluminio",457,"Tubos sin costura","Producción","miles de tn","Cámara Argentina del Acero","Trimestral","Nacional","PAIS","200","Argentina",2022-10-01,165
26,"Industrias Metálicas Básicas, Siderurgia y aluminio",457,"Tubos sin costura","Producción","miles de tn","Cámara Argentina del Acero","Trimestral","Nacional","PAIS","200","Argentina",2023-01-01,173
26,"Industrias Metálicas Básicas, Siderurgia y aluminio",457,"Tubos sin costura","Producción","miles de tn","Cámara Argentina del Acero","Trimestral","Nacional","PAIS","200","Argentina",2023-04-01,188
26,"Industrias Metálicas Básicas, Siderurgia y aluminio",457,"Tubos sin costura","Producción","miles de tn","Cámara Argentina del Acero","Trimestral","Nacional","PAIS","200","Argentina",2023-07-01,110
26,"Industrias Metálicas Básicas, Siderurgia y aluminio",457,"Tubos sin costura","Producción","miles de tn","Cámara Argentina del Acero","Trimestral","Nacional","PAIS","200","Argentina",2023-10-01,137
26,"Industrias Metálicas Básicas, Siderurgia y aluminio",457,"Tubos sin costura","Producción","miles de tn","Cámara Argentina del Acero","Trimestral","Nacional","PAIS","200","Argentina",2024-01-01,121
26,"Industrias Metálicas Básicas, Siderurgia y aluminio",457,"Tubos sin costura","Producción","miles de tn","Cámara Argentina del Acero","Trimestral","Nacional","PAIS","200","Argentina",2024-04-01,136
26,"Industrias Metálicas Básicas, Siderurgia y aluminio",457,"Tubos sin costura","Producción","miles de tn","Cámara Argentina del Acero","Trimestral","Nacional","PAIS","200","Argentina",2024-07-01,140
26,"Industrias Metálicas Básicas, Siderurgia y aluminio",457,"Tubos sin costura","Producción","miles de tn","Cámara Argentina del Acero","Trimestral","Nacional","PAIS","200","Argentina",2024-10-01,119
26,"Industrias Metálicas Básicas, Siderurgia y aluminio",457,"Tubos sin costura","Producción","miles de tn","Cámara Argentina del Acero","Trimestral","Nacional","PAIS","200","Argentina",2025-01-01,91
26,"Industrias Metálicas Básicas, Siderurgia y aluminio",457,"Tubos sin costura","Producción","miles de tn","Cámara Argentina del Acero","Trimestral","Nacional","PAIS","200","Argentina",2025-04-01,119
26,"Industrias Metálicas Básicas, Siderurgia y aluminio",457,"Tubos sin costura","Producción","miles de tn","Cámara Argentina del Acero","Trimestral","Nacional","PAIS","200","Argentina",2025-07-01,100
26,"Industrias Metálicas Básicas, Siderurgia y aluminio",457,"Tubos sin costura","Producción","miles de tn","Cámara Argentina del Acero","Trimestral","Nacional","PAIS","200","Argentina",2025-10-01,77
26,"Industrias Metálicas Básicas, Siderurgia y aluminio",457,"Tubos sin costura","Producción","miles de tn","Cámara Argentina del Acero","Trimestral","Nacional","PAIS","200","Argentina",2026-01-01,93
26,"Industrias Metálicas Básicas, Siderurgia y aluminio",457,"Tubos sin costura","Producción","miles de tn","Cámara Argentina del Acero","Trimestral","Nacional","PAIS","200","Argentina",2026-04-01,79
26,"Industrias Metálicas Básicas, Siderurgia y aluminio",1005,"Aluminio","Precio internacional_LME (London Metal Exchange)","US$/tn","Banco Mundial","Mensual","Mundial","MUNDO","000","MUNDO",1960-01-01,511
26,"Industrias Metálicas Básicas, Siderurgia y aluminio",1005,"Aluminio","Precio internacional_LME (London Metal Exchange)","US$/tn","Banco Mundial","Mensual","Mundial","MUNDO","000","MUNDO",1960-02-01,511
26,"Industrias Metálicas Básicas, Siderurgia y aluminio",1005,"Aluminio","Precio internacional_LME (London Metal Exchange)","US$/tn","Banco Mundial","Mensual","Mundial","MUNDO","000","MUNDO",1960-03-01,511
26,"Industrias Metálicas Básicas, Siderurgia y aluminio",1005,"Aluminio","Precio internacional_LME (London Metal Exchange)","US$/tn","Banco Mundial","Mensual","Mundial","MUNDO","000","MUNDO",1960-04-01,511
26,"Industrias Metálicas Básicas, Siderurgia y aluminio",1005,"Aluminio","Precio internacional_LME (London Metal Exchange)","US$/tn","Banco Mundial","Mensual","Mundial","MUNDO","000","MUNDO",1960-05-01,511
26,"Industrias Metálicas Básicas, Siderurgia y aluminio",1005,"Aluminio","Precio internacional_LME (London Metal Exchange)","US$/tn","Banco Mundial","Mensual","Mundial","MUNDO","000","MUNDO",1960-06-01,511
26,"Industrias Metálicas Básicas, Siderurgia y aluminio",1005,"Aluminio","Precio internacional_LME (London Metal Exchange)","US$/tn","Banco Mundial","Mensual","Mundial","MUNDO","000","MUNDO",1960-07-01,511
26,"Industrias Metálicas Básicas, Siderurgia y aluminio",1005,"Aluminio","Precio internacional_LME (London Metal Exchange)","US$/tn","Banco Mundial","Mensual","Mundial","MUNDO","000","MUNDO",1960-08-01,511
26,"Industrias Metálicas Básicas, Siderurgia y aluminio",1005,"Aluminio","Precio internacional_LME (London Metal Exchange)","US$/tn","Banco Mundial","Mensual","Mundial","MUNDO","000","MUNDO",1960-09-01,511
26,"Industrias Metálicas Básicas, Siderurgia y aluminio",1005,"Aluminio","Precio internacional_LME (London Metal Exchange)","US$/tn","Banco Mundial","Mensual","Mundial","MUNDO","000","MUNDO",1960-10-01,511
26,"Industrias Metálicas Básicas, Siderurgia y aluminio",1005,"Aluminio","Precio internacional_LME (London Metal Exchange)","US$/tn","Banco Mundial","Mensual","Mundial","MUNDO","000","MUNDO",1960-11-01,511
26,"Industrias Metálicas Básicas, Siderurgia y aluminio",1005,"Aluminio","Precio internacional_LME (London Metal Exchange)","US$/tn","Banco Mundial","Mensual","Mundial","MUNDO","000","MUNDO",1960-12-01,511
26,"Industrias Metálicas Básicas, Siderurgia y aluminio",1005,"Aluminio","Precio internacional_LME (London Metal Exchange)","US$/tn","Banco Mundial","Mensual","Mundial","MUNDO","000","MUNDO",1961-01-01,511
26,"Industrias Metálicas Básicas, Siderurgia y aluminio",1005,"Aluminio","Precio internacional_LME (London Metal Exchange)","US$/tn","Banco Mundial","Mensual","Mundial","MUNDO","000","MUNDO",1961-02-01,511
26,"Industrias Metálicas Básicas, Siderurgia y aluminio",1005,"Aluminio","Precio internacional_LME (London Metal Exchange)","US$/tn","Banco Mundial","Mensual","Mundial","MUNDO","000","MUNDO",1961-03-01,511
26,"Industrias Metálicas Básicas, Siderurgia y aluminio",1005,"Aluminio","Precio internacional_LME (London Metal Exchange)","US$/tn","Banco Mundial","Mensual","Mundial","MUNDO","000","MUNDO",1961-04-01,511
26,"Industrias Metálicas Básicas, Siderurgia y aluminio",1005,"Aluminio","Precio internacional_LME (London Metal Exchange)","US$/tn","Banco Mundial","Mensual","Mundial","MUNDO","000","MUNDO",1961-05-01,511
26,"Industrias Metálicas Básicas, Siderurgia y aluminio",1005,"Aluminio","Precio internacional_LME (London Metal Exchange)","US$/tn","Banco Mundial","Mensual","Mundial","MUNDO","000","MUNDO",1961-06-01,511
26,"Industrias Metálicas Básicas, Siderurgia y aluminio",1005,"Aluminio","Precio internacional_LME (London Metal Exchange)","US$/tn","Banco Mundial","Mensual","Mundial","MUNDO","000","MUNDO",1961-07-01,511
26,"Industrias Metálicas Básicas, Siderurgia y aluminio",1005,"Aluminio","Precio internacional_LME (London Metal Exchange)","US$/tn","Banco Mundial","Mensual","Mundial","MUNDO","000","MUNDO",1961-08-01,511
26,"Industrias Metálicas Básicas, Siderurgia y aluminio",1005,"Aluminio","Precio internacional_LME (London Metal Exchange)","US$/tn","Banco Mundial","Mensual","Mundial","MUNDO","000","MUNDO",1961-09-01,511
26,"Industrias Metálicas Básicas, Siderurgia y aluminio",1005,"Aluminio","Precio internacional_LME (London Metal Exchange)","US$/tn","Banco Mundial","Mensual","Mundial","MUNDO","000","MUNDO",1961-10-01,511
26,"Industrias Metálicas Básicas, Siderurgia y aluminio",1005,"Aluminio","Precio internacional_LME (London Metal Exchange)","US$/tn","Banco Mundial","Mensual","Mundial","MUNDO","000","MUNDO",1961-11-01,511
26,"Industrias Metálicas Básicas, Siderurgia y aluminio",1005,"Aluminio","Precio internacional_LME (London Metal Exchange)","US$/tn","Banco Mundial","Mensual","Mundial","MUNDO","000","MUNDO",1961-12-01,511
26,"Industrias Metálicas Básicas, Siderurgia y aluminio",1005,"Aluminio","Precio internacional_LME (London Metal Exchange)","US$/tn","Banco Mundial","Mensual","Mundial","MUNDO","000","MUNDO",1962-01-01,511
26,"Industrias Metálicas Básicas, Siderurgia y aluminio",1005,"Aluminio","Precio internacional_LME (London Metal Exchange)","US$/tn","Banco Mundial","Mensual","Mundial","MUNDO","000","MUNDO",1962-02-01,505
26,"Industrias Metálicas Básicas, Siderurgia y aluminio",1005,"Aluminio","Precio internacional_LME (London Metal Exchange)","US$/tn","Banco Mundial","Mensual","Mundial","MUNDO","000","MUNDO",1962-03-01,496
26,"Industrias Metálicas Básicas, Siderurgia y aluminio",1005,"Aluminio","Precio internacional_LME (London Metal Exchange)","US$/tn","Banco Mundial","Mensual","Mundial","MUNDO","000","MUNDO",1962-04-01,496
26,"Industrias Metálicas Básicas, Siderurgia y aluminio",1005,"Aluminio","Precio internacional_LME (London Metal Exchange)","US$/tn","Banco Mundial","Mensual","Mundial","MUNDO","000","MUNDO",1962-05-01,496
26,"Industrias Metálicas Básicas, Siderurgia y aluminio",1005,"Aluminio","Precio internacional_LME (London Metal Exchange)","US$/tn","Banco Mundial","Mensual","Mundial","MUNDO","000","MUNDO",1962-06-01,496
26,"Industrias Metálicas Básicas, Siderurgia y aluminio",1005,"Aluminio","Precio internacional_LME (London Metal Exchange)","US$/tn","Banco Mundial","Mensual","Mundial","MUNDO","000","MUNDO",1962-07-01,496
26,"Industrias Metálicas Básicas, Siderurgia y aluminio",1005,"Aluminio","Precio internacional_LME (London Metal Exchange)","US$/tn","Banco Mundial","Mensual","Mundial","MUNDO","000","MUNDO",1962-08-01,496
26,"Industrias Metálicas Básicas, Siderurgia y aluminio",1005,"Aluminio","Precio internacional_LME (London Metal Exchange)","US$/tn","Banco Mundial","Mensual","Mundial","MUNDO","000","MUNDO",1962-09-01,496
26,"Industrias Metálicas Básicas, Siderurgia y aluminio",1005,"Aluminio","Precio internacional_LME (London Metal Exchange)","US$/tn","Banco Mundial","Mensual","Mundial","MUNDO","000","MUNDO",1962-10-01,496
26,"Industrias Metálicas Básicas, Siderurgia y aluminio",1005,"Aluminio","Precio internacional_LME (London Metal Exchange)","US$/tn","Banco Mundial","Mensual","Mundial","MUNDO","000","MUNDO",1962-11-01,496
26,"Industrias Metálicas Básicas, Siderurgia y aluminio",1005,"Aluminio","Precio internacional_LME (London Metal Exchange)","US$/tn","Banco Mundial","Mensual","Mundial","MUNDO","000","MUNDO",1962-12-01,496
26,"Industrias Metálicas Básicas, Siderurgia y aluminio",1005,"Aluminio","Precio internacional_LME (London Metal Exchange)","US$/tn","Banco Mundial","Mensual","Mundial","MUNDO","000","MUNDO",1963-01-01,496
26,"Industrias Metálicas Básicas, Siderurgia y aluminio",1005,"Aluminio","Precio internacional_LME (London Metal Exchange)","US$/tn","Banco Mundial","Mensual","Mundial","MUNDO","000","MUNDO",1963-02-01,496
26,"Industrias Metálicas Básicas, Siderurgia y aluminio",1005,"Aluminio","Precio internacional_LME (London Metal Exchange)","US$/tn","Banco Mundial","Mensual","Mundial","MUNDO","000","MUNDO",1963-03-01,496
26,"Industrias Metálicas Básicas, Siderurgia y aluminio",1005,"Aluminio","Precio internacional_LME (London Metal Exchange)","US$/tn","Banco Mundial","Mensual","Mundial","MUNDO","000","MUNDO",1963-04-01,496
26,"Industrias Metálicas Básicas, Siderurgia y aluminio",1005,"Aluminio","Precio internacional_LME (London Metal Exchange)","US$/tn","Banco Mundial","Mensual","Mundial","MUNDO","000","MUNDO",1963-05-01,496
26,"Industrias Metálicas Básicas, Siderurgia y aluminio",1005,"Aluminio","Precio internacional_LME (London Metal Exchange)","US$/tn","Banco Mundial","Mensual","Mundial","MUNDO","000","MUNDO",1963-06-01,496
26,"Industrias Metálicas Básicas, Siderurgia y aluminio",1005,"Aluminio","Precio internacional_LME (London Metal Exchange)","US$/tn","Banco Mundial","Mensual","Mundial","MUNDO","000","MUNDO",1963-07-01,496
26,"Industrias Metálicas Básicas, Siderurgia y aluminio",1005,"Aluminio","Precio internacional_LME (London Metal Exchange)","US$/tn","Banco Mundial","Mensual","Mundial","MUNDO","000","MUNDO",1963-08-01,496
26,"Industrias Metálicas Básicas, Siderurgia y aluminio",1005,"Aluminio","Precio internacional_LME (London Metal Exchange)","US$/tn","Banco Mundial","Mensual","Mundial","MUNDO","000","MUNDO",1963-09-01,496
26,"Industrias Metálicas Básicas, Siderurgia y aluminio",1005,"Aluminio","Precio internacional_LME (London Metal Exchange)","US$/tn","Banco Mundial","Mensual","Mundial","MUNDO","000","MUNDO",1963-10-01,507
26,"Industrias Metálicas Básicas, Siderurgia y aluminio",1005,"Aluminio","Precio internacional_LME (London Metal Exchange)","US$/tn","Banco Mundial","Mensual","Mundial","MUNDO","000","MUNDO",1963-11-01,507
26,"Industrias Metálicas Básicas, Siderurgia y aluminio",1005,"Aluminio","Precio internacional_LME (London Metal Exchange)","US$/tn","Banco Mundial","Mensual","Mundial","MUNDO","000","MUNDO",1963-12-01,507
26,"Industrias Metálicas Básicas, Siderurgia y aluminio",1005,"Aluminio","Precio internacional_LME (London Metal Exchange)","US$/tn","Banco Mundial","Mensual","Mundial","MUNDO","000","MUNDO",1964-01-01,507
26,"Industrias Metálicas Básicas, Siderurgia y aluminio",1005,"Aluminio","Precio internacional_LME (London Metal Exchange)","US$/tn","Banco Mundial","Mensual","Mundial","MUNDO","000","MUNDO",1964-02-01,507
26,"Industrias Metálicas Básicas, Siderurgia y aluminio",1005,"Aluminio","Precio internacional_LME (London Metal Exchange)","US$/tn","Banco Mundial","Mensual","Mundial","MUNDO","000","MUNDO",1964-03-01,525
26,"Industrias Metálicas Básicas, Siderurgia y aluminio",1005,"Aluminio","Precio internacional_LME (London Metal Exchange)","US$/tn","Banco Mundial","Mensual","Mundial","MUNDO","000","MUNDO",1964-04-01,529
26,"Industrias Metálicas Básicas, Siderurgia y aluminio",1005,"Aluminio","Precio internacional_LME (London Metal Exchange)","US$/tn","Banco Mundial","Mensual","Mundial","MUNDO","000","MUNDO",1964-05-01,529
26,"Industrias Metálicas Básicas, Siderurgia y aluminio",1005,"Aluminio","Precio internacional_LME (London Metal Exchange)","US$/tn","Banco Mundial","Mensual","Mundial","MUNDO","000","MUNDO",1964-06-01,529
26,"Industrias Metálicas Básicas, Siderurgia y aluminio",1005,"Aluminio","Precio internacional_LME (London Metal Exchange)","US$/tn","Banco Mundial","Mensual","Mundial","MUNDO","000","MUNDO",1964-07-01,529
26,"Industrias Metálicas Básicas, Siderurgia y aluminio",1005,"Aluminio","Precio internacional_LME (London Metal Exchange)","US$/tn","Banco Mundial","Mensual","Mundial","MUNDO","000","MUNDO",1964-08-01,529
26,"Industrias Metálicas Básicas, Siderurgia y aluminio",1005,"Aluminio","Precio internacional_LME (London Metal Exchange)","US$/tn","Banco Mundial","Mensual","Mundial","MUNDO","000","MUNDO",1964-09-01,529
26,"Industrias Metálicas Básicas, Siderurgia y aluminio",1005,"Aluminio","Precio internacional_LME (London Metal Exchange)","US$/tn","Banco Mundial","Mensual","Mundial","MUNDO","000","MUNDO",1964-10-01,529
26,"Industrias Metálicas Básicas, Siderurgia y aluminio",1005,"Aluminio","Precio internacional_LME (London Metal Exchange)","US$/tn","Banco Mundial","Mensual","Mundial","MUNDO","000","MUNDO",1964-11-01,529
26,"Industrias Metálicas Básicas, Siderurgia y aluminio",1005,"Aluminio","Precio internacional_LME (London Metal Exchange)","US$/tn","Banco Mundial","Mensual","Mundial","MUNDO","000","MUNDO",1964-12-01,540
26,"Industrias Metálicas Básicas, Siderurgia y aluminio",1005,"Aluminio","Precio internacional_LME (London Metal Exchange)","US$/tn","Banco Mundial","Mensual","Mundial","MUNDO","000","MUNDO",1965-01-01,540
26,"Industrias Metálicas Básicas, Siderurgia y aluminio",1005,"Aluminio","Precio internacional_LME (London Metal Exchange)","US$/tn","Banco Mundial","Mensual","Mundial","MUNDO","000","MUNDO",1965-02-01,540
26,"Industrias Metálicas Básicas, Siderurgia y aluminio",1005,"Aluminio","Precio internacional_LME (London Metal Exchange)","US$/tn","Banco Mundial","Mensual","Mundial","MUNDO","000","MUNDO",1965-03-01,540
26,"Industrias Metálicas Básicas, Siderurgia y aluminio",1005,"Aluminio","Precio internacional_LME (London Metal Exchange)","US$/tn","Banco Mundial","Mensual","Mundial","MUNDO","000","MUNDO",1965-04-01,540
26,"Industrias Metálicas Básicas, Siderurgia y aluminio",1005,"Aluminio","Precio internacional_LME (London Metal Exchange)","US$/tn","Banco Mundial","Mensual","Mundial","MUNDO","000","MUNDO",1965-05-01,540
26,"Industrias Metálicas Básicas, Siderurgia y aluminio",1005,"Aluminio","Precio internacional_LME (London Metal Exchange)","US$/tn","Banco Mundial","Mensual","Mundial","MUNDO","000","MUNDO",1965-06-01,540
26,"Industrias Metálicas Básicas, Siderurgia y aluminio",1005,"Aluminio","Precio internacional_LME (London Metal Exchange)","US$/tn","Banco Mundial","Mensual","Mundial","MUNDO","000","MUNDO",1965-07-01,540
26,"Industrias Metálicas Básicas, Siderurgia y aluminio",1005,"Aluminio","Precio internacional_LME (London Metal Exchange)","US$/tn","Banco Mundial","Mensual","Mundial","MUNDO","000","MUNDO",1965-08-01,540
26,"Industrias Metálicas Básicas, Siderurgia y aluminio",1005,"Aluminio","Precio internacional_LME (London Metal Exchange)","US$/tn","Banco Mundial","Mensual","Mundial","MUNDO","000","MUNDO",1965-09-01,540
26,"Industrias Metálicas Básicas, Siderurgia y aluminio",1005,"Aluminio","Precio internacional_LME (London Metal Exchange)","US$/tn","Banco Mundial","Mensual","Mundial","MUNDO","000","MUNDO",1965-10-01,540
26,"Industrias Metálicas Básicas, Siderurgia y aluminio",1005,"Aluminio","Precio internacional_LME (London Metal Exchange)","US$/tn","Banco Mundial","Mensual","Mundial","MUNDO","000","MUNDO",1965-11-01,540
26,"Industrias Metálicas Básicas, Siderurgia y aluminio",1005,"Aluminio","Precio internacional_LME (London Metal Exchange)","US$/tn","Banco Mundial","Mensual","Mundial","MUNDO","000","MUNDO",1965-12-01,540
26,"Industrias Metálicas Básicas, Siderurgia y aluminio",1005,"Aluminio","Precio internacional_LME (London Metal Exchange)","US$/tn","Banco Mundial","Mensual","Mundial","MUNDO","000","MUNDO",1966-01-01,540
26,"Industrias Metálicas Básicas, Siderurgia y aluminio",1005,"Aluminio","Precio internacional_LME (London Metal Exchange)","US$/tn","Banco Mundial","Mensual","Mundial","MUNDO","000","MUNDO",1966-02-01,540
26,"Industrias Metálicas Básicas, Siderurgia y aluminio",1005,"Aluminio","Precio internacional_LME (London Metal Exchange)","US$/tn","Banco Mundial","Mensual","Mundial","MUNDO","000","MUNDO",1966-03-01,540
26,"Industrias Metálicas Básicas, Siderurgia y aluminio",1005,"Aluminio","Precio internacional_LME (London Metal Exchange)","US$/tn","Banco Mundial","Mensual","Mundial","MUNDO","000","MUNDO",1966-04-01,540
26,"Industrias Metálicas Básicas, Siderurgia y aluminio",1005,"Aluminio","Precio internacional_LME (London Metal Exchange)","US$/tn","Banco Mundial","Mensual","Mundial","MUNDO","000","MUNDO",1966-05-01,540
26,"Industrias Metálicas Básicas, Siderurgia y aluminio",1005,"Aluminio","Precio internacional_LME (London Metal Exchange)","US$/tn","Banco Mundial","Mensual","Mundial","MUNDO","000","MUNDO",1966-06-01,540
26,"Industrias Metálicas Básicas, Siderurgia y aluminio",1005,"Aluminio","Precio internacional_LME (London Metal Exchange)","US$/tn","Banco Mundial","Mensual","Mundial","MUNDO","000","MUNDO",1966-07-01,540
26,"Industrias Metálicas Básicas, Siderurgia y aluminio",1005,"Aluminio","Precio internacional_LME (London Metal Exchange)","US$/tn","Banco Mundial","Mensual","Mundial","MUNDO","000","MUNDO",1966-08-01,540
26,"Industrias Metálicas Básicas, Siderurgia y aluminio",1005,"Aluminio","Precio internacional_LME (London Metal Exchange)","US$/tn","Banco Mundial","Mensual","Mundial","MUNDO","000","MUNDO",1966-09-01,540
26,"Industrias Metálicas Básicas, Siderurgia y aluminio",1005,"Aluminio","Precio internacional_LME (London Metal Exchange)","US$/tn","Banco Mundial","Mensual","Mundial","MUNDO","000","MUNDO",1966-10-01,540
26,"Industrias Metálicas Básicas, Siderurgia y aluminio",1005,"Aluminio","Precio internacional_LME (London Metal Exchange)","US$/tn","Banco Mundial","Mensual","Mundial","MUNDO","000","MUNDO",1966-11-01,540
26,"Industrias Metálicas Básicas, Siderurgia y aluminio",1005,"Aluminio","Precio internacional_LME (London Metal Exchange)","US$/tn","Banco Mundial","Mensual","Mundial","MUNDO","000","MUNDO",1966-12-01,540
26,"Industrias Metálicas Básicas, Siderurgia y aluminio",1005,"Aluminio","Precio internacional_LME (London Metal Exchange)","US$/tn","Banco Mundial","Mensual","Mundial","MUNDO","000","MUNDO",1967-01-01,540
26,"Industrias Metálicas Básicas, Siderurgia y aluminio",1005,"Aluminio","Precio internacional_LME (London Metal Exchange)","US$/tn","Banco Mundial","Mensual","Mundial","MUNDO","000","MUNDO",1967-02-01,540
26,"Industrias Metálicas Básicas, Siderurgia y aluminio",1005,"Aluminio","Precio internacional_LME (London Metal Exchange)","US$/tn","Banco Mundial","Mensual","Mundial","MUNDO","000","MUNDO",1967-03-01,540
26,"Industrias Metálicas Básicas, Siderurgia y aluminio",1005,"Aluminio","Precio internacional_LME (London Metal Exchange)","US$/tn","Banco Mundial","Mensual","Mundial","MUNDO","000","MUNDO",1967-04-01,540
26,"Industrias Metálicas Básicas, Siderurgia y aluminio",1005,"Aluminio","Precio internacional_LME (London Metal Exchange)","US$/tn","Banco Mundial","Mensual","Mundial","MUNDO","000","MUNDO",1967-05-01,540
26,"Industrias Metálicas Básicas, Siderurgia y aluminio",1005,"Aluminio","Precio internacional_LME (London Metal Exchange)","US$/tn","Banco Mundial","Mensual","Mundial","MUNDO","000","MUNDO",1967-06-01,540
26,"Industrias Metálicas Básicas, Siderurgia y aluminio",1005,"Aluminio","Precio internacional_LME (London Metal Exchange)","US$/tn","Banco Mundial","Mensual","Mundial","MUNDO","000","MUNDO",1967-07-01,540
26,"Industrias Metálicas Básicas, Siderurgia y aluminio",1005,"Aluminio","Precio internacional_LME (London Metal Exchange)","US$/tn","Banco Mundial","Mensual","Mundial","MUNDO","000","MUNDO",1967-08-01,540
26,"Industrias Metálicas Básicas, Siderurgia y aluminio",1005,"Aluminio","Precio internacional_LME (London Metal Exchange)","US$/tn","Banco Mundial","Mensual","Mundial","MUNDO","000","MUNDO",1967-09-01,540
26,"Industrias Metálicas Básicas, Siderurgia y aluminio",1005,"Aluminio","Precio internacional_LME (London Metal Exchange)","US$/tn","Banco Mundial","Mensual","Mundial","MUNDO","000","MUNDO",1967-10-01,540
26,"Industrias Metálicas Básicas, Siderurgia y aluminio",1005,"Aluminio","Precio internacional_LME (London Metal Exchange)","US$/tn","Banco Mundial","Mensual","Mundial","MUNDO","000","MUNDO",1967-11-01,540
26,"Industrias Metálicas Básicas, Siderurgia y aluminio",1005,"Aluminio","Precio internacional_LME (London Metal Exchange)","US$/tn","Banco Mundial","Mensual","Mundial","MUNDO","000","MUNDO",1967-12-01,540
26,"Industrias Metálicas Básicas, Siderurgia y aluminio",1005,"Aluminio","Precio internacional_LME (London Metal Exchange)","US$/tn","Banco Mundial","Mensual","Mundial","MUNDO","000","MUNDO",1968-01-01,540
26,"Industrias Metálicas Básicas, Siderurgia y aluminio",1005,"Aluminio","Precio internacional_LME (London Metal Exchange)","US$/tn","Banco Mundial","Mensual","Mundial","MUNDO","000","MUNDO",1968-02-01,540
26,"Industrias Metálicas Básicas, Siderurgia y aluminio",1005,"Aluminio","Precio internacional_LME (London Metal Exchange)","US$/tn","Banco Mundial","Mensual","Mundial","MUNDO","000","MUNDO",1968-03-01,540
26,"Industrias Metálicas Básicas, Siderurgia y aluminio",1005,"Aluminio","Precio internacional_LME (London Metal Exchange)","US$/tn","Banco Mundial","Mensual","Mundial","MUNDO","000","MUNDO",1968-04-01,540
26,"Industrias Metálicas Básicas, Siderurgia y aluminio",1005,"Aluminio","Precio internacional_LME (London Metal Exchange)","US$/tn","Banco Mundial","Mensual","Mundial","MUNDO","000","MUNDO",1968-05-01,540
26,"Industrias Metálicas Básicas, Siderurgia y aluminio",1005,"Aluminio","Precio internacional_LME (London Metal Exchange)","US$/tn","Banco Mundial","Mensual","Mundial","MUNDO","000","MUNDO",1968-06-01,562
26,"Industrias Metálicas Básicas, Siderurgia y aluminio",1005,"Aluminio","Precio internacional_LME (London Metal Exchange)","US$/tn","Banco Mundial","Mensual","Mundial","MUNDO","000","MUNDO",1968-07-01,562
26,"Industrias Metálicas Básicas, Siderurgia y aluminio",1005,"Aluminio","Precio internacional_LME (London Metal Exchange)","US$/tn","Banco Mundial","Mensual","Mundial","MUNDO","000","MUNDO",1968-08-01,562
26,"Industrias Metálicas Básicas, Siderurgia y aluminio",1005,"Aluminio","Precio internacional_LME (London Metal Exchange)","US$/tn","Banco Mundial","Mensual","Mundial","MUNDO","000","MUNDO",1968-09-01,562
26,"Industrias Metálicas Básicas, Siderurgia y aluminio",1005,"Aluminio","Precio internacional_LME (London Metal Exchange)","US$/tn","Banco Mundial","Mensual","Mundial","MUNDO","000","MUNDO",1968-10-01,562
26,"Industrias Metálicas Básicas, Siderurgia y aluminio",1005,"Aluminio","Precio internacional_LME (London Metal Exchange)","US$/tn","Banco Mundial","Mensual","Mundial","MUNDO","000","MUNDO",1968-11-01,562
26,"Industrias Metálicas Básicas, Siderurgia y aluminio",1005,"Aluminio","Precio internacional_LME (London Metal Exchange)","US$/tn","Banco Mundial","Mensual","Mundial","MUNDO","000","MUNDO",1968-12-01,562
26,"Industrias Metálicas Básicas, Siderurgia y aluminio",1005,"Aluminio","Precio internacional_LME (London Metal Exchange)","US$/tn","Banco Mundial","Mensual","Mundial","MUNDO","000","MUNDO",1969-01-01,573
26,"Industrias Metálicas Básicas, Siderurgia y aluminio",1005,"Aluminio","Precio internacional_LME (London Metal Exchange)","US$/tn","Banco Mundial","Mensual","Mundial","MUNDO","000","MUNDO",1969-02-01,584
26,"Industrias Metálicas Básicas, Siderurgia y aluminio",1005,"Aluminio","Precio internacional_LME (London Metal Exchange)","US$/tn","Banco Mundial","Mensual","Mundial","MUNDO","000","MUNDO",1969-03-01,584
26,"Industrias Metálicas Básicas, Siderurgia y aluminio",1005,"Aluminio","Precio internacional_LME (London Metal Exchange)","US$/tn","Banco Mundial","Mensual","Mundial","MUNDO","000","MUNDO",1969-04-01,584
26,"Industrias Metálicas Básicas, Siderurgia y aluminio",1005,"Aluminio","Precio internacional_LME (London Metal Exchange)","US$/tn","Banco Mundial","Mensual","Mundial","MUNDO","000","MUNDO",1969-05-01,584
26,"Industrias Metálicas Básicas, Siderurgia y aluminio",1005,"Aluminio","Precio internacional_LME (London Metal Exchange)","US$/tn","Banco Mundial","Mensual","Mundial","MUNDO","000","MUNDO",1969-06-01,584
26,"Industrias Metálicas Básicas, Siderurgia y aluminio",1005,"Aluminio","Precio internacional_LME (London Metal Exchange)","US$/tn","Banco Mundial","Mensual","Mundial","MUNDO","000","MUNDO",1969-07-01,584
26,"Industrias Metálicas Básicas, Siderurgia y aluminio",1005,"Aluminio","Precio internacional_LME (London Metal Exchange)","US$/tn","Banco Mundial","Mensual","Mundial","MUNDO","000","MUNDO",1969-08-01,584
26,"Industrias Metálicas Básicas, Siderurgia y aluminio",1005,"Aluminio","Precio internacional_LME (London Metal Exchange)","US$/tn","Banco Mundial","Mensual","Mundial","MUNDO","000","MUNDO",1969-09-01,584
26,"Industrias Metálicas Básicas, Siderurgia y aluminio",1005,"Aluminio","Precio internacional_LME (London Metal Exchange)","US$/tn","Banco Mundial","Mensual","Mundial","MUNDO","000","MUNDO",1969-10-01,602
26,"Industrias Metálicas Básicas, Siderurgia y aluminio",1005,"Aluminio","Precio internacional_LME (London Metal Exchange)","US$/tn","Banco Mundial","Mensual","Mundial","MUNDO","000","MUNDO",1969-11-01,606
26,"Industrias Metálicas Básicas, Siderurgia y aluminio",1005,"Aluminio","Precio internacional_LME (London Metal Exchange)","US$/tn","Banco Mundial","Mensual","Mundial","MUNDO","000","MUNDO",1969-12-01,606
26,"Industrias Metálicas Básicas, Siderurgia y aluminio",1005,"Aluminio","Precio internacional_LME (London Metal Exchange)","US$/tn","Banco Mundial","Mensual","Mundial","MUNDO","000","MUNDO",1970-01-01,606
26,"Industrias Metálicas Básicas, Siderurgia y aluminio",1005,"Aluminio","Precio internacional_LME (London Metal Exchange)","US$/tn","Banco Mundial","Mensual","Mundial","MUNDO","000","MUNDO",1970-02-01,606
26,"Industrias Metálicas Básicas, Siderurgia y aluminio",1005,"Aluminio","Precio internacional_LME (London Metal Exchange)","US$/tn","Banco Mundial","Mensual","Mundial","MUNDO","000","MUNDO",1970-03-01,606
26,"Industrias Metálicas Básicas, Siderurgia y aluminio",1005,"Aluminio","Precio internacional_LME (London Metal Exchange)","US$/tn","Banco Mundial","Mensual","Mundial","MUNDO","000","MUNDO",1970-04-01,613
26,"Industrias Metálicas Básicas, Siderurgia y aluminio",1005,"Aluminio","Precio internacional_LME (London Metal Exchange)","US$/tn","Banco Mundial","Mensual","Mundial","MUNDO","000","MUNDO",1970-05-01,617
26,"Industrias Metálicas Básicas, Siderurgia y aluminio",1005,"Aluminio","Precio internacional_LME (London Metal Exchange)","US$/tn","Banco Mundial","Mensual","Mundial","MUNDO","000","MUNDO",1970-06-01,617
26,"Industrias Metálicas Básicas, Siderurgia y aluminio",1005,"Aluminio","Precio internacional_LME (London Metal Exchange)","US$/tn","Banco Mundial","Mensual","Mundial","MUNDO","000","MUNDO",1970-07-01,617
26,"Industrias Metálicas Básicas, Siderurgia y aluminio",1005,"Aluminio","Precio internacional_LME (London Metal Exchange)","US$/tn","Banco Mundial","Mensual","Mundial","MUNDO","000","MUNDO",1970-08-01,617
26,"Industrias Metálicas Básicas, Siderurgia y aluminio",1005,"Aluminio","Precio internacional_LME (London Metal Exchange)","US$/tn","Banco Mundial","Mensual","Mundial","MUNDO","000","MUNDO",1970-09-01,617
26,"Industrias Metálicas Básicas, Siderurgia y aluminio",1005,"Aluminio","Precio internacional_LME (London Metal Exchange)","US$/tn","Banco Mundial","Mensual","Mundial","MUNDO","000","MUNDO",1970-10-01,617
26,"Industrias Metálicas Básicas, Siderurgia y aluminio",1005,"Aluminio","Precio internacional_LME (London Metal Exchange)","US$/tn","Banco Mundial","Mensual","Mundial","MUNDO","000","MUNDO",1970-11-01,617
26,"Industrias Metálicas Básicas, Siderurgia y aluminio",1005,"Aluminio","Precio internacional_LME (London Metal Exchange)","US$/tn","Banco Mundial","Mensual","Mundial","MUNDO","000","MUNDO",1970-12-01,617
26,"Industrias Metálicas Básicas, Siderurgia y aluminio",1005,"Aluminio","Precio internacional_LME (London Metal Exchange)","US$/tn","Banco Mundial","Mensual","Mundial","MUNDO","000","MUNDO",1971-01-01,617
26,"Industrias Metálicas Básicas, Siderurgia y aluminio",1005,"Aluminio","Precio internacional_LME (London Metal Exchange)","US$/tn","Banco Mundial","Mensual","Mundial","MUNDO","000","MUNDO",1971-02-01,617
26,"Industrias Metálicas Básicas, Siderurgia y aluminio",1005,"Aluminio","Precio internacional_LME (London Metal Exchange)","US$/tn","Banco Mundial","Mensual","Mundial","MUNDO","000","MUNDO",1971-03-01,617
26,"Industrias Metálicas Básicas, Siderurgia y aluminio",1005,"Aluminio","Precio internacional_LME (London Metal Exchange)","US$/tn","Banco Mundial","Mensual","Mundial","MUNDO","000","MUNDO",1971-04-01,617
26,"Industrias Metálicas Básicas, Siderurgia y aluminio",1005,"Aluminio","Precio internacional_LME (London Metal Exchange)","US$/tn","Banco Mundial","Mensual","Mundial","MUNDO","000","MUNDO",1971-05-01,617
26,"Industrias Metálicas Básicas, Siderurgia y aluminio",1005,"Aluminio","Precio internacional_LME (London Metal Exchange)","US$/tn","Banco Mundial","Mensual","Mundial","MUNDO","000","MUNDO",1971-06-01,617
26,"Industrias Metálicas Básicas, Siderurgia y aluminio",1005,"Aluminio","Precio internacional_LME (London Metal Exchange)","US$/tn","Banco Mundial","Mensual","Mundial","MUNDO","000","MUNDO",1971-07-01,617
26,"Industrias Metálicas Básicas, Siderurgia y aluminio",1005,"Aluminio","Precio internacional_LME (London Metal Exchange)","US$/tn","Banco Mundial","Mensual","Mundial","MUNDO","000","MUNDO",1971-08-01,628
26,"Industrias Metálicas Básicas, Siderurgia y aluminio",1005,"Aluminio","Precio internacional_LME (London Metal Exchange)","US$/tn","Banco Mundial","Mensual","Mundial","MUNDO","000","MUNDO",1971-09-01,639
26,"Industrias Metálicas Básicas, Siderurgia y aluminio",1005,"Aluminio","Precio internacional_LME (London Metal Exchange)","US$/tn","Banco Mundial","Mensual","Mundial","MUNDO","000","MUNDO",1971-10-01,639
26,"Industrias Metálicas Básicas, Siderurgia y aluminio",1005,"Aluminio","Precio internacional_LME (London Metal Exchange)","US$/tn","Banco Mundial","Mensual","Mundial","MUNDO","000","MUNDO",1971-11-01,642
26,"Industrias Metálicas Básicas, Siderurgia y aluminio",1005,"Aluminio","Precio internacional_LME (London Metal Exchange)","US$/tn","Banco Mundial","Mensual","Mundial","MUNDO","000","MUNDO",1971-12-01,666
26,"Industrias Metálicas Básicas, Siderurgia y aluminio",1005,"Aluminio","Precio internacional_LME (London Metal Exchange)","US$/tn","Banco Mundial","Mensual","Mundial","MUNDO","000","MUNDO",1972-01-01,670
26,"Industrias Metálicas Básicas, Siderurgia y aluminio",1005,"Aluminio","Precio internacional_LME (London Metal Exchange)","US$/tn","Banco Mundial","Mensual","Mundial","MUNDO","000","MUNDO",1972-02-01,670
26,"Industrias Metálicas Básicas, Siderurgia y aluminio",1005,"Aluminio","Precio internacional_LME (London Metal Exchange)","US$/tn","Banco Mundial","Mensual","Mundial","MUNDO","000","MUNDO",1972-03-01,670
26,"Industrias Metálicas Básicas, Siderurgia y aluminio",1005,"Aluminio","Precio internacional_LME (London Metal Exchange)","US$/tn","Banco Mundial","Mensual","Mundial","MUNDO","000","MUNDO",1972-04-01,670
26,"Industrias Metálicas Básicas, Siderurgia y aluminio",1005,"Aluminio","Precio internacional_LME (London Metal Exchange)","US$/tn","Banco Mundial","Mensual","Mundial","MUNDO","000","MUNDO",1972-05-01,600
26,"Industrias Metálicas Básicas, Siderurgia y aluminio",1005,"Aluminio","Precio internacional_LME (London Metal Exchange)","US$/tn","Banco Mundial","Mensual","Mundial","MUNDO","000","MUNDO",1972-06-01,567
26,"Industrias Metálicas Básicas, Siderurgia y aluminio",1005,"Aluminio","Precio internacional_LME (London Metal Exchange)","US$/tn","Banco Mundial","Mensual","Mundial","MUNDO","000","MUNDO",1972-07-01,538
26,"Industrias Metálicas Básicas, Siderurgia y aluminio",1005,"Aluminio","Precio internacional_LME (London Metal Exchange)","US$/tn","Banco Mundial","Mensual","Mundial","MUNDO","000","MUNDO",1972-08-01,540
26,"Industrias Metálicas Básicas, Siderurgia y aluminio",1005,"Aluminio","Precio internacional_LME (London Metal Exchange)","US$/tn","Banco Mundial","Mensual","Mundial","MUNDO","000","MUNDO",1972-09-01,538
26,"Industrias Metálicas Básicas, Siderurgia y aluminio",1005,"Aluminio","Precio internacional_LME (London Metal Exchange)","US$/tn","Banco Mundial","Mensual","Mundial","MUNDO","000","MUNDO",1972-10-01,538
26,"Industrias Metálicas Básicas, Siderurgia y aluminio",1005,"Aluminio","Precio internacional_LME (London Metal Exchange)","US$/tn","Banco Mundial","Mensual","Mundial","MUNDO","000","MUNDO",1972-11-01,540
26,"Industrias Metálicas Básicas, Siderurgia y aluminio",1005,"Aluminio","Precio internacional_LME (London Metal Exchange)","US$/tn","Banco Mundial","Mensual","Mundial","MUNDO","000","MUNDO",1972-12-01,540
26,"Industrias Metálicas Básicas, Siderurgia y aluminio",1005,"Aluminio","Precio internacional_LME (London Metal Exchange)","US$/tn","Banco Mundial","Mensual","Mundial","MUNDO","000","MUNDO",1973-01-01,542
26,"Industrias Metálicas Básicas, Siderurgia y aluminio",1005,"Aluminio","Precio internacional_LME (London Metal Exchange)","US$/tn","Banco Mundial","Mensual","Mundial","MUNDO","000","MUNDO",1973-02-01,558
26,"Industrias Metálicas Básicas, Siderurgia y aluminio",1005,"Aluminio","Precio internacional_LME (London Metal Exchange)","US$/tn","Banco Mundial","Mensual","Mundial","MUNDO","000","MUNDO",1973-03-01,571
26,"Industrias Metálicas Básicas, Siderurgia y aluminio",1005,"Aluminio","Precio internacional_LME (London Metal Exchange)","US$/tn","Banco Mundial","Mensual","Mundial","MUNDO","000","MUNDO",1973-04-01,571
26,"Industrias Metálicas Básicas, Siderurgia y aluminio",1005,"Aluminio","Precio internacional_LME (London Metal Exchange)","US$/tn","Banco Mundial","Mensual","Mundial","MUNDO","000","MUNDO",1973-05-01,582
26,"Industrias Metálicas Básicas, Siderurgia y aluminio",1005,"Aluminio","Precio internacional_LME (London Metal Exchange)","US$/tn","Banco Mundial","Mensual","Mundial","MUNDO","000","MUNDO",1973-06-01,602
26,"Industrias Metálicas Básicas, Siderurgia y aluminio",1005,"Aluminio","Precio internacional_LME (London Metal Exchange)","US$/tn","Banco Mundial","Mensual","Mundial","MUNDO","000","MUNDO",1973-07-01,635
26,"Industrias Metálicas Básicas, Siderurgia y aluminio",1005,"Aluminio","Precio internacional_LME (London Metal Exchange)","US$/tn","Banco Mundial","Mensual","Mundial","MUNDO","000","MUNDO",1973-08-01,619
26,"Industrias Metálicas Básicas, Siderurgia y aluminio",1005,"Aluminio","Precio internacional_LME (London Metal Exchange)","US$/tn","Banco Mundial","Mensual","Mundial","MUNDO","000","MUNDO",1973-09-01,604
26,"Industrias Metálicas Básicas, Siderurgia y aluminio",1005,"Aluminio","Precio internacional_LME (London Metal Exchange)","US$/tn","Banco Mundial","Mensual","Mundial","MUNDO","000","MUNDO",1973-10-01,622
26,"Industrias Metálicas Básicas, Siderurgia y aluminio",1005,"Aluminio","Precio internacional_LME (London Metal Exchange)","US$/tn","Banco Mundial","Mensual","Mundial","MUNDO","000","MUNDO",1973-11-01,650
26,"Industrias Metálicas Básicas, Siderurgia y aluminio",1005,"Aluminio","Precio internacional_LME (London Metal Exchange)","US$/tn","Banco Mundial","Mensual","Mundial","MUNDO","000","MUNDO",1973-12-01,633
26,"Industrias Metálicas Básicas, Siderurgia y aluminio",1005,"Aluminio","Precio internacional_LME (London Metal Exchange)","US$/tn","Banco Mundial","Mensual","Mundial","MUNDO","000","MUNDO",1974-01-01,604
26,"Industrias Metálicas Básicas, Siderurgia y aluminio",1005,"Aluminio","Precio internacional_LME (London Metal Exchange)","US$/tn","Banco Mundial","Mensual","Mundial","MUNDO","000","MUNDO",1974-02-01,619
26,"Industrias Metálicas Básicas, Siderurgia y aluminio",1005,"Aluminio","Precio internacional_LME (London Metal Exchange)","US$/tn","Banco Mundial","Mensual","Mundial","MUNDO","000","MUNDO",1974-03-01,688
26,"Industrias Metálicas Básicas, Siderurgia y aluminio",1005,"Aluminio","Precio internacional_LME (London Metal Exchange)","US$/tn","Banco Mundial","Mensual","Mundial","MUNDO","000","MUNDO",1974-04-01,752
26,"Industrias Metálicas Básicas, Siderurgia y aluminio",1005,"Aluminio","Precio internacional_LME (London Metal Exchange)","US$/tn","Banco Mundial","Mensual","Mundial","MUNDO","000","MUNDO",1974-05-01,765
26,"Industrias Metálicas Básicas, Siderurgia y aluminio",1005,"Aluminio","Precio internacional_LME (London Metal Exchange)","US$/tn","Banco Mundial","Mensual","Mundial","MUNDO","000","MUNDO",1974-06-01,756
26,"Industrias Metálicas Básicas, Siderurgia y aluminio",1005,"Aluminio","Precio internacional_LME (London Metal Exchange)","US$/tn","Banco Mundial","Mensual","Mundial","MUNDO","000","MUNDO",1974-07-01,761
26,"Industrias Metálicas Básicas, Siderurgia y aluminio",1005,"Aluminio","Precio internacional_LME (London Metal Exchange)","US$/tn","Banco Mundial","Mensual","Mundial","MUNDO","000","MUNDO",1974-08-01,849
26,"Industrias Metálicas Básicas, Siderurgia y aluminio",1005,"Aluminio","Precio internacional_LME (London Metal Exchange)","US$/tn","Banco Mundial","Mensual","Mundial","MUNDO","000","MUNDO",1974-09-01,838
26,"Industrias Metálicas Básicas, Siderurgia y aluminio",1005,"Aluminio","Precio internacional_LME (London Metal Exchange)","US$/tn","Banco Mundial","Mensual","Mundial","MUNDO","000","MUNDO",1974-10-01,844
26,"Industrias Metálicas Básicas, Siderurgia y aluminio",1005,"Aluminio","Precio internacional_LME (London Metal Exchange)","US$/tn","Banco Mundial","Mensual","Mundial","MUNDO","000","MUNDO",1974-11-01,842
26,"Industrias Metálicas Básicas, Siderurgia y aluminio",1005,"Aluminio","Precio internacional_LME (London Metal Exchange)","US$/tn","Banco Mundial","Mensual","Mundial","MUNDO","000","MUNDO",1974-12-01,860
26,"Industrias Metálicas Básicas, Siderurgia y aluminio",1005,"Aluminio","Precio internacional_LME (London Metal Exchange)","US$/tn","Banco Mundial","Mensual","Mundial","MUNDO","000","MUNDO",1975-01-01,895
26,"Industrias Metálicas Básicas, Siderurgia y aluminio",1005,"Aluminio","Precio internacional_LME (London Metal Exchange)","US$/tn","Banco Mundial","Mensual","Mundial","MUNDO","000","MUNDO",1975-02-01,908
26,"Industrias Metálicas Básicas, Siderurgia y aluminio",1005,"Aluminio","Precio internacional_LME (London Metal Exchange)","US$/tn","Banco Mundial","Mensual","Mundial","MUNDO","000","MUNDO",1975-03-01,917
26,"Industrias Metálicas Básicas, Siderurgia y aluminio",1005,"Aluminio","Precio internacional_LME (London Metal Exchange)","US$/tn","Banco Mundial","Mensual","Mundial","MUNDO","000","MUNDO",1975-04-01,897
26,"Industrias Metálicas Básicas, Siderurgia y aluminio",1005,"Aluminio","Precio internacional_LME (London Metal Exchange)","US$/tn","Banco Mundial","Mensual","Mundial","MUNDO","000","MUNDO",1975-05-01,904
26,"Industrias Metálicas Básicas, Siderurgia y aluminio",1005,"Aluminio","Precio internacional_LME (London Metal Exchange)","US$/tn","Banco Mundial","Mensual","Mundial","MUNDO","000","MUNDO",1975-06-01,904
26,"Industrias Metálicas Básicas, Siderurgia y aluminio",1005,"Aluminio","Precio internacional_LME (London Metal Exchange)","US$/tn","Banco Mundial","Mensual","Mundial","MUNDO","000","MUNDO",1975-07-01,864
26,"Industrias Metálicas Básicas, Siderurgia y aluminio",1005,"Aluminio","Precio internacional_LME (London Metal Exchange)","US$/tn","Banco Mundial","Mensual","Mundial","MUNDO","000","MUNDO",1975-08-01,838
26,"Industrias Metálicas Básicas, Siderurgia y aluminio",1005,"Aluminio","Precio internacional_LME (London Metal Exchange)","US$/tn","Banco Mundial","Mensual","Mundial","MUNDO","000","MUNDO",1975-09-01,827
26,"Industrias Metálicas Básicas, Siderurgia y aluminio",1005,"Aluminio","Precio internacional_LME (London Metal Exchange)","US$/tn","Banco Mundial","Mensual","Mundial","MUNDO","000","MUNDO",1975-10-01,816
26,"Industrias Metálicas Básicas, Siderurgia y aluminio",1005,"Aluminio","Precio internacional_LME (London Metal Exchange)","US$/tn","Banco Mundial","Mensual","Mundial","MUNDO","000","MUNDO",1975-11-01,814
26,"Industrias Metálicas Básicas, Siderurgia y aluminio",1005,"Aluminio","Precio internacional_LME (London Metal Exchange)","US$/tn","Banco Mundial","Mensual","Mundial","MUNDO","000","MUNDO",1975-12-01,838
26,"Industrias Metálicas Básicas, Siderurgia y aluminio",1005,"Aluminio","Precio internacional_LME (London Metal Exchange)","US$/tn","Banco Mundial","Mensual","Mundial","MUNDO","000","MUNDO",1976-01-01,853
26,"Industrias Metálicas Básicas, Siderurgia y aluminio",1005,"Aluminio","Precio internacional_LME (London Metal Exchange)","US$/tn","Banco Mundial","Mensual","Mundial","MUNDO","000","MUNDO",1976-02-01,851
26,"Industrias Metálicas Básicas, Siderurgia y aluminio",1005,"Aluminio","Precio internacional_LME (London Metal Exchange)","US$/tn","Banco Mundial","Mensual","Mundial","MUNDO","000","MUNDO",1976-03-01,816
26,"Industrias Metálicas Básicas, Siderurgia y aluminio",1005,"Aluminio","Precio internacional_LME (London Metal Exchange)","US$/tn","Banco Mundial","Mensual","Mundial","MUNDO","000","MUNDO",1976-04-01,820
26,"Industrias Metálicas Básicas, Siderurgia y aluminio",1005,"Aluminio","Precio internacional_LME (London Metal Exchange)","US$/tn","Banco Mundial","Mensual","Mundial","MUNDO","000","MUNDO",1976-05-01,825
26,"Industrias Metálicas Básicas, Siderurgia y aluminio",1005,"Aluminio","Precio internacional_LME (London Metal Exchange)","US$/tn","Banco Mundial","Mensual","Mundial","MUNDO","000","MUNDO",1976-06-01,805
26,"Industrias Metálicas Básicas, Siderurgia y aluminio",1005,"Aluminio","Precio internacional_LME (London Metal Exchange)","US$/tn","Banco Mundial","Mensual","Mundial","MUNDO","000","MUNDO",1976-07-01,904
26,"Industrias Metálicas Básicas, Siderurgia y aluminio",1005,"Aluminio","Precio internacional_LME (London Metal Exchange)","US$/tn","Banco Mundial","Mensual","Mundial","MUNDO","000","MUNDO",1976-08-01,939
26,"Industrias Metálicas Básicas, Siderurgia y aluminio",1005,"Aluminio","Precio internacional_LME (London Metal Exchange)","US$/tn","Banco Mundial","Mensual","Mundial","MUNDO","000","MUNDO",1976-09-01,996
26,"Industrias Metálicas Básicas, Siderurgia y aluminio",1005,"Aluminio","Precio internacional_LME (London Metal Exchange)","US$/tn","Banco Mundial","Mensual","Mundial","MUNDO","000","MUNDO",1976-10-01,948
26,"Industrias Metálicas Básicas, Siderurgia y aluminio",1005,"Aluminio","Precio internacional_LME (London Metal Exchange)","US$/tn","Banco Mundial","Mensual","Mundial","MUNDO","000","MUNDO",1976-11-01,948
26,"Industrias Metálicas Básicas, Siderurgia y aluminio",1005,"Aluminio","Precio internacional_LME (London Metal Exchange)","US$/tn","Banco Mundial","Mensual","Mundial","MUNDO","000","MUNDO",1976-12-01,974
26,"Industrias Metálicas Básicas, Siderurgia y aluminio",1005,"Aluminio","Precio internacional_LME (London Metal Exchange)","US$/tn","Banco Mundial","Mensual","Mundial","MUNDO","000","MUNDO",1977-01-01,1058
26,"Industrias Metálicas Básicas, Siderurgia y aluminio",1005,"Aluminio","Precio internacional_LME (London Metal Exchange)","US$/tn","Banco Mundial","Mensual","Mundial","MUNDO","000","MUNDO",1977-02-01,1078
26,"Industrias Metálicas Básicas, Siderurgia y aluminio",1005,"Aluminio","Precio internacional_LME (London Metal Exchange)","US$/tn","Banco Mundial","Mensual","Mundial","MUNDO","000","MUNDO",1977-03-01,1082
26,"Industrias Metálicas Básicas, Siderurgia y aluminio",1005,"Aluminio","Precio internacional_LME (London Metal Exchange)","US$/tn","Banco Mundial","Mensual","Mundial","MUNDO","000","MUNDO",1977-04-01,1082
26,"Industrias Metálicas Básicas, Siderurgia y aluminio",1005,"Aluminio","Precio internacional_LME (London Metal Exchange)","US$/tn","Banco Mundial","Mensual","Mundial","MUNDO","000","MUNDO",1977-05-01,1082
26,"Industrias Metálicas Básicas, Siderurgia y aluminio",1005,"Aluminio","Precio internacional_LME (London Metal Exchange)","US$/tn","Banco Mundial","Mensual","Mundial","MUNDO","000","MUNDO",1977-06-01,1102
26,"Industrias Metálicas Básicas, Siderurgia y aluminio",1005,"Aluminio","Precio internacional_LME (London Metal Exchange)","US$/tn","Banco Mundial","Mensual","Mundial","MUNDO","000","MUNDO",1977-07-01,1171
26,"Industrias Metálicas Básicas, Siderurgia y aluminio",1005,"Aluminio","Precio internacional_LME (London Metal Exchange)","US$/tn","Banco Mundial","Mensual","Mundial","MUNDO","000","MUNDO",1977-08-01,1184
26,"Industrias Metálicas Básicas, Siderurgia y aluminio",1005,"Aluminio","Precio internacional_LME (London Metal Exchange)","US$/tn","Banco Mundial","Mensual","Mundial","MUNDO","000","MUNDO",1977-09-01,1184
26,"Industrias Metálicas Básicas, Siderurgia y aluminio",1005,"Aluminio","Precio internacional_LME (London Metal Exchange)","US$/tn","Banco Mundial","Mensual","Mundial","MUNDO","000","MUNDO",1977-10-01,1204
26,"Industrias Metálicas Básicas, Siderurgia y aluminio",1005,"Aluminio","Precio internacional_LME (London Metal Exchange)","US$/tn","Banco Mundial","Mensual","Mundial","MUNDO","000","MUNDO",1977-11-01,1237
26,"Industrias Metálicas Básicas, Siderurgia y aluminio",1005,"Aluminio","Precio internacional_LME (London Metal Exchange)","US$/tn","Banco Mundial","Mensual","Mundial","MUNDO","000","MUNDO",1977-12-01,1261
26,"Industrias Metálicas Básicas, Siderurgia y aluminio",1005,"Aluminio","Precio internacional_LME (London Metal Exchange)","US$/tn","Banco Mundial","Mensual","Mundial","MUNDO","000","MUNDO",1978-01-01,1316
26,"Industrias Metálicas Básicas, Siderurgia y aluminio",1005,"Aluminio","Precio internacional_LME (London Metal Exchange)","US$/tn","Banco Mundial","Mensual","Mundial","MUNDO","000","MUNDO",1978-02-01,1321
26,"Industrias Metálicas Básicas, Siderurgia y aluminio",1005,"Aluminio","Precio internacional_LME (London Metal Exchange)","US$/tn","Banco Mundial","Mensual","Mundial","MUNDO","000","MUNDO",1978-03-01,1299
26,"Industrias Metálicas Básicas, Siderurgia y aluminio",1005,"Aluminio","Precio internacional_LME (London Metal Exchange)","US$/tn","Banco Mundial","Mensual","Mundial","MUNDO","000","MUNDO",1978-04-01,1259
26,"Industrias Metálicas Básicas, Siderurgia y aluminio",1005,"Aluminio","Precio internacional_LME (London Metal Exchange)","US$/tn","Banco Mundial","Mensual","Mundial","MUNDO","000","MUNDO",1978-05-01,1237
26,"Industrias Metálicas Básicas, Siderurgia y aluminio",1005,"Aluminio","Precio internacional_LME (London Metal Exchange)","US$/tn","Banco Mundial","Mensual","Mundial","MUNDO","000","MUNDO",1978-06-01,1248
26,"Industrias Metálicas Básicas, Siderurgia y aluminio",1005,"Aluminio","Precio internacional_LME (London Metal Exchange)","US$/tn","Banco Mundial","Mensual","Mundial","MUNDO","000","MUNDO",1978-07-01,1290
26,"Industrias Metálicas Básicas, Siderurgia y aluminio",1005,"Aluminio","Precio internacional_LME (London Metal Exchange)","US$/tn","Banco Mundial","Mensual","Mundial","MUNDO","000","MUNDO",1978-08-01,1321
26,"Industrias Metálicas Básicas, Siderurgia y aluminio",1005,"Aluminio","Precio internacional_LME (London Metal Exchange)","US$/tn","Banco Mundial","Mensual","Mundial","MUNDO","000","MUNDO",1978-09-01,1382
26,"Industrias Metálicas Básicas, Siderurgia y aluminio",1005,"Aluminio","Precio internacional_LME (London Metal Exchange)","US$/tn","Banco Mundial","Mensual","Mundial","MUNDO","000","MUNDO",1978-10-01,1425
26,"Industrias Metálicas Básicas, Siderurgia y aluminio",1005,"Aluminio","Precio internacional_LME (London Metal Exchange)","US$/tn","Banco Mundial","Mensual","Mundial","MUNDO","000","MUNDO",1978-11-01,1394
26,"Industrias Metálicas Básicas, Siderurgia y aluminio",1005,"Aluminio","Precio internacional_LME (London Metal Exchange)","US$/tn","Banco Mundial","Mensual","Mundial","MUNDO","000","MUNDO",1978-12-01,1409
26,"Industrias Metálicas Básicas, Siderurgia y aluminio",1005,"Aluminio","Precio internacional_LME (London Metal Exchange)","US$/tn","Banco Mundial","Mensual","Mundial","MUNDO","000","MUNDO",1979-01-01,1265
26,"Industrias Metálicas Básicas, Siderurgia y aluminio",1005,"Aluminio","Precio internacional_LME (London Metal Exchange)","US$/tn","Banco Mundial","Mensual","Mundial","MUNDO","000","MUNDO",1979-02-01,1442
26,"Industrias Metálicas Básicas, Siderurgia y aluminio",1005,"Aluminio","Precio internacional_LME (London Metal Exchange)","US$/tn","Banco Mundial","Mensual","Mundial","MUNDO","000","MUNDO",1979-03-01,1542
26,"Industrias Metálicas Básicas, Siderurgia y aluminio",1005,"Aluminio","Precio internacional_LME (London Metal Exchange)","US$/tn","Banco Mundial","Mensual","Mundial","MUNDO","000","MUNDO",1979-04-01,1569
26,"Industrias Metálicas Básicas, Siderurgia y aluminio",1005,"Aluminio","Precio internacional_LME (London Metal Exchange)","US$/tn","Banco Mundial","Mensual","Mundial","MUNDO","000","MUNDO",1979-05-01,1576
26,"Industrias Metálicas Básicas, Siderurgia y aluminio",1005,"Aluminio","Precio internacional_LME (London Metal Exchange)","US$/tn","Banco Mundial","Mensual","Mundial","MUNDO","000","MUNDO",1979-06-01,1597
26,"Industrias Metálicas Básicas, Siderurgia y aluminio",1005,"Aluminio","Precio internacional_LME (London Metal Exchange)","US$/tn","Banco Mundial","Mensual","Mundial","MUNDO","000","MUNDO",1979-07-01,1534
26,"Industrias Metálicas Básicas, Siderurgia y aluminio",1005,"Aluminio","Precio internacional_LME (London Metal Exchange)","US$/tn","Banco Mundial","Mensual","Mundial","MUNDO","000","MUNDO",1979-08-01,1562
26,"Industrias Metálicas Básicas, Siderurgia y aluminio",1005,"Aluminio","Precio internacional_LME (London Metal Exchange)","US$/tn","Banco Mundial","Mensual","Mundial","MUNDO","000","MUNDO",1979-09-01,1616
26,"Industrias Metálicas Básicas, Siderurgia y aluminio",1005,"Aluminio","Precio internacional_LME (London Metal Exchange)","US$/tn","Banco Mundial","Mensual","Mundial","MUNDO","000","MUNDO",1979-10-01,1786
26,"Industrias Metálicas Básicas, Siderurgia y aluminio",1005,"Aluminio","Precio internacional_LME (London Metal Exchange)","US$/tn","Banco Mundial","Mensual","Mundial","MUNDO","000","MUNDO",1979-11-01,1833
26,"Industrias Metálicas Básicas, Siderurgia y aluminio",1005,"Aluminio","Precio internacional_LME (London Metal Exchange)","US$/tn","Banco Mundial","Mensual","Mundial","MUNDO","000","MUNDO",1979-12-01,1913
26,"Industrias Metálicas Básicas, Siderurgia y aluminio",1005,"Aluminio","Precio internacional_LME (London Metal Exchange)","US$/tn","Banco Mundial","Mensual","Mundial","MUNDO","000","MUNDO",1980-01-01,2055
26,"Industrias Metálicas Básicas, Siderurgia y aluminio",1005,"Aluminio","Precio internacional_LME (London Metal Exchange)","US$/tn","Banco Mundial","Mensual","Mundial","MUNDO","000","MUNDO",1980-02-01,2131
26,"Industrias Metálicas Básicas, Siderurgia y aluminio",1005,"Aluminio","Precio internacional_LME (London Metal Exchange)","US$/tn","Banco Mundial","Mensual","Mundial","MUNDO","000","MUNDO",1980-03-01,1978
26,"Industrias Metálicas Básicas, Siderurgia y aluminio",1005,"Aluminio","Precio internacional_LME (London Metal Exchange)","US$/tn","Banco Mundial","Mensual","Mundial","MUNDO","000","MUNDO",1980-04-01,1932
26,"Industrias Metálicas Básicas, Siderurgia y aluminio",1005,"Aluminio","Precio internacional_LME (London Metal Exchange)","US$/tn","Banco Mundial","Mensual","Mundial","MUNDO","000","MUNDO",1980-05-01,1776
26,"Industrias Metálicas Básicas, Siderurgia y aluminio",1005,"Aluminio","Precio internacional_LME (London Metal Exchange)","US$/tn","Banco Mundial","Mensual","Mundial","MUNDO","000","MUNDO",1980-06-01,1669
26,"Industrias Metálicas Básicas, Siderurgia y aluminio",1005,"Aluminio","Precio internacional_LME (London Metal Exchange)","US$/tn","Banco Mundial","Mensual","Mundial","MUNDO","000","MUNDO",1980-07-01,1758
26,"Industrias Metálicas Básicas, Siderurgia y aluminio",1005,"Aluminio","Precio internacional_LME (London Metal Exchange)","US$/tn","Banco Mundial","Mensual","Mundial","MUNDO","000","MUNDO",1980-08-01,1784
26,"Industrias Metálicas Básicas, Siderurgia y aluminio",1005,"Aluminio","Precio internacional_LME (London Metal Exchange)","US$/tn","Banco Mundial","Mensual","Mundial","MUNDO","000","MUNDO",1980-09-01,1655
26,"Industrias Metálicas Básicas, Siderurgia y aluminio",1005,"Aluminio","Precio internacional_LME (London Metal Exchange)","US$/tn","Banco Mundial","Mensual","Mundial","MUNDO","000","MUNDO",1980-10-01,1626
26,"Industrias Metálicas Básicas, Siderurgia y aluminio",1005,"Aluminio","Precio internacional_LME (London Metal Exchange)","US$/tn","Banco Mundial","Mensual","Mundial","MUNDO","000","MUNDO",1980-11-01,1504
26,"Industrias Metálicas Básicas, Siderurgia y aluminio",1005,"Aluminio","Precio internacional_LME (London Metal Exchange)","US$/tn","Banco Mundial","Mensual","Mundial","MUNDO","000","MUNDO",1980-12-01,1431
26,"Industrias Metálicas Básicas, Siderurgia y aluminio",1005,"Aluminio","Precio internacional_LME (London Metal Exchange)","US$/tn","Banco Mundial","Mensual","Mundial","MUNDO","000","MUNDO",1981-01-01,1431
26,"Industrias Metálicas Básicas, Siderurgia y aluminio",1005,"Aluminio","Precio internacional_LME (London Metal Exchange)","US$/tn","Banco Mundial","Mensual","Mundial","MUNDO","000","MUNDO",1981-02-01,1452
26,"Industrias Metálicas Básicas, Siderurgia y aluminio",1005,"Aluminio","Precio internacional_LME (London Metal Exchange)","US$/tn","Banco Mundial","Mensual","Mundial","MUNDO","000","MUNDO",1981-03-01,1443
26,"Industrias Metálicas Básicas, Siderurgia y aluminio",1005,"Aluminio","Precio internacional_LME (London Metal Exchange)","US$/tn","Banco Mundial","Mensual","Mundial","MUNDO","000","MUNDO",1981-04-01,1369
26,"Industrias Metálicas Básicas, Siderurgia y aluminio",1005,"Aluminio","Precio internacional_LME (London Metal Exchange)","US$/tn","Banco Mundial","Mensual","Mundial","MUNDO","000","MUNDO",1981-05-01,1297
26,"Industrias Metálicas Básicas, Siderurgia y aluminio",1005,"Aluminio","Precio internacional_LME (London Metal Exchange)","US$/tn","Banco Mundial","Mensual","Mundial","MUNDO","000","MUNDO",1981-06-01,1232
26,"Industrias Metálicas Básicas, Siderurgia y aluminio",1005,"Aluminio","Precio internacional_LME (London Metal Exchange)","US$/tn","Banco Mundial","Mensual","Mundial","MUNDO","000","MUNDO",1981-07-01,1175
26,"Industrias Metálicas Básicas, Siderurgia y aluminio",1005,"Aluminio","Precio internacional_LME (London Metal Exchange)","US$/tn","Banco Mundial","Mensual","Mundial","MUNDO","000","MUNDO",1981-08-01,1231
26,"Industrias Metálicas Básicas, Siderurgia y aluminio",1005,"Aluminio","Precio internacional_LME (London Metal Exchange)","US$/tn","Banco Mundial","Mensual","Mundial","MUNDO","000","MUNDO",1981-09-01,1169
26,"Industrias Metálicas Básicas, Siderurgia y aluminio",1005,"Aluminio","Precio internacional_LME (London Metal Exchange)","US$/tn","Banco Mundial","Mensual","Mundial","MUNDO","000","MUNDO",1981-10-01,1140
26,"Industrias Metálicas Básicas, Siderurgia y aluminio",1005,"Aluminio","Precio internacional_LME (London Metal Exchange)","US$/tn","Banco Mundial","Mensual","Mundial","MUNDO","000","MUNDO",1981-11-01,1082
26,"Industrias Metálicas Básicas, Siderurgia y aluminio",1005,"Aluminio","Precio internacional_LME (London Metal Exchange)","US$/tn","Banco Mundial","Mensual","Mundial","MUNDO","000","MUNDO",1981-12-01,1131
26,"Industrias Metálicas Básicas, Siderurgia y aluminio",1005,"Aluminio","Precio internacional_LME (London Metal Exchange)","US$/tn","Banco Mundial","Mensual","Mundial","MUNDO","000","MUNDO",1982-01-01,1113
26,"Industrias Metálicas Básicas, Siderurgia y aluminio",1005,"Aluminio","Precio internacional_LME (London Metal Exchange)","US$/tn","Banco Mundial","Mensual","Mundial","MUNDO","000","MUNDO",1982-02-01,1088
26,"Industrias Metálicas Básicas, Siderurgia y aluminio",1005,"Aluminio","Precio internacional_LME (London Metal Exchange)","US$/tn","Banco Mundial","Mensual","Mundial","MUNDO","000","MUNDO",1982-03-01,1029
26,"Industrias Metálicas Básicas, Siderurgia y aluminio",1005,"Aluminio","Precio internacional_LME (London Metal Exchange)","US$/tn","Banco Mundial","Mensual","Mundial","MUNDO","000","MUNDO",1982-04-01,996
26,"Industrias Metálicas Básicas, Siderurgia y aluminio",1005,"Aluminio","Precio internacional_LME (London Metal Exchange)","US$/tn","Banco Mundial","Mensual","Mundial","MUNDO","000","MUNDO",1982-05-01,973
26,"Industrias Metálicas Básicas, Siderurgia y aluminio",1005,"Aluminio","Precio internacional_LME (London Metal Exchange)","US$/tn","Banco Mundial","Mensual","Mundial","MUNDO","000","MUNDO",1982-06-01,919
26,"Industrias Metálicas Básicas, Siderurgia y aluminio",1005,"Aluminio","Precio internacional_LME (London Metal Exchange)","US$/tn","Banco Mundial","Mensual","Mundial","MUNDO","000","MUNDO",1982-07-01,958
26,"Industrias Metálicas Básicas, Siderurgia y aluminio",1005,"Aluminio","Precio internacional_LME (London Metal Exchange)","US$/tn","Banco Mundial","Mensual","Mundial","MUNDO","000","MUNDO",1982-08-01,959
26,"Industrias Metálicas Básicas, Siderurgia y aluminio",1005,"Aluminio","Precio internacional_LME (London Metal Exchange)","US$/tn","Banco Mundial","Mensual","Mundial","MUNDO","000","MUNDO",1982-09-01,960
26,"Industrias Metálicas Básicas, Siderurgia y aluminio",1005,"Aluminio","Precio internacional_LME (London Metal Exchange)","US$/tn","Banco Mundial","Mensual","Mundial","MUNDO","000","MUNDO",1982-10-01,952
26,"Industrias Metálicas Básicas, Siderurgia y aluminio",1005,"Aluminio","Precio internacional_LME (London Metal Exchange)","US$/tn","Banco Mundial","Mensual","Mundial","MUNDO","000","MUNDO",1982-11-01,965
26,"Industrias Metálicas Básicas, Siderurgia y aluminio",1005,"Aluminio","Precio internacional_LME (London Metal Exchange)","US$/tn","Banco Mundial","Mensual","Mundial","MUNDO","000","MUNDO",1982-12-01,987
26,"Industrias Metálicas Básicas, Siderurgia y aluminio",1005,"Aluminio","Precio internacional_LME (London Metal Exchange)","US$/tn","Banco Mundial","Mensual","Mundial","MUNDO","000","MUNDO",1983-01-01,1077
26,"Industrias Metálicas Básicas, Siderurgia y aluminio",1005,"Aluminio","Precio internacional_LME (London Metal Exchange)","US$/tn","Banco Mundial","Mensual","Mundial","MUNDO","000","MUNDO",1983-02-01,1230
26,"Industrias Metálicas Básicas, Siderurgia y aluminio",1005,"Aluminio","Precio internacional_LME (London Metal Exchange)","US$/tn","Banco Mundial","Mensual","Mundial","MUNDO","000","MUNDO",1983-03-01,1302
26,"Industrias Metálicas Básicas, Siderurgia y aluminio",1005,"Aluminio","Precio internacional_LME (London Metal Exchange)","US$/tn","Banco Mundial","Mensual","Mundial","MUNDO","000","MUNDO",1983-04-01,1364
26,"Industrias Metálicas Básicas, Siderurgia y aluminio",1005,"Aluminio","Precio internacional_LME (London Metal Exchange)","US$/tn","Banco Mundial","Mensual","Mundial","MUNDO","000","MUNDO",1983-05-01,1453
26,"Industrias Metálicas Básicas, Siderurgia y aluminio",1005,"Aluminio","Precio internacional_LME (London Metal Exchange)","US$/tn","Banco Mundial","Mensual","Mundial","MUNDO","000","MUNDO",1983-06-01,1466
26,"Industrias Metálicas Básicas, Siderurgia y aluminio",1005,"Aluminio","Precio internacional_LME (London Metal Exchange)","US$/tn","Banco Mundial","Mensual","Mundial","MUNDO","000","MUNDO",1983-07-01,1520
26,"Industrias Metálicas Básicas, Siderurgia y aluminio",1005,"Aluminio","Precio internacional_LME (London Metal Exchange)","US$/tn","Banco Mundial","Mensual","Mundial","MUNDO","000","MUNDO",1983-08-01,1604
26,"Industrias Metálicas Básicas, Siderurgia y aluminio",1005,"Aluminio","Precio internacional_LME (London Metal Exchange)","US$/tn","Banco Mundial","Mensual","Mundial","MUNDO","000","MUNDO",1983-09-01,1614
26,"Industrias Metálicas Básicas, Siderurgia y aluminio",1005,"Aluminio","Precio internacional_LME (London Metal Exchange)","US$/tn","Banco Mundial","Mensual","Mundial","MUNDO","000","MUNDO",1983-10-01,1566
26,"Industrias Metálicas Básicas, Siderurgia y aluminio",1005,"Aluminio","Precio internacional_LME (London Metal Exchange)","US$/tn","Banco Mundial","Mensual","Mundial","MUNDO","000","MUNDO",1983-11-01,1517
26,"Industrias Metálicas Básicas, Siderurgia y aluminio",1005,"Aluminio","Precio internacional_LME (London Metal Exchange)","US$/tn","Banco Mundial","Mensual","Mundial","MUNDO","000","MUNDO",1983-12-01,1549
26,"Industrias Metálicas Básicas, Siderurgia y aluminio",1005,"Aluminio","Precio internacional_LME (London Metal Exchange)","US$/tn","Banco Mundial","Mensual","Mundial","MUNDO","000","MUNDO",1984-01-01,1549
26,"Industrias Metálicas Básicas, Siderurgia y aluminio",1005,"Aluminio","Precio internacional_LME (London Metal Exchange)","US$/tn","Banco Mundial","Mensual","Mundial","MUNDO","000","MUNDO",1984-02-01,1491
26,"Industrias Metálicas Básicas, Siderurgia y aluminio",1005,"Aluminio","Precio internacional_LME (London Metal Exchange)","US$/tn","Banco Mundial","Mensual","Mundial","MUNDO","000","MUNDO",1984-03-01,1456
26,"Industrias Metálicas Básicas, Siderurgia y aluminio",1005,"Aluminio","Precio internacional_LME (London Metal Exchange)","US$/tn","Banco Mundial","Mensual","Mundial","MUNDO","000","MUNDO",1984-04-01,1370
26,"Industrias Metálicas Básicas, Siderurgia y aluminio",1005,"Aluminio","Precio internacional_LME (London Metal Exchange)","US$/tn","Banco Mundial","Mensual","Mundial","MUNDO","000","MUNDO",1984-05-01,1289
26,"Industrias Metálicas Básicas, Siderurgia y aluminio",1005,"Aluminio","Precio internacional_LME (London Metal Exchange)","US$/tn","Banco Mundial","Mensual","Mundial","MUNDO","000","MUNDO",1984-06-01,1275
26,"Industrias Metálicas Básicas, Siderurgia y aluminio",1005,"Aluminio","Precio internacional_LME (London Metal Exchange)","US$/tn","Banco Mundial","Mensual","Mundial","MUNDO","000","MUNDO",1984-07-01,1163
26,"Industrias Metálicas Básicas, Siderurgia y aluminio",1005,"Aluminio","Precio internacional_LME (London Metal Exchange)","US$/tn","Banco Mundial","Mensual","Mundial","MUNDO","000","MUNDO",1984-08-01,1136
26,"Industrias Metálicas Básicas, Siderurgia y aluminio",1005,"Aluminio","Precio internacional_LME (London Metal Exchange)","US$/tn","Banco Mundial","Mensual","Mundial","MUNDO","000","MUNDO",1984-09-01,1012
26,"Industrias Metálicas Básicas, Siderurgia y aluminio",1005,"Aluminio","Precio internacional_LME (London Metal Exchange)","US$/tn","Banco Mundial","Mensual","Mundial","MUNDO","000","MUNDO",1984-10-01,1028
26,"Industrias Metálicas Básicas, Siderurgia y aluminio",1005,"Aluminio","Precio internacional_LME (London Metal Exchange)","US$/tn","Banco Mundial","Mensual","Mundial","MUNDO","000","MUNDO",1984-11-01,1152
26,"Industrias Metálicas Básicas, Siderurgia y aluminio",1005,"Aluminio","Precio internacional_LME (London Metal Exchange)","US$/tn","Banco Mundial","Mensual","Mundial","MUNDO","000","MUNDO",1984-12-01,1095
26,"Industrias Metálicas Básicas, Siderurgia y aluminio",1005,"Aluminio","Precio internacional_LME (London Metal Exchange)","US$/tn","Banco Mundial","Mensual","Mundial","MUNDO","000","MUNDO",1985-01-01,1075
26,"Industrias Metálicas Básicas, Siderurgia y aluminio",1005,"Aluminio","Precio internacional_LME (London Metal Exchange)","US$/tn","Banco Mundial","Mensual","Mundial","MUNDO","000","MUNDO",1985-02-01,1098
26,"Industrias Metálicas Básicas, Siderurgia y aluminio",1005,"Aluminio","Precio internacional_LME (London Metal Exchange)","US$/tn","Banco Mundial","Mensual","Mundial","MUNDO","000","MUNDO",1985-03-01,1095
26,"Industrias Metálicas Básicas, Siderurgia y aluminio",1005,"Aluminio","Precio internacional_LME (London Metal Exchange)","US$/tn","Banco Mundial","Mensual","Mundial","MUNDO","000","MUNDO",1985-04-01,1106
26,"Industrias Metálicas Básicas, Siderurgia y aluminio",1005,"Aluminio","Precio internacional_LME (London Metal Exchange)","US$/tn","Banco Mundial","Mensual","Mundial","MUNDO","000","MUNDO",1985-05-01,1105
26,"Industrias Metálicas Básicas, Siderurgia y aluminio",1005,"Aluminio","Precio internacional_LME (London Metal Exchange)","US$/tn","Banco Mundial","Mensual","Mundial","MUNDO","000","MUNDO",1985-06-01,1032
26,"Industrias Metálicas Básicas, Siderurgia y aluminio",1005,"Aluminio","Precio internacional_LME (London Metal Exchange)","US$/tn","Banco Mundial","Mensual","Mundial","MUNDO","000","MUNDO",1985-07-01,1012
26,"Industrias Metálicas Básicas, Siderurgia y aluminio",1005,"Aluminio","Precio internacional_LME (London Metal Exchange)","US$/tn","Banco Mundial","Mensual","Mundial","MUNDO","000","MUNDO",1985-08-01,1019
26,"Industrias Metálicas Básicas, Siderurgia y aluminio",1005,"Aluminio","Precio internacional_LME (London Metal Exchange)","US$/tn","Banco Mundial","Mensual","Mundial","MUNDO","000","MUNDO",1985-09-01,985
26,"Industrias Metálicas Básicas, Siderurgia y aluminio",1005,"Aluminio","Precio internacional_LME (London Metal Exchange)","US$/tn","Banco Mundial","Mensual","Mundial","MUNDO","000","MUNDO",1985-10-01,971
26,"Industrias Metálicas Básicas, Siderurgia y aluminio",1005,"Aluminio","Precio internacional_LME (London Metal Exchange)","US$/tn","Banco Mundial","Mensual","Mundial","MUNDO","000","MUNDO",1985-11-01,950
26,"Industrias Metálicas Básicas, Siderurgia y aluminio",1005,"Aluminio","Precio internacional_LME (London Metal Exchange)","US$/tn","Banco Mundial","Mensual","Mundial","MUNDO","000","MUNDO",1985-12-01,1039
26,"Industrias Metálicas Básicas, Siderurgia y aluminio",1005,"Aluminio","Precio internacional_LME (London Metal Exchange)","US$/tn","Banco Mundial","Mensual","Mundial","MUNDO","000","MUNDO",1986-01-01,1119
26,"Industrias Metálicas Básicas, Siderurgia y aluminio",1005,"Aluminio","Precio internacional_LME (London Metal Exchange)","US$/tn","Banco Mundial","Mensual","Mundial","MUNDO","000","MUNDO",1986-02-01,1115
26,"Industrias Metálicas Básicas, Siderurgia y aluminio",1005,"Aluminio","Precio internacional_LME (London Metal Exchange)","US$/tn","Banco Mundial","Mensual","Mundial","MUNDO","000","MUNDO",1986-03-01,1168
26,"Industrias Metálicas Básicas, Siderurgia y aluminio",1005,"Aluminio","Precio internacional_LME (London Metal Exchange)","US$/tn","Banco Mundial","Mensual","Mundial","MUNDO","000","MUNDO",1986-04-01,1164
26,"Industrias Metálicas Básicas, Siderurgia y aluminio",1005,"Aluminio","Precio internacional_LME (London Metal Exchange)","US$/tn","Banco Mundial","Mensual","Mundial","MUNDO","000","MUNDO",1986-05-01,1164
26,"Industrias Metálicas Básicas, Siderurgia y aluminio",1005,"Aluminio","Precio internacional_LME (London Metal Exchange)","US$/tn","Banco Mundial","Mensual","Mundial","MUNDO","000","MUNDO",1986-06-01,1183
26,"Industrias Metálicas Básicas, Siderurgia y aluminio",1005,"Aluminio","Precio internacional_LME (London Metal Exchange)","US$/tn","Banco Mundial","Mensual","Mundial","MUNDO","000","MUNDO",1986-07-01,1123
26,"Industrias Metálicas Básicas, Siderurgia y aluminio",1005,"Aluminio","Precio internacional_LME (London Metal Exchange)","US$/tn","Banco Mundial","Mensual","Mundial","MUNDO","000","MUNDO",1986-08-01,1129
26,"Industrias Metálicas Básicas, Siderurgia y aluminio",1005,"Aluminio","Precio internacional_LME (London Metal Exchange)","US$/tn","Banco Mundial","Mensual","Mundial","MUNDO","000","MUNDO",1986-09-01,1206
26,"Industrias Metálicas Básicas, Siderurgia y aluminio",1005,"Aluminio","Precio internacional_LME (London Metal Exchange)","US$/tn","Banco Mundial","Mensual","Mundial","MUNDO","000","MUNDO",1986-10-01,1162
26,"Industrias Metálicas Básicas, Siderurgia y aluminio",1005,"Aluminio","Precio internacional_LME (London Metal Exchange)","US$/tn","Banco Mundial","Mensual","Mundial","MUNDO","000","MUNDO",1986-11-01,1132
26,"Industrias Metálicas Básicas, Siderurgia y aluminio",1005,"Aluminio","Precio internacional_LME (London Metal Exchange)","US$/tn","Banco Mundial","Mensual","Mundial","MUNDO","000","MUNDO",1986-12-01,1133
26,"Industrias Metálicas Básicas, Siderurgia y aluminio",1005,"Aluminio","Precio internacional_LME (London Metal Exchange)","US$/tn","Banco Mundial","Mensual","Mundial","MUNDO","000","MUNDO",1987-01-01,1171
26,"Industrias Metálicas Básicas, Siderurgia y aluminio",1005,"Aluminio","Precio internacional_LME (London Metal Exchange)","US$/tn","Banco Mundial","Mensual","Mundial","MUNDO","000","MUNDO",1987-02-01,1283
26,"Industrias Metálicas Básicas, Siderurgia y aluminio",1005,"Aluminio","Precio internacional_LME (London Metal Exchange)","US$/tn","Banco Mundial","Mensual","Mundial","MUNDO","000","MUNDO",1987-03-01,1367
26,"Industrias Metálicas Básicas, Siderurgia y aluminio",1005,"Aluminio","Precio internacional_LME (London Metal Exchange)","US$/tn","Banco Mundial","Mensual","Mundial","MUNDO","000","MUNDO",1987-04-01,1401
26,"Industrias Metálicas Básicas, Siderurgia y aluminio",1005,"Aluminio","Precio internacional_LME (London Metal Exchange)","US$/tn","Banco Mundial","Mensual","Mundial","MUNDO","000","MUNDO",1987-05-01,1412
26,"Industrias Metálicas Básicas, Siderurgia y aluminio",1005,"Aluminio","Precio internacional_LME (London Metal Exchange)","US$/tn","Banco Mundial","Mensual","Mundial","MUNDO","000","MUNDO",1987-06-01,1472
26,"Industrias Metálicas Básicas, Siderurgia y aluminio",1005,"Aluminio","Precio internacional_LME (London Metal Exchange)","US$/tn","Banco Mundial","Mensual","Mundial","MUNDO","000","MUNDO",1987-07-01,1653
26,"Industrias Metálicas Básicas, Siderurgia y aluminio",1005,"Aluminio","Precio internacional_LME (London Metal Exchange)","US$/tn","Banco Mundial","Mensual","Mundial","MUNDO","000","MUNDO",1987-08-01,1810
26,"Industrias Metálicas Básicas, Siderurgia y aluminio",1005,"Aluminio","Precio internacional_LME (London Metal Exchange)","US$/tn","Banco Mundial","Mensual","Mundial","MUNDO","000","MUNDO",1987-09-01,1746
26,"Industrias Metálicas Básicas, Siderurgia y aluminio",1005,"Aluminio","Precio internacional_LME (London Metal Exchange)","US$/tn","Banco Mundial","Mensual","Mundial","MUNDO","000","MUNDO",1987-10-01,1963
26,"Industrias Metálicas Básicas, Siderurgia y aluminio",1005,"Aluminio","Precio internacional_LME (London Metal Exchange)","US$/tn","Banco Mundial","Mensual","Mundial","MUNDO","000","MUNDO",1987-11-01,1681
26,"Industrias Metálicas Básicas, Siderurgia y aluminio",1005,"Aluminio","Precio internacional_LME (London Metal Exchange)","US$/tn","Banco Mundial","Mensual","Mundial","MUNDO","000","MUNDO",1987-12-01,1824
26,"Industrias Metálicas Básicas, Siderurgia y aluminio",1005,"Aluminio","Precio internacional_LME (London Metal Exchange)","US$/tn","Banco Mundial","Mensual","Mundial","MUNDO","000","MUNDO",1988-01-01,2002
26,"Industrias Metálicas Básicas, Siderurgia y aluminio",1005,"Aluminio","Precio internacional_LME (London Metal Exchange)","US$/tn","Banco Mundial","Mensual","Mundial","MUNDO","000","MUNDO",1988-02-01,2138
26,"Industrias Metálicas Básicas, Siderurgia y aluminio",1005,"Aluminio","Precio internacional_LME (London Metal Exchange)","US$/tn","Banco Mundial","Mensual","Mundial","MUNDO","000","MUNDO",1988-03-01,2526
26,"Industrias Metálicas Básicas, Siderurgia y aluminio",1005,"Aluminio","Precio internacional_LME (London Metal Exchange)","US$/tn","Banco Mundial","Mensual","Mundial","MUNDO","000","MUNDO",1988-04-01,2508
26,"Industrias Metálicas Básicas, Siderurgia y aluminio",1005,"Aluminio","Precio internacional_LME (London Metal Exchange)","US$/tn","Banco Mundial","Mensual","Mundial","MUNDO","000","MUNDO",1988-05-01,2988
26,"Industrias Metálicas Básicas, Siderurgia y aluminio",1005,"Aluminio","Precio internacional_LME (London Metal Exchange)","US$/tn","Banco Mundial","Mensual","Mundial","MUNDO","000","MUNDO",1988-06-01,3578
26,"Industrias Metálicas Básicas, Siderurgia y aluminio",1005,"Aluminio","Precio internacional_LME (London Metal Exchange)","US$/tn","Banco Mundial","Mensual","Mundial","MUNDO","000","MUNDO",1988-07-01,2582
26,"Industrias Metálicas Básicas, Siderurgia y aluminio",1005,"Aluminio","Precio internacional_LME (London Metal Exchange)","US$/tn","Banco Mundial","Mensual","Mundial","MUNDO","000","MUNDO",1988-08-01,2701
26,"Industrias Metálicas Básicas, Siderurgia y aluminio",1005,"Aluminio","Precio internacional_LME (London Metal Exchange)","US$/tn","Banco Mundial","Mensual","Mundial","MUNDO","000","MUNDO",1988-09-01,2387
26,"Industrias Metálicas Básicas, Siderurgia y aluminio",1005,"Aluminio","Precio internacional_LME (London Metal Exchange)","US$/tn","Banco Mundial","Mensual","Mundial","MUNDO","000","MUNDO",1988-10-01,2309
26,"Industrias Metálicas Básicas, Siderurgia y aluminio",1005,"Aluminio","Precio internacional_LME (London Metal Exchange)","US$/tn","Banco Mundial","Mensual","Mundial","MUNDO","000","MUNDO",1988-11-01,2382
26,"Industrias Metálicas Básicas, Siderurgia y aluminio",1005,"Aluminio","Precio internacional_LME (London Metal Exchange)","US$/tn","Banco Mundial","Mensual","Mundial","MUNDO","000","MUNDO",1988-12-01,2503
26,"Industrias Metálicas Básicas, Siderurgia y aluminio",1005,"Aluminio","Precio internacional_LME (London Metal Exchange)","US$/tn","Banco Mundial","Mensual","Mundial","MUNDO","000","MUNDO",1989-01-01,2398
26,"Industrias Metálicas Básicas, Siderurgia y aluminio",1005,"Aluminio","Precio internacional_LME (London Metal Exchange)","US$/tn","Banco Mundial","Mensual","Mundial","MUNDO","000","MUNDO",1989-02-01,2183
26,"Industrias Metálicas Básicas, Siderurgia y aluminio",1005,"Aluminio","Precio internacional_LME (London Metal Exchange)","US$/tn","Banco Mundial","Mensual","Mundial","MUNDO","000","MUNDO",1989-03-01,2074
26,"Industrias Metálicas Básicas, Siderurgia y aluminio",1005,"Aluminio","Precio internacional_LME (London Metal Exchange)","US$/tn","Banco Mundial","Mensual","Mundial","MUNDO","000","MUNDO",1989-04-01,2126
26,"Industrias Metálicas Básicas, Siderurgia y aluminio",1005,"Aluminio","Precio internacional_LME (London Metal Exchange)","US$/tn","Banco Mundial","Mensual","Mundial","MUNDO","000","MUNDO",1989-05-01,2259
26,"Industrias Metálicas Básicas, Siderurgia y aluminio",1005,"Aluminio","Precio internacional_LME (London Metal Exchange)","US$/tn","Banco Mundial","Mensual","Mundial","MUNDO","000","MUNDO",1989-06-01,1914
26,"Industrias Metálicas Básicas, Siderurgia y aluminio",1005,"Aluminio","Precio internacional_LME (London Metal Exchange)","US$/tn","Banco Mundial","Mensual","Mundial","MUNDO","000","MUNDO",1989-07-01,1756
26,"Industrias Metálicas Básicas, Siderurgia y aluminio",1005,"Aluminio","Precio internacional_LME (London Metal Exchange)","US$/tn","Banco Mundial","Mensual","Mundial","MUNDO","000","MUNDO",1989-08-01,1798
26,"Industrias Metálicas Básicas, Siderurgia y aluminio",1005,"Aluminio","Precio internacional_LME (London Metal Exchange)","US$/tn","Banco Mundial","Mensual","Mundial","MUNDO","000","MUNDO",1989-09-01,1718
26,"Industrias Metálicas Básicas, Siderurgia y aluminio",1005,"Aluminio","Precio internacional_LME (London Metal Exchange)","US$/tn","Banco Mundial","Mensual","Mundial","MUNDO","000","MUNDO",1989-10-01,1820
26,"Industrias Metálicas Básicas, Siderurgia y aluminio",1005,"Aluminio","Precio internacional_LME (London Metal Exchange)","US$/tn","Banco Mundial","Mensual","Mundial","MUNDO","000","MUNDO",1989-11-01,1736
26,"Industrias Metálicas Básicas, Siderurgia y aluminio",1005,"Aluminio","Precio internacional_LME (London Metal Exchange)","US$/tn","Banco Mundial","Mensual","Mundial","MUNDO","000","MUNDO",1989-12-01,1633
26,"Industrias Metálicas Básicas, Siderurgia y aluminio",1005,"Aluminio","Precio internacional_LME (London Metal Exchange)","US$/tn","Banco Mundial","Mensual","Mundial","MUNDO","000","MUNDO",1990-01-01,1528
26,"Industrias Metálicas Básicas, Siderurgia y aluminio",1005,"Aluminio","Precio internacional_LME (London Metal Exchange)","US$/tn","Banco Mundial","Mensual","Mundial","MUNDO","000","MUNDO",1990-02-01,1454
26,"Industrias Metálicas Básicas, Siderurgia y aluminio",1005,"Aluminio","Precio internacional_LME (London Metal Exchange)","US$/tn","Banco Mundial","Mensual","Mundial","MUNDO","000","MUNDO",1990-03-01,1567
26,"Industrias Metálicas Básicas, Siderurgia y aluminio",1005,"Aluminio","Precio internacional_LME (London Metal Exchange)","US$/tn","Banco Mundial","Mensual","Mundial","MUNDO","000","MUNDO",1990-04-01,1526
26,"Industrias Metálicas Básicas, Siderurgia y aluminio",1005,"Aluminio","Precio internacional_LME (London Metal Exchange)","US$/tn","Banco Mundial","Mensual","Mundial","MUNDO","000","MUNDO",1990-05-01,1527
26,"Industrias Metálicas Básicas, Siderurgia y aluminio",1005,"Aluminio","Precio internacional_LME (London Metal Exchange)","US$/tn","Banco Mundial","Mensual","Mundial","MUNDO","000","MUNDO",1990-06-01,1566
26,"Industrias Metálicas Básicas, Siderurgia y aluminio",1005,"Aluminio","Precio internacional_LME (London Metal Exchange)","US$/tn","Banco Mundial","Mensual","Mundial","MUNDO","000","MUNDO",1990-07-01,1571
26,"Industrias Metálicas Básicas, Siderurgia y aluminio",1005,"Aluminio","Precio internacional_LME (London Metal Exchange)","US$/tn","Banco Mundial","Mensual","Mundial","MUNDO","000","MUNDO",1990-08-01,1782
26,"Industrias Metálicas Básicas, Siderurgia y aluminio",1005,"Aluminio","Precio internacional_LME (London Metal Exchange)","US$/tn","Banco Mundial","Mensual","Mundial","MUNDO","000","MUNDO",1990-09-01,2067
26,"Industrias Metálicas Básicas, Siderurgia y aluminio",1005,"Aluminio","Precio internacional_LME (London Metal Exchange)","US$/tn","Banco Mundial","Mensual","Mundial","MUNDO","000","MUNDO",1990-10-01,1946
26,"Industrias Metálicas Básicas, Siderurgia y aluminio",1005,"Aluminio","Precio internacional_LME (London Metal Exchange)","US$/tn","Banco Mundial","Mensual","Mundial","MUNDO","000","MUNDO",1990-11-01,1618
26,"Industrias Metálicas Básicas, Siderurgia y aluminio",1005,"Aluminio","Precio internacional_LME (London Metal Exchange)","US$/tn","Banco Mundial","Mensual","Mundial","MUNDO","000","MUNDO",1990-12-01,1522
26,"Industrias Metálicas Básicas, Siderurgia y aluminio",1005,"Aluminio","Precio internacional_LME (London Metal Exchange)","US$/tn","Banco Mundial","Mensual","Mundial","MUNDO","000","MUNDO",1991-01-01,1515
26,"Industrias Metálicas Básicas, Siderurgia y aluminio",1005,"Aluminio","Precio internacional_LME (London Metal Exchange)","US$/tn","Banco Mundial","Mensual","Mundial","MUNDO","000","MUNDO",1991-02-01,1505
26,"Industrias Metálicas Básicas, Siderurgia y aluminio",1005,"Aluminio","Precio internacional_LME (London Metal Exchange)","US$/tn","Banco Mundial","Mensual","Mundial","MUNDO","000","MUNDO",1991-03-01,1496
26,"Industrias Metálicas Básicas, Siderurgia y aluminio",1005,"Aluminio","Precio internacional_LME (London Metal Exchange)","US$/tn","Banco Mundial","Mensual","Mundial","MUNDO","000","MUNDO",1991-04-01,1392
26,"Industrias Metálicas Básicas, Siderurgia y aluminio",1005,"Aluminio","Precio internacional_LME (London Metal Exchange)","US$/tn","Banco Mundial","Mensual","Mundial","MUNDO","000","MUNDO",1991-05-01,1296
26,"Industrias Metálicas Básicas, Siderurgia y aluminio",1005,"Aluminio","Precio internacional_LME (London Metal Exchange)","US$/tn","Banco Mundial","Mensual","Mundial","MUNDO","000","MUNDO",1991-06-01,1275
26,"Industrias Metálicas Básicas, Siderurgia y aluminio",1005,"Aluminio","Precio internacional_LME (London Metal Exchange)","US$/tn","Banco Mundial","Mensual","Mundial","MUNDO","000","MUNDO",1991-07-01,1297
26,"Industrias Metálicas Básicas, Siderurgia y aluminio",1005,"Aluminio","Precio internacional_LME (London Metal Exchange)","US$/tn","Banco Mundial","Mensual","Mundial","MUNDO","000","MUNDO",1991-08-01,1256
26,"Industrias Metálicas Básicas, Siderurgia y aluminio",1005,"Aluminio","Precio internacional_LME (London Metal Exchange)","US$/tn","Banco Mundial","Mensual","Mundial","MUNDO","000","MUNDO",1991-09-01,1212
26,"Industrias Metálicas Básicas, Siderurgia y aluminio",1005,"Aluminio","Precio internacional_LME (London Metal Exchange)","US$/tn","Banco Mundial","Mensual","Mundial","MUNDO","000","MUNDO",1991-10-01,1150
26,"Industrias Metálicas Básicas, Siderurgia y aluminio",1005,"Aluminio","Precio internacional_LME (London Metal Exchange)","US$/tn","Banco Mundial","Mensual","Mundial","MUNDO","000","MUNDO",1991-11-01,1135
26,"Industrias Metálicas Básicas, Siderurgia y aluminio",1005,"Aluminio","Precio internacional_LME (London Metal Exchange)","US$/tn","Banco Mundial","Mensual","Mundial","MUNDO","000","MUNDO",1991-12-01,1098
26,"Industrias Metálicas Básicas, Siderurgia y aluminio",1005,"Aluminio","Precio internacional_LME (London Metal Exchange)","US$/tn","Banco Mundial","Mensual","Mundial","MUNDO","000","MUNDO",1992-01-01,1177
26,"Industrias Metálicas Básicas, Siderurgia y aluminio",1005,"Aluminio","Precio internacional_LME (London Metal Exchange)","US$/tn","Banco Mundial","Mensual","Mundial","MUNDO","000","MUNDO",1992-02-01,1267
26,"Industrias Metálicas Básicas, Siderurgia y aluminio",1005,"Aluminio","Precio internacional_LME (London Metal Exchange)","US$/tn","Banco Mundial","Mensual","Mundial","MUNDO","000","MUNDO",1992-03-01,1280
26,"Industrias Metálicas Básicas, Siderurgia y aluminio",1005,"Aluminio","Precio internacional_LME (London Metal Exchange)","US$/tn","Banco Mundial","Mensual","Mundial","MUNDO","000","MUNDO",1992-04-01,1317
26,"Industrias Metálicas Básicas, Siderurgia y aluminio",1005,"Aluminio","Precio internacional_LME (London Metal Exchange)","US$/tn","Banco Mundial","Mensual","Mundial","MUNDO","000","MUNDO",1992-05-01,1307
26,"Industrias Metálicas Básicas, Siderurgia y aluminio",1005,"Aluminio","Precio internacional_LME (London Metal Exchange)","US$/tn","Banco Mundial","Mensual","Mundial","MUNDO","000","MUNDO",1992-06-01,1276
26,"Industrias Metálicas Básicas, Siderurgia y aluminio",1005,"Aluminio","Precio internacional_LME (London Metal Exchange)","US$/tn","Banco Mundial","Mensual","Mundial","MUNDO","000","MUNDO",1992-07-01,1313
26,"Industrias Metálicas Básicas, Siderurgia y aluminio",1005,"Aluminio","Precio internacional_LME (London Metal Exchange)","US$/tn","Banco Mundial","Mensual","Mundial","MUNDO","000","MUNDO",1992-08-01,1305
26,"Industrias Metálicas Básicas, Siderurgia y aluminio",1005,"Aluminio","Precio internacional_LME (London Metal Exchange)","US$/tn","Banco Mundial","Mensual","Mundial","MUNDO","000","MUNDO",1992-09-01,1270
26,"Industrias Metálicas Básicas, Siderurgia y aluminio",1005,"Aluminio","Precio internacional_LME (London Metal Exchange)","US$/tn","Banco Mundial","Mensual","Mundial","MUNDO","000","MUNDO",1992-10-01,1174
26,"Industrias Metálicas Básicas, Siderurgia y aluminio",1005,"Aluminio","Precio internacional_LME (London Metal Exchange)","US$/tn","Banco Mundial","Mensual","Mundial","MUNDO","000","MUNDO",1992-11-01,1159
26,"Industrias Metálicas Básicas, Siderurgia y aluminio",1005,"Aluminio","Precio internacional_LME (London Metal Exchange)","US$/tn","Banco Mundial","Mensual","Mundial","MUNDO","000","MUNDO",1992-12-01,1207
26,"Industrias Metálicas Básicas, Siderurgia y aluminio",1005,"Aluminio","Precio internacional_LME (London Metal Exchange)","US$/tn","Banco Mundial","Mensual","Mundial","MUNDO","000","MUNDO",1993-01-01,1207
26,"Industrias Metálicas Básicas, Siderurgia y aluminio",1005,"Aluminio","Precio internacional_LME (London Metal Exchange)","US$/tn","Banco Mundial","Mensual","Mundial","MUNDO","000","MUNDO",1993-02-01,1202
26,"Industrias Metálicas Básicas, Siderurgia y aluminio",1005,"Aluminio","Precio internacional_LME (London Metal Exchange)","US$/tn","Banco Mundial","Mensual","Mundial","MUNDO","000","MUNDO",1993-03-01,1151
26,"Industrias Metálicas Básicas, Siderurgia y aluminio",1005,"Aluminio","Precio internacional_LME (London Metal Exchange)","US$/tn","Banco Mundial","Mensual","Mundial","MUNDO","000","MUNDO",1993-04-01,1109
26,"Industrias Metálicas Básicas, Siderurgia y aluminio",1005,"Aluminio","Precio internacional_LME (London Metal Exchange)","US$/tn","Banco Mundial","Mensual","Mundial","MUNDO","000","MUNDO",1993-05-01,1124
26,"Industrias Metálicas Básicas, Siderurgia y aluminio",1005,"Aluminio","Precio internacional_LME (London Metal Exchange)","US$/tn","Banco Mundial","Mensual","Mundial","MUNDO","000","MUNDO",1993-06-01,1165
26,"Industrias Metálicas Básicas, Siderurgia y aluminio",1005,"Aluminio","Precio internacional_LME (London Metal Exchange)","US$/tn","Banco Mundial","Mensual","Mundial","MUNDO","000","MUNDO",1993-07-01,1202
26,"Industrias Metálicas Básicas, Siderurgia y aluminio",1005,"Aluminio","Precio internacional_LME (London Metal Exchange)","US$/tn","Banco Mundial","Mensual","Mundial","MUNDO","000","MUNDO",1993-08-01,1172
26,"Industrias Metálicas Básicas, Siderurgia y aluminio",1005,"Aluminio","Precio internacional_LME (London Metal Exchange)","US$/tn","Banco Mundial","Mensual","Mundial","MUNDO","000","MUNDO",1993-09-01,1115
26,"Industrias Metálicas Básicas, Siderurgia y aluminio",1005,"Aluminio","Precio internacional_LME (London Metal Exchange)","US$/tn","Banco Mundial","Mensual","Mundial","MUNDO","000","MUNDO",1993-10-01,1087
26,"Industrias Metálicas Básicas, Siderurgia y aluminio",1005,"Aluminio","Precio internacional_LME (London Metal Exchange)","US$/tn","Banco Mundial","Mensual","Mundial","MUNDO","000","MUNDO",1993-11-01,1040
26,"Industrias Metálicas Básicas, Siderurgia y aluminio",1005,"Aluminio","Precio internacional_LME (London Metal Exchange)","US$/tn","Banco Mundial","Mensual","Mundial","MUNDO","000","MUNDO",1993-12-01,1094
26,"Industrias Metálicas Básicas, Siderurgia y aluminio",1005,"Aluminio","Precio internacional_LME (London Metal Exchange)","US$/tn","Banco Mundial","Mensual","Mundial","MUNDO","000","MUNDO",1994-01-01,1175
26,"Industrias Metálicas Básicas, Siderurgia y aluminio",1005,"Aluminio","Precio internacional_LME (London Metal Exchange)","US$/tn","Banco Mundial","Mensual","Mundial","MUNDO","000","MUNDO",1994-02-01,1270
26,"Industrias Metálicas Básicas, Siderurgia y aluminio",1005,"Aluminio","Precio internacional_LME (London Metal Exchange)","US$/tn","Banco Mundial","Mensual","Mundial","MUNDO","000","MUNDO",1994-03-01,1289
26,"Industrias Metálicas Básicas, Siderurgia y aluminio",1005,"Aluminio","Precio internacional_LME (London Metal Exchange)","US$/tn","Banco Mundial","Mensual","Mundial","MUNDO","000","MUNDO",1994-04-01,1279
26,"Industrias Metálicas Básicas, Siderurgia y aluminio",1005,"Aluminio","Precio internacional_LME (London Metal Exchange)","US$/tn","Banco Mundial","Mensual","Mundial","MUNDO","000","MUNDO",1994-05-01,1323
26,"Industrias Metálicas Básicas, Siderurgia y aluminio",1005,"Aluminio","Precio internacional_LME (London Metal Exchange)","US$/tn","Banco Mundial","Mensual","Mundial","MUNDO","000","MUNDO",1994-06-01,1401
26,"Industrias Metálicas Básicas, Siderurgia y aluminio",1005,"Aluminio","Precio internacional_LME (London Metal Exchange)","US$/tn","Banco Mundial","Mensual","Mundial","MUNDO","000","MUNDO",1994-07-01,1492
26,"Industrias Metálicas Básicas, Siderurgia y aluminio",1005,"Aluminio","Precio internacional_LME (London Metal Exchange)","US$/tn","Banco Mundial","Mensual","Mundial","MUNDO","000","MUNDO",1994-08-01,1455
26,"Industrias Metálicas Básicas, Siderurgia y aluminio",1005,"Aluminio","Precio internacional_LME (London Metal Exchange)","US$/tn","Banco Mundial","Mensual","Mundial","MUNDO","000","MUNDO",1994-09-01,1569
26,"Industrias Metálicas Básicas, Siderurgia y aluminio",1005,"Aluminio","Precio internacional_LME (London Metal Exchange)","US$/tn","Banco Mundial","Mensual","Mundial","MUNDO","000","MUNDO",1994-10-01,1698
26,"Industrias Metálicas Básicas, Siderurgia y aluminio",1005,"Aluminio","Precio internacional_LME (London Metal Exchange)","US$/tn","Banco Mundial","Mensual","Mundial","MUNDO","000","MUNDO",1994-11-01,1893
26,"Industrias Metálicas Básicas, Siderurgia y aluminio",1005,"Aluminio","Precio internacional_LME (London Metal Exchange)","US$/tn","Banco Mundial","Mensual","Mundial","MUNDO","000","MUNDO",1994-12-01,1878
26,"Industrias Metálicas Básicas, Siderurgia y aluminio",1005,"Aluminio","Precio internacional_LME (London Metal Exchange)","US$/tn","Banco Mundial","Mensual","Mundial","MUNDO","000","MUNDO",1995-01-01,2061
26,"Industrias Metálicas Básicas, Siderurgia y aluminio",1005,"Aluminio","Precio internacional_LME (London Metal Exchange)","US$/tn","Banco Mundial","Mensual","Mundial","MUNDO","000","MUNDO",1995-02-01,1916
26,"Industrias Metálicas Básicas, Siderurgia y aluminio",1005,"Aluminio","Precio internacional_LME (London Metal Exchange)","US$/tn","Banco Mundial","Mensual","Mundial","MUNDO","000","MUNDO",1995-03-01,1805
26,"Industrias Metálicas Básicas, Siderurgia y aluminio",1005,"Aluminio","Precio internacional_LME (London Metal Exchange)","US$/tn","Banco Mundial","Mensual","Mundial","MUNDO","000","MUNDO",1995-04-01,1849
26,"Industrias Metálicas Básicas, Siderurgia y aluminio",1005,"Aluminio","Precio internacional_LME (London Metal Exchange)","US$/tn","Banco Mundial","Mensual","Mundial","MUNDO","000","MUNDO",1995-05-01,1763
26,"Industrias Metálicas Básicas, Siderurgia y aluminio",1005,"Aluminio","Precio internacional_LME (London Metal Exchange)","US$/tn","Banco Mundial","Mensual","Mundial","MUNDO","000","MUNDO",1995-06-01,1780
26,"Industrias Metálicas Básicas, Siderurgia y aluminio",1005,"Aluminio","Precio internacional_LME (London Metal Exchange)","US$/tn","Banco Mundial","Mensual","Mundial","MUNDO","000","MUNDO",1995-07-01,1860
26,"Industrias Metálicas Básicas, Siderurgia y aluminio",1005,"Aluminio","Precio internacional_LME (London Metal Exchange)","US$/tn","Banco Mundial","Mensual","Mundial","MUNDO","000","MUNDO",1995-08-01,1888
26,"Industrias Metálicas Básicas, Siderurgia y aluminio",1005,"Aluminio","Precio internacional_LME (London Metal Exchange)","US$/tn","Banco Mundial","Mensual","Mundial","MUNDO","000","MUNDO",1995-09-01,1761
26,"Industrias Metálicas Básicas, Siderurgia y aluminio",1005,"Aluminio","Precio internacional_LME (London Metal Exchange)","US$/tn","Banco Mundial","Mensual","Mundial","MUNDO","000","MUNDO",1995-10-01,1674
26,"Industrias Metálicas Básicas, Siderurgia y aluminio",1005,"Aluminio","Precio internacional_LME (London Metal Exchange)","US$/tn","Banco Mundial","Mensual","Mundial","MUNDO","000","MUNDO",1995-11-01,1654
26,"Industrias Metálicas Básicas, Siderurgia y aluminio",1005,"Aluminio","Precio internacional_LME (London Metal Exchange)","US$/tn","Banco Mundial","Mensual","Mundial","MUNDO","000","MUNDO",1995-12-01,1657
26,"Industrias Metálicas Básicas, Siderurgia y aluminio",1005,"Aluminio","Precio internacional_LME (London Metal Exchange)","US$/tn","Banco Mundial","Mensual","Mundial","MUNDO","000","MUNDO",1996-01-01,1589
26,"Industrias Metálicas Básicas, Siderurgia y aluminio",1005,"Aluminio","Precio internacional_LME (London Metal Exchange)","US$/tn","Banco Mundial","Mensual","Mundial","MUNDO","000","MUNDO",1996-02-01,1592
26,"Industrias Metálicas Básicas, Siderurgia y aluminio",1005,"Aluminio","Precio internacional_LME (London Metal Exchange)","US$/tn","Banco Mundial","Mensual","Mundial","MUNDO","000","MUNDO",1996-03-01,1612
26,"Industrias Metálicas Básicas, Siderurgia y aluminio",1005,"Aluminio","Precio internacional_LME (London Metal Exchange)","US$/tn","Banco Mundial","Mensual","Mundial","MUNDO","000","MUNDO",1996-04-01,1587
26,"Industrias Metálicas Básicas, Siderurgia y aluminio",1005,"Aluminio","Precio internacional_LME (London Metal Exchange)","US$/tn","Banco Mundial","Mensual","Mundial","MUNDO","000","MUNDO",1996-05-01,1589
26,"Industrias Metálicas Básicas, Siderurgia y aluminio",1005,"Aluminio","Precio internacional_LME (London Metal Exchange)","US$/tn","Banco Mundial","Mensual","Mundial","MUNDO","000","MUNDO",1996-06-01,1482
26,"Industrias Metálicas Básicas, Siderurgia y aluminio",1005,"Aluminio","Precio internacional_LME (London Metal Exchange)","US$/tn","Banco Mundial","Mensual","Mundial","MUNDO","000","MUNDO",1996-07-01,1459
26,"Industrias Metálicas Básicas, Siderurgia y aluminio",1005,"Aluminio","Precio internacional_LME (London Metal Exchange)","US$/tn","Banco Mundial","Mensual","Mundial","MUNDO","000","MUNDO",1996-08-01,1463
26,"Industrias Metálicas Básicas, Siderurgia y aluminio",1005,"Aluminio","Precio internacional_LME (London Metal Exchange)","US$/tn","Banco Mundial","Mensual","Mundial","MUNDO","000","MUNDO",1996-09-01,1407
26,"Industrias Metálicas Básicas, Siderurgia y aluminio",1005,"Aluminio","Precio internacional_LME (London Metal Exchange)","US$/tn","Banco Mundial","Mensual","Mundial","MUNDO","000","MUNDO",1996-10-01,1336
26,"Industrias Metálicas Básicas, Siderurgia y aluminio",1005,"Aluminio","Precio internacional_LME (London Metal Exchange)","US$/tn","Banco Mundial","Mensual","Mundial","MUNDO","000","MUNDO",1996-11-01,1450
26,"Industrias Metálicas Básicas, Siderurgia y aluminio",1005,"Aluminio","Precio internacional_LME (London Metal Exchange)","US$/tn","Banco Mundial","Mensual","Mundial","MUNDO","000","MUNDO",1996-12-01,1500
26,"Industrias Metálicas Básicas, Siderurgia y aluminio",1005,"Aluminio","Precio internacional_LME (London Metal Exchange)","US$/tn","Banco Mundial","Mensual","Mundial","MUNDO","000","MUNDO",1997-01-01,1576
26,"Industrias Metálicas Básicas, Siderurgia y aluminio",1005,"Aluminio","Precio internacional_LME (London Metal Exchange)","US$/tn","Banco Mundial","Mensual","Mundial","MUNDO","000","MUNDO",1997-02-01,1580
26,"Industrias Metálicas Básicas, Siderurgia y aluminio",1005,"Aluminio","Precio internacional_LME (London Metal Exchange)","US$/tn","Banco Mundial","Mensual","Mundial","MUNDO","000","MUNDO",1997-03-01,1632
26,"Industrias Metálicas Básicas, Siderurgia y aluminio",1005,"Aluminio","Precio internacional_LME (London Metal Exchange)","US$/tn","Banco Mundial","Mensual","Mundial","MUNDO","000","MUNDO",1997-04-01,1561
26,"Industrias Metálicas Básicas, Siderurgia y aluminio",1005,"Aluminio","Precio internacional_LME (London Metal Exchange)","US$/tn","Banco Mundial","Mensual","Mundial","MUNDO","000","MUNDO",1997-05-01,1625
26,"Industrias Metálicas Básicas, Siderurgia y aluminio",1005,"Aluminio","Precio internacional_LME (London Metal Exchange)","US$/tn","Banco Mundial","Mensual","Mundial","MUNDO","000","MUNDO",1997-06-01,1568
26,"Industrias Metálicas Básicas, Siderurgia y aluminio",1005,"Aluminio","Precio internacional_LME (London Metal Exchange)","US$/tn","Banco Mundial","Mensual","Mundial","MUNDO","000","MUNDO",1997-07-01,1592
26,"Industrias Metálicas Básicas, Siderurgia y aluminio",1005,"Aluminio","Precio internacional_LME (London Metal Exchange)","US$/tn","Banco Mundial","Mensual","Mundial","MUNDO","000","MUNDO",1997-08-01,1711
26,"Industrias Metálicas Básicas, Siderurgia y aluminio",1005,"Aluminio","Precio internacional_LME (London Metal Exchange)","US$/tn","Banco Mundial","Mensual","Mundial","MUNDO","000","MUNDO",1997-09-01,1611
26,"Industrias Metálicas Básicas, Siderurgia y aluminio",1005,"Aluminio","Precio internacional_LME (London Metal Exchange)","US$/tn","Banco Mundial","Mensual","Mundial","MUNDO","000","MUNDO",1997-10-01,1608
26,"Industrias Metálicas Básicas, Siderurgia y aluminio",1005,"Aluminio","Precio internacional_LME (London Metal Exchange)","US$/tn","Banco Mundial","Mensual","Mundial","MUNDO","000","MUNDO",1997-11-01,1599
26,"Industrias Metálicas Básicas, Siderurgia y aluminio",1005,"Aluminio","Precio internacional_LME (London Metal Exchange)","US$/tn","Banco Mundial","Mensual","Mundial","MUNDO","000","MUNDO",1997-12-01,1531
26,"Industrias Metálicas Básicas, Siderurgia y aluminio",1005,"Aluminio","Precio internacional_LME (London Metal Exchange)","US$/tn","Banco Mundial","Mensual","Mundial","MUNDO","000","MUNDO",1998-01-01,1486
26,"Industrias Metálicas Básicas, Siderurgia y aluminio",1005,"Aluminio","Precio internacional_LME (London Metal Exchange)","US$/tn","Banco Mundial","Mensual","Mundial","MUNDO","000","MUNDO",1998-02-01,1466
26,"Industrias Metálicas Básicas, Siderurgia y aluminio",1005,"Aluminio","Precio internacional_LME (London Metal Exchange)","US$/tn","Banco Mundial","Mensual","Mundial","MUNDO","000","MUNDO",1998-03-01,1438
26,"Industrias Metálicas Básicas, Siderurgia y aluminio",1005,"Aluminio","Precio internacional_LME (London Metal Exchange)","US$/tn","Banco Mundial","Mensual","Mundial","MUNDO","000","MUNDO",1998-04-01,1418
26,"Industrias Metálicas Básicas, Siderurgia y aluminio",1005,"Aluminio","Precio internacional_LME (London Metal Exchange)","US$/tn","Banco Mundial","Mensual","Mundial","MUNDO","000","MUNDO",1998-05-01,1365
26,"Industrias Metálicas Básicas, Siderurgia y aluminio",1005,"Aluminio","Precio internacional_LME (London Metal Exchange)","US$/tn","Banco Mundial","Mensual","Mundial","MUNDO","000","MUNDO",1998-06-01,1307
26,"Industrias Metálicas Básicas, Siderurgia y aluminio",1005,"Aluminio","Precio internacional_LME (London Metal Exchange)","US$/tn","Banco Mundial","Mensual","Mundial","MUNDO","000","MUNDO",1998-07-01,1309
26,"Industrias Metálicas Básicas, Siderurgia y aluminio",1005,"Aluminio","Precio internacional_LME (London Metal Exchange)","US$/tn","Banco Mundial","Mensual","Mundial","MUNDO","000","MUNDO",1998-08-01,1311
26,"Industrias Metálicas Básicas, Siderurgia y aluminio",1005,"Aluminio","Precio internacional_LME (London Metal Exchange)","US$/tn","Banco Mundial","Mensual","Mundial","MUNDO","000","MUNDO",1998-09-01,1342
26,"Industrias Metálicas Básicas, Siderurgia y aluminio",1005,"Aluminio","Precio internacional_LME (London Metal Exchange)","US$/tn","Banco Mundial","Mensual","Mundial","MUNDO","000","MUNDO",1998-10-01,1304
26,"Industrias Metálicas Básicas, Siderurgia y aluminio",1005,"Aluminio","Precio internacional_LME (London Metal Exchange)","US$/tn","Banco Mundial","Mensual","Mundial","MUNDO","000","MUNDO",1998-11-01,1295
26,"Industrias Metálicas Básicas, Siderurgia y aluminio",1005,"Aluminio","Precio internacional_LME (London Metal Exchange)","US$/tn","Banco Mundial","Mensual","Mundial","MUNDO","000","MUNDO",1998-12-01,1249
26,"Industrias Metálicas Básicas, Siderurgia y aluminio",1005,"Aluminio","Precio internacional_LME (London Metal Exchange)","US$/tn","Banco Mundial","Mensual","Mundial","MUNDO","000","MUNDO",1999-01-01,1218
26,"Industrias Metálicas Básicas, Siderurgia y aluminio",1005,"Aluminio","Precio internacional_LME (London Metal Exchange)","US$/tn","Banco Mundial","Mensual","Mundial","MUNDO","000","MUNDO",1999-02-01,1187
26,"Industrias Metálicas Básicas, Siderurgia y aluminio",1005,"Aluminio","Precio internacional_LME (London Metal Exchange)","US$/tn","Banco Mundial","Mensual","Mundial","MUNDO","000","MUNDO",1999-03-01,1182
26,"Industrias Metálicas Básicas, Siderurgia y aluminio",1005,"Aluminio","Precio internacional_LME (London Metal Exchange)","US$/tn","Banco Mundial","Mensual","Mundial","MUNDO","000","MUNDO",1999-04-01,1278
26,"Industrias Metálicas Básicas, Siderurgia y aluminio",1005,"Aluminio","Precio internacional_LME (London Metal Exchange)","US$/tn","Banco Mundial","Mensual","Mundial","MUNDO","000","MUNDO",1999-05-01,1323
26,"Industrias Metálicas Básicas, Siderurgia y aluminio",1005,"Aluminio","Precio internacional_LME (London Metal Exchange)","US$/tn","Banco Mundial","Mensual","Mundial","MUNDO","000","MUNDO",1999-06-01,1315
26,"Industrias Metálicas Básicas, Siderurgia y aluminio",1005,"Aluminio","Precio internacional_LME (London Metal Exchange)","US$/tn","Banco Mundial","Mensual","Mundial","MUNDO","000","MUNDO",1999-07-01,1404
26,"Industrias Metálicas Básicas, Siderurgia y aluminio",1005,"Aluminio","Precio internacional_LME (London Metal Exchange)","US$/tn","Banco Mundial","Mensual","Mundial","MUNDO","000","MUNDO",1999-08-01,1431
26,"Industrias Metálicas Básicas, Siderurgia y aluminio",1005,"Aluminio","Precio internacional_LME (London Metal Exchange)","US$/tn","Banco Mundial","Mensual","Mundial","MUNDO","000","MUNDO",1999-09-01,1492
26,"Industrias Metálicas Básicas, Siderurgia y aluminio",1005,"Aluminio","Precio internacional_LME (London Metal Exchange)","US$/tn","Banco Mundial","Mensual","Mundial","MUNDO","000","MUNDO",1999-10-01,1474
26,"Industrias Metálicas Básicas, Siderurgia y aluminio",1005,"Aluminio","Precio internacional_LME (London Metal Exchange)","US$/tn","Banco Mundial","Mensual","Mundial","MUNDO","000","MUNDO",1999-11-01,1473
26,"Industrias Metálicas Básicas, Siderurgia y aluminio",1005,"Aluminio","Precio internacional_LME (London Metal Exchange)","US$/tn","Banco Mundial","Mensual","Mundial","MUNDO","000","MUNDO",1999-12-01,1554
26,"Industrias Metálicas Básicas, Siderurgia y aluminio",1005,"Aluminio","Precio internacional_LME (London Metal Exchange)","US$/tn","Banco Mundial","Mensual","Mundial","MUNDO","000","MUNDO",2000-01-01,1680
26,"Industrias Metálicas Básicas, Siderurgia y aluminio",1005,"Aluminio","Precio internacional_LME (London Metal Exchange)","US$/tn","Banco Mundial","Mensual","Mundial","MUNDO","000","MUNDO",2000-02-01,1670
26,"Industrias Metálicas Básicas, Siderurgia y aluminio",1005,"Aluminio","Precio internacional_LME (London Metal Exchange)","US$/tn","Banco Mundial","Mensual","Mundial","MUNDO","000","MUNDO",2000-03-01,1577
26,"Industrias Metálicas Básicas, Siderurgia y aluminio",1005,"Aluminio","Precio internacional_LME (London Metal Exchange)","US$/tn","Banco Mundial","Mensual","Mundial","MUNDO","000","MUNDO",2000-04-01,1457
26,"Industrias Metálicas Básicas, Siderurgia y aluminio",1005,"Aluminio","Precio internacional_LME (London Metal Exchange)","US$/tn","Banco Mundial","Mensual","Mundial","MUNDO","000","MUNDO",2000-05-01,1467
26,"Industrias Metálicas Básicas, Siderurgia y aluminio",1005,"Aluminio","Precio internacional_LME (London Metal Exchange)","US$/tn","Banco Mundial","Mensual","Mundial","MUNDO","000","MUNDO",2000-06-01,1506
26,"Industrias Metálicas Básicas, Siderurgia y aluminio",1005,"Aluminio","Precio internacional_LME (London Metal Exchange)","US$/tn","Banco Mundial","Mensual","Mundial","MUNDO","000","MUNDO",2000-07-01,1564
26,"Industrias Metálicas Básicas, Siderurgia y aluminio",1005,"Aluminio","Precio internacional_LME (London Metal Exchange)","US$/tn","Banco Mundial","Mensual","Mundial","MUNDO","000","MUNDO",2000-08-01,1528
26,"Industrias Metálicas Básicas, Siderurgia y aluminio",1005,"Aluminio","Precio internacional_LME (London Metal Exchange)","US$/tn","Banco Mundial","Mensual","Mundial","MUNDO","000","MUNDO",2000-09-01,1601
26,"Industrias Metálicas Básicas, Siderurgia y aluminio",1005,"Aluminio","Precio internacional_LME (London Metal Exchange)","US$/tn","Banco Mundial","Mensual","Mundial","MUNDO","000","MUNDO",2000-10-01,1500
26,"Industrias Metálicas Básicas, Siderurgia y aluminio",1005,"Aluminio","Precio internacional_LME (London Metal Exchange)","US$/tn","Banco Mundial","Mensual","Mundial","MUNDO","000","MUNDO",2000-11-01,1474
26,"Industrias Metálicas Básicas, Siderurgia y aluminio",1005,"Aluminio","Precio internacional_LME (London Metal Exchange)","US$/tn","Banco Mundial","Mensual","Mundial","MUNDO","000","MUNDO",2000-12-01,1565
26,"Industrias Metálicas Básicas, Siderurgia y aluminio",1005,"Aluminio","Precio internacional_LME (London Metal Exchange)","US$/tn","Banco Mundial","Mensual","Mundial","MUNDO","000","MUNDO",2001-01-01,1616
26,"Industrias Metálicas Básicas, Siderurgia y aluminio",1005,"Aluminio","Precio internacional_LME (London Metal Exchange)","US$/tn","Banco Mundial","Mensual","Mundial","MUNDO","000","MUNDO",2001-02-01,1604
26,"Industrias Metálicas Básicas, Siderurgia y aluminio",1005,"Aluminio","Precio internacional_LME (London Metal Exchange)","US$/tn","Banco Mundial","Mensual","Mundial","MUNDO","000","MUNDO",2001-03-01,1509
26,"Industrias Metálicas Básicas, Siderurgia y aluminio",1005,"Aluminio","Precio internacional_LME (London Metal Exchange)","US$/tn","Banco Mundial","Mensual","Mundial","MUNDO","000","MUNDO",2001-04-01,1497
26,"Industrias Metálicas Básicas, Siderurgia y aluminio",1005,"Aluminio","Precio internacional_LME (London Metal Exchange)","US$/tn","Banco Mundial","Mensual","Mundial","MUNDO","000","MUNDO",2001-05-01,1539
26,"Industrias Metálicas Básicas, Siderurgia y aluminio",1005,"Aluminio","Precio internacional_LME (London Metal Exchange)","US$/tn","Banco Mundial","Mensual","Mundial","MUNDO","000","MUNDO",2001-06-01,1466
26,"Industrias Metálicas Básicas, Siderurgia y aluminio",1005,"Aluminio","Precio internacional_LME (London Metal Exchange)","US$/tn","Banco Mundial","Mensual","Mundial","MUNDO","000","MUNDO",2001-07-01,1416
26,"Industrias Metálicas Básicas, Siderurgia y aluminio",1005,"Aluminio","Precio internacional_LME (London Metal Exchange)","US$/tn","Banco Mundial","Mensual","Mundial","MUNDO","000","MUNDO",2001-08-01,1377
26,"Industrias Metálicas Básicas, Siderurgia y aluminio",1005,"Aluminio","Precio internacional_LME (London Metal Exchange)","US$/tn","Banco Mundial","Mensual","Mundial","MUNDO","000","MUNDO",2001-09-01,1345
26,"Industrias Metálicas Básicas, Siderurgia y aluminio",1005,"Aluminio","Precio internacional_LME (London Metal Exchange)","US$/tn","Banco Mundial","Mensual","Mundial","MUNDO","000","MUNDO",2001-10-01,1283
26,"Industrias Metálicas Básicas, Siderurgia y aluminio",1005,"Aluminio","Precio internacional_LME (London Metal Exchange)","US$/tn","Banco Mundial","Mensual","Mundial","MUNDO","000","MUNDO",2001-11-01,1327
26,"Industrias Metálicas Básicas, Siderurgia y aluminio",1005,"Aluminio","Precio internacional_LME (London Metal Exchange)","US$/tn","Banco Mundial","Mensual","Mundial","MUNDO","000","MUNDO",2001-12-01,1345
26,"Industrias Metálicas Básicas, Siderurgia y aluminio",1005,"Aluminio","Precio internacional_LME (London Metal Exchange)","US$/tn","Banco Mundial","Mensual","Mundial","MUNDO","000","MUNDO",2002-01-01,1369
26,"Industrias Metálicas Básicas, Siderurgia y aluminio",1005,"Aluminio","Precio internacional_LME (London Metal Exchange)","US$/tn","Banco Mundial","Mensual","Mundial","MUNDO","000","MUNDO",2002-02-01,1369
26,"Industrias Metálicas Básicas, Siderurgia y aluminio",1005,"Aluminio","Precio internacional_LME (London Metal Exchange)","US$/tn","Banco Mundial","Mensual","Mundial","MUNDO","000","MUNDO",2002-03-01,1405
26,"Industrias Metálicas Básicas, Siderurgia y aluminio",1005,"Aluminio","Precio internacional_LME (London Metal Exchange)","US$/tn","Banco Mundial","Mensual","Mundial","MUNDO","000","MUNDO",2002-04-01,1370
26,"Industrias Metálicas Básicas, Siderurgia y aluminio",1005,"Aluminio","Precio internacional_LME (London Metal Exchange)","US$/tn","Banco Mundial","Mensual","Mundial","MUNDO","000","MUNDO",2002-05-01,1343
26,"Industrias Metálicas Básicas, Siderurgia y aluminio",1005,"Aluminio","Precio internacional_LME (London Metal Exchange)","US$/tn","Banco Mundial","Mensual","Mundial","MUNDO","000","MUNDO",2002-06-01,1354
26,"Industrias Metálicas Básicas, Siderurgia y aluminio",1005,"Aluminio","Precio internacional_LME (London Metal Exchange)","US$/tn","Banco Mundial","Mensual","Mundial","MUNDO","000","MUNDO",2002-07-01,1338
26,"Industrias Metálicas Básicas, Siderurgia y aluminio",1005,"Aluminio","Precio internacional_LME (London Metal Exchange)","US$/tn","Banco Mundial","Mensual","Mundial","MUNDO","000","MUNDO",2002-08-01,1292
26,"Industrias Metálicas Básicas, Siderurgia y aluminio",1005,"Aluminio","Precio internacional_LME (London Metal Exchange)","US$/tn","Banco Mundial","Mensual","Mundial","MUNDO","000","MUNDO",2002-09-01,1301
26,"Industrias Metálicas Básicas, Siderurgia y aluminio",1005,"Aluminio","Precio internacional_LME (London Metal Exchange)","US$/tn","Banco Mundial","Mensual","Mundial","MUNDO","000","MUNDO",2002-10-01,1311
26,"Industrias Metálicas Básicas, Siderurgia y aluminio",1005,"Aluminio","Precio internacional_LME (London Metal Exchange)","US$/tn","Banco Mundial","Mensual","Mundial","MUNDO","000","MUNDO",2002-11-01,1372
26,"Industrias Metálicas Básicas, Siderurgia y aluminio",1005,"Aluminio","Precio internacional_LME (London Metal Exchange)","US$/tn","Banco Mundial","Mensual","Mundial","MUNDO","000","MUNDO",2002-12-01,1375
26,"Industrias Metálicas Básicas, Siderurgia y aluminio",1005,"Aluminio","Precio internacional_LME (London Metal Exchange)","US$/tn","Banco Mundial","Mensual","Mundial","MUNDO","000","MUNDO",2003-01-01,1378
26,"Industrias Metálicas Básicas, Siderurgia y aluminio",1005,"Aluminio","Precio internacional_LME (London Metal Exchange)","US$/tn","Banco Mundial","Mensual","Mundial","MUNDO","000","MUNDO",2003-02-01,1422
26,"Industrias Metálicas Básicas, Siderurgia y aluminio",1005,"Aluminio","Precio internacional_LME (London Metal Exchange)","US$/tn","Banco Mundial","Mensual","Mundial","MUNDO","000","MUNDO",2003-03-01,1389
26,"Industrias Metálicas Básicas, Siderurgia y aluminio",1005,"Aluminio","Precio internacional_LME (London Metal Exchange)","US$/tn","Banco Mundial","Mensual","Mundial","MUNDO","000","MUNDO",2003-04-01,1332
26,"Industrias Metálicas Básicas, Siderurgia y aluminio",1005,"Aluminio","Precio internacional_LME (London Metal Exchange)","US$/tn","Banco Mundial","Mensual","Mundial","MUNDO","000","MUNDO",2003-05-01,1398
26,"Industrias Metálicas Básicas, Siderurgia y aluminio",1005,"Aluminio","Precio internacional_LME (London Metal Exchange)","US$/tn","Banco Mundial","Mensual","Mundial","MUNDO","000","MUNDO",2003-06-01,1410
26,"Industrias Metálicas Básicas, Siderurgia y aluminio",1005,"Aluminio","Precio internacional_LME (London Metal Exchange)","US$/tn","Banco Mundial","Mensual","Mundial","MUNDO","000","MUNDO",2003-07-01,1436
26,"Industrias Metálicas Básicas, Siderurgia y aluminio",1005,"Aluminio","Precio internacional_LME (London Metal Exchange)","US$/tn","Banco Mundial","Mensual","Mundial","MUNDO","000","MUNDO",2003-08-01,1456
26,"Industrias Metálicas Básicas, Siderurgia y aluminio",1005,"Aluminio","Precio internacional_LME (London Metal Exchange)","US$/tn","Banco Mundial","Mensual","Mundial","MUNDO","000","MUNDO",2003-09-01,1416
26,"Industrias Metálicas Básicas, Siderurgia y aluminio",1005,"Aluminio","Precio internacional_LME (London Metal Exchange)","US$/tn","Banco Mundial","Mensual","Mundial","MUNDO","000","MUNDO",2003-10-01,1474
26,"Industrias Metálicas Básicas, Siderurgia y aluminio",1005,"Aluminio","Precio internacional_LME (London Metal Exchange)","US$/tn","Banco Mundial","Mensual","Mundial","MUNDO","000","MUNDO",2003-11-01,1508
26,"Industrias Metálicas Básicas, Siderurgia y aluminio",1005,"Aluminio","Precio internacional_LME (London Metal Exchange)","US$/tn","Banco Mundial","Mensual","Mundial","MUNDO","000","MUNDO",2003-12-01,1555
26,"Industrias Metálicas Básicas, Siderurgia y aluminio",1005,"Aluminio","Precio internacional_LME (London Metal Exchange)","US$/tn","Banco Mundial","Mensual","Mundial","MUNDO","000","MUNDO",2004-01-01,1606
26,"Industrias Metálicas Básicas, Siderurgia y aluminio",1005,"Aluminio","Precio internacional_LME (London Metal Exchange)","US$/tn","Banco Mundial","Mensual","Mundial","MUNDO","000","MUNDO",2004-02-01,1686
26,"Industrias Metálicas Básicas, Siderurgia y aluminio",1005,"Aluminio","Precio internacional_LME (London Metal Exchange)","US$/tn","Banco Mundial","Mensual","Mundial","MUNDO","000","MUNDO",2004-03-01,1656
26,"Industrias Metálicas Básicas, Siderurgia y aluminio",1005,"Aluminio","Precio internacional_LME (London Metal Exchange)","US$/tn","Banco Mundial","Mensual","Mundial","MUNDO","000","MUNDO",2004-04-01,1730
26,"Industrias Metálicas Básicas, Siderurgia y aluminio",1005,"Aluminio","Precio internacional_LME (London Metal Exchange)","US$/tn","Banco Mundial","Mensual","Mundial","MUNDO","000","MUNDO",2004-05-01,1623
26,"Industrias Metálicas Básicas, Siderurgia y aluminio",1005,"Aluminio","Precio internacional_LME (London Metal Exchange)","US$/tn","Banco Mundial","Mensual","Mundial","MUNDO","000","MUNDO",2004-06-01,1678
26,"Industrias Metálicas Básicas, Siderurgia y aluminio",1005,"Aluminio","Precio internacional_LME (London Metal Exchange)","US$/tn","Banco Mundial","Mensual","Mundial","MUNDO","000","MUNDO",2004-07-01,1709
26,"Industrias Metálicas Básicas, Siderurgia y aluminio",1005,"Aluminio","Precio internacional_LME (London Metal Exchange)","US$/tn","Banco Mundial","Mensual","Mundial","MUNDO","000","MUNDO",2004-08-01,1692
26,"Industrias Metálicas Básicas, Siderurgia y aluminio",1005,"Aluminio","Precio internacional_LME (London Metal Exchange)","US$/tn","Banco Mundial","Mensual","Mundial","MUNDO","000","MUNDO",2004-09-01,1724
26,"Industrias Metálicas Básicas, Siderurgia y aluminio",1005,"Aluminio","Precio internacional_LME (London Metal Exchange)","US$/tn","Banco Mundial","Mensual","Mundial","MUNDO","000","MUNDO",2004-10-01,1820
26,"Industrias Metálicas Básicas, Siderurgia y aluminio",1005,"Aluminio","Precio internacional_LME (London Metal Exchange)","US$/tn","Banco Mundial","Mensual","Mundial","MUNDO","000","MUNDO",2004-11-01,1814
26,"Industrias Metálicas Básicas, Siderurgia y aluminio",1005,"Aluminio","Precio internacional_LME (London Metal Exchange)","US$/tn","Banco Mundial","Mensual","Mundial","MUNDO","000","MUNDO",2004-12-01,1849
26,"Industrias Metálicas Básicas, Siderurgia y aluminio",1005,"Aluminio","Precio internacional_LME (London Metal Exchange)","US$/tn","Banco Mundial","Mensual","Mundial","MUNDO","000","MUNDO",2005-01-01,1834
26,"Industrias Metálicas Básicas, Siderurgia y aluminio",1005,"Aluminio","Precio internacional_LME (London Metal Exchange)","US$/tn","Banco Mundial","Mensual","Mundial","MUNDO","000","MUNDO",2005-02-01,1883
26,"Industrias Metálicas Básicas, Siderurgia y aluminio",1005,"Aluminio","Precio internacional_LME (London Metal Exchange)","US$/tn","Banco Mundial","Mensual","Mundial","MUNDO","000","MUNDO",2005-03-01,1980
26,"Industrias Metálicas Básicas, Siderurgia y aluminio",1005,"Aluminio","Precio internacional_LME (London Metal Exchange)","US$/tn","Banco Mundial","Mensual","Mundial","MUNDO","000","MUNDO",2005-04-01,1894
26,"Industrias Metálicas Básicas, Siderurgia y aluminio",1005,"Aluminio","Precio internacional_LME (London Metal Exchange)","US$/tn","Banco Mundial","Mensual","Mundial","MUNDO","000","MUNDO",2005-05-01,1744
26,"Industrias Metálicas Básicas, Siderurgia y aluminio",1005,"Aluminio","Precio internacional_LME (London Metal Exchange)","US$/tn","Banco Mundial","Mensual","Mundial","MUNDO","000","MUNDO",2005-06-01,1731
26,"Industrias Metálicas Básicas, Siderurgia y aluminio",1005,"Aluminio","Precio internacional_LME (London Metal Exchange)","US$/tn","Banco Mundial","Mensual","Mundial","MUNDO","000","MUNDO",2005-07-01,1779
26,"Industrias Metálicas Básicas, Siderurgia y aluminio",1005,"Aluminio","Precio internacional_LME (London Metal Exchange)","US$/tn","Banco Mundial","Mensual","Mundial","MUNDO","000","MUNDO",2005-08-01,1868
26,"Industrias Metálicas Básicas, Siderurgia y aluminio",1005,"Aluminio","Precio internacional_LME (London Metal Exchange)","US$/tn","Banco Mundial","Mensual","Mundial","MUNDO","000","MUNDO",2005-09-01,1840
26,"Industrias Metálicas Básicas, Siderurgia y aluminio",1005,"Aluminio","Precio internacional_LME (London Metal Exchange)","US$/tn","Banco Mundial","Mensual","Mundial","MUNDO","000","MUNDO",2005-10-01,1929
26,"Industrias Metálicas Básicas, Siderurgia y aluminio",1005,"Aluminio","Precio internacional_LME (London Metal Exchange)","US$/tn","Banco Mundial","Mensual","Mundial","MUNDO","000","MUNDO",2005-11-01,2051
26,"Industrias Metálicas Básicas, Siderurgia y aluminio",1005,"Aluminio","Precio internacional_LME (London Metal Exchange)","US$/tn","Banco Mundial","Mensual","Mundial","MUNDO","000","MUNDO",2005-12-01,2247
26,"Industrias Metálicas Básicas, Siderurgia y aluminio",1005,"Aluminio","Precio internacional_LME (London Metal Exchange)","US$/tn","Banco Mundial","Mensual","Mundial","MUNDO","000","MUNDO",2006-01-01,2378
26,"Industrias Metálicas Básicas, Siderurgia y aluminio",1005,"Aluminio","Precio internacional_LME (London Metal Exchange)","US$/tn","Banco Mundial","Mensual","Mundial","MUNDO","000","MUNDO",2006-02-01,2455
26,"Industrias Metálicas Básicas, Siderurgia y aluminio",1005,"Aluminio","Precio internacional_LME (London Metal Exchange)","US$/tn","Banco Mundial","Mensual","Mundial","MUNDO","000","MUNDO",2006-03-01,2429
26,"Industrias Metálicas Básicas, Siderurgia y aluminio",1005,"Aluminio","Precio internacional_LME (London Metal Exchange)","US$/tn","Banco Mundial","Mensual","Mundial","MUNDO","000","MUNDO",2006-04-01,2621
26,"Industrias Metálicas Básicas, Siderurgia y aluminio",1005,"Aluminio","Precio internacional_LME (London Metal Exchange)","US$/tn","Banco Mundial","Mensual","Mundial","MUNDO","000","MUNDO",2006-05-01,2861
26,"Industrias Metálicas Básicas, Siderurgia y aluminio",1005,"Aluminio","Precio internacional_LME (London Metal Exchange)","US$/tn","Banco Mundial","Mensual","Mundial","MUNDO","000","MUNDO",2006-06-01,2477
26,"Industrias Metálicas Básicas, Siderurgia y aluminio",1005,"Aluminio","Precio internacional_LME (London Metal Exchange)","US$/tn","Banco Mundial","Mensual","Mundial","MUNDO","000","MUNDO",2006-07-01,2513
26,"Industrias Metálicas Básicas, Siderurgia y aluminio",1005,"Aluminio","Precio internacional_LME (London Metal Exchange)","US$/tn","Banco Mundial","Mensual","Mundial","MUNDO","000","MUNDO",2006-08-01,2460
26,"Industrias Metálicas Básicas, Siderurgia y aluminio",1005,"Aluminio","Precio internacional_LME (London Metal Exchange)","US$/tn","Banco Mundial","Mensual","Mundial","MUNDO","000","MUNDO",2006-09-01,2473
26,"Industrias Metálicas Básicas, Siderurgia y aluminio",1005,"Aluminio","Precio internacional_LME (London Metal Exchange)","US$/tn","Banco Mundial","Mensual","Mundial","MUNDO","000","MUNDO",2006-10-01,2655
26,"Industrias Metálicas Básicas, Siderurgia y aluminio",1005,"Aluminio","Precio internacional_LME (London Metal Exchange)","US$/tn","Banco Mundial","Mensual","Mundial","MUNDO","000","MUNDO",2006-11-01,2703
26,"Industrias Metálicas Básicas, Siderurgia y aluminio",1005,"Aluminio","Precio internacional_LME (London Metal Exchange)","US$/tn","Banco Mundial","Mensual","Mundial","MUNDO","000","MUNDO",2006-12-01,2814
26,"Industrias Metálicas Básicas, Siderurgia y aluminio",1005,"Aluminio","Precio internacional_LME (London Metal Exchange)","US$/tn","Banco Mundial","Mensual","Mundial","MUNDO","000","MUNDO",2007-01-01,2809
26,"Industrias Metálicas Básicas, Siderurgia y aluminio",1005,"Aluminio","Precio internacional_LME (London Metal Exchange)","US$/tn","Banco Mundial","Mensual","Mundial","MUNDO","000","MUNDO",2007-02-01,2832
26,"Industrias Metálicas Básicas, Siderurgia y aluminio",1005,"Aluminio","Precio internacional_LME (London Metal Exchange)","US$/tn","Banco Mundial","Mensual","Mundial","MUNDO","000","MUNDO",2007-03-01,2762
26,"Industrias Metálicas Básicas, Siderurgia y aluminio",1005,"Aluminio","Precio internacional_LME (London Metal Exchange)","US$/tn","Banco Mundial","Mensual","Mundial","MUNDO","000","MUNDO",2007-04-01,2815
26,"Industrias Metálicas Básicas, Siderurgia y aluminio",1005,"Aluminio","Precio internacional_LME (London Metal Exchange)","US$/tn","Banco Mundial","Mensual","Mundial","MUNDO","000","MUNDO",2007-05-01,2793
26,"Industrias Metálicas Básicas, Siderurgia y aluminio",1005,"Aluminio","Precio internacional_LME (London Metal Exchange)","US$/tn","Banco Mundial","Mensual","Mundial","MUNDO","000","MUNDO",2007-06-01,2677
26,"Industrias Metálicas Básicas, Siderurgia y aluminio",1005,"Aluminio","Precio internacional_LME (London Metal Exchange)","US$/tn","Banco Mundial","Mensual","Mundial","MUNDO","000","MUNDO",2007-07-01,2732
26,"Industrias Metálicas Básicas, Siderurgia y aluminio",1005,"Aluminio","Precio internacional_LME (London Metal Exchange)","US$/tn","Banco Mundial","Mensual","Mundial","MUNDO","000","MUNDO",2007-08-01,2516
26,"Industrias Metálicas Básicas, Siderurgia y aluminio",1005,"Aluminio","Precio internacional_LME (London Metal Exchange)","US$/tn","Banco Mundial","Mensual","Mundial","MUNDO","000","MUNDO",2007-09-01,2391
26,"Industrias Metálicas Básicas, Siderurgia y aluminio",1005,"Aluminio","Precio internacional_LME (London Metal Exchange)","US$/tn","Banco Mundial","Mensual","Mundial","MUNDO","000","MUNDO",2007-10-01,2442
26,"Industrias Metálicas Básicas, Siderurgia y aluminio",1005,"Aluminio","Precio internacional_LME (London Metal Exchange)","US$/tn","Banco Mundial","Mensual","Mundial","MUNDO","000","MUNDO",2007-11-01,2507
26,"Industrias Metálicas Básicas, Siderurgia y aluminio",1005,"Aluminio","Precio internacional_LME (London Metal Exchange)","US$/tn","Banco Mundial","Mensual","Mundial","MUNDO","000","MUNDO",2007-12-01,2382
26,"Industrias Metálicas Básicas, Siderurgia y aluminio",1005,"Aluminio","Precio internacional_LME (London Metal Exchange)","US$/tn","Banco Mundial","Mensual","Mundial","MUNDO","000","MUNDO",2008-01-01,2446
26,"Industrias Metálicas Básicas, Siderurgia y aluminio",1005,"Aluminio","Precio internacional_LME (London Metal Exchange)","US$/tn","Banco Mundial","Mensual","Mundial","MUNDO","000","MUNDO",2008-02-01,2777
26,"Industrias Metálicas Básicas, Siderurgia y aluminio",1005,"Aluminio","Precio internacional_LME (London Metal Exchange)","US$/tn","Banco Mundial","Mensual","Mundial","MUNDO","000","MUNDO",2008-03-01,3005
26,"Industrias Metálicas Básicas, Siderurgia y aluminio",1005,"Aluminio","Precio internacional_LME (London Metal Exchange)","US$/tn","Banco Mundial","Mensual","Mundial","MUNDO","000","MUNDO",2008-04-01,2959
26,"Industrias Metálicas Básicas, Siderurgia y aluminio",1005,"Aluminio","Precio internacional_LME (London Metal Exchange)","US$/tn","Banco Mundial","Mensual","Mundial","MUNDO","000","MUNDO",2008-05-01,2903
26,"Industrias Metálicas Básicas, Siderurgia y aluminio",1005,"Aluminio","Precio internacional_LME (London Metal Exchange)","US$/tn","Banco Mundial","Mensual","Mundial","MUNDO","000","MUNDO",2008-06-01,2958
26,"Industrias Metálicas Básicas, Siderurgia y aluminio",1005,"Aluminio","Precio internacional_LME (London Metal Exchange)","US$/tn","Banco Mundial","Mensual","Mundial","MUNDO","000","MUNDO",2008-07-01,3071
26,"Industrias Metálicas Básicas, Siderurgia y aluminio",1005,"Aluminio","Precio internacional_LME (London Metal Exchange)","US$/tn","Banco Mundial","Mensual","Mundial","MUNDO","000","MUNDO",2008-08-01,2764
26,"Industrias Metálicas Básicas, Siderurgia y aluminio",1005,"Aluminio","Precio internacional_LME (London Metal Exchange)","US$/tn","Banco Mundial","Mensual","Mundial","MUNDO","000","MUNDO",2008-09-01,2526
26,"Industrias Metálicas Básicas, Siderurgia y aluminio",1005,"Aluminio","Precio internacional_LME (London Metal Exchange)","US$/tn","Banco Mundial","Mensual","Mundial","MUNDO","000","MUNDO",2008-10-01,2121
26,"Industrias Metálicas Básicas, Siderurgia y aluminio",1005,"Aluminio","Precio internacional_LME (London Metal Exchange)","US$/tn","Banco Mundial","Mensual","Mundial","MUNDO","000","MUNDO",2008-11-01,1852
26,"Industrias Metálicas Básicas, Siderurgia y aluminio",1005,"Aluminio","Precio internacional_LME (London Metal Exchange)","US$/tn","Banco Mundial","Mensual","Mundial","MUNDO","000","MUNDO",2008-12-01,1490
26,"Industrias Metálicas Básicas, Siderurgia y aluminio",1005,"Aluminio","Precio internacional_LME (London Metal Exchange)","US$/tn","Banco Mundial","Mensual","Mundial","MUNDO","000","MUNDO",2009-01-01,1413
26,"Industrias Metálicas Básicas, Siderurgia y aluminio",1005,"Aluminio","Precio internacional_LME (London Metal Exchange)","US$/tn","Banco Mundial","Mensual","Mundial","MUNDO","000","MUNDO",2009-02-01,1330
26,"Industrias Metálicas Básicas, Siderurgia y aluminio",1005,"Aluminio","Precio internacional_LME (London Metal Exchange)","US$/tn","Banco Mundial","Mensual","Mundial","MUNDO","000","MUNDO",2009-03-01,1336
26,"Industrias Metálicas Básicas, Siderurgia y aluminio",1005,"Aluminio","Precio internacional_LME (London Metal Exchange)","US$/tn","Banco Mundial","Mensual","Mundial","MUNDO","000","MUNDO",2009-04-01,1421
26,"Industrias Metálicas Básicas, Siderurgia y aluminio",1005,"Aluminio","Precio internacional_LME (London Metal Exchange)","US$/tn","Banco Mundial","Mensual","Mundial","MUNDO","000","MUNDO",2009-05-01,1460
26,"Industrias Metálicas Básicas, Siderurgia y aluminio",1005,"Aluminio","Precio internacional_LME (London Metal Exchange)","US$/tn","Banco Mundial","Mensual","Mundial","MUNDO","000","MUNDO",2009-06-01,1574
26,"Industrias Metálicas Básicas, Siderurgia y aluminio",1005,"Aluminio","Precio internacional_LME (London Metal Exchange)","US$/tn","Banco Mundial","Mensual","Mundial","MUNDO","000","MUNDO",2009-07-01,1668
26,"Industrias Metálicas Básicas, Siderurgia y aluminio",1005,"Aluminio","Precio internacional_LME (London Metal Exchange)","US$/tn","Banco Mundial","Mensual","Mundial","MUNDO","000","MUNDO",2009-08-01,1934
26,"Industrias Metálicas Básicas, Siderurgia y aluminio",1005,"Aluminio","Precio internacional_LME (London Metal Exchange)","US$/tn","Banco Mundial","Mensual","Mundial","MUNDO","000","MUNDO",2009-09-01,1834
26,"Industrias Metálicas Básicas, Siderurgia y aluminio",1005,"Aluminio","Precio internacional_LME (London Metal Exchange)","US$/tn","Banco Mundial","Mensual","Mundial","MUNDO","000","MUNDO",2009-10-01,1879
26,"Industrias Metálicas Básicas, Siderurgia y aluminio",1005,"Aluminio","Precio internacional_LME (London Metal Exchange)","US$/tn","Banco Mundial","Mensual","Mundial","MUNDO","000","MUNDO",2009-11-01,1949
26,"Industrias Metálicas Básicas, Siderurgia y aluminio",1005,"Aluminio","Precio internacional_LME (London Metal Exchange)","US$/tn","Banco Mundial","Mensual","Mundial","MUNDO","000","MUNDO",2009-12-01,2180
26,"Industrias Metálicas Básicas, Siderurgia y aluminio",1005,"Aluminio","Precio internacional_LME (London Metal Exchange)","US$/tn","Banco Mundial","Mensual","Mundial","MUNDO","000","MUNDO",2010-01-01,2235
26,"Industrias Metálicas Básicas, Siderurgia y aluminio",1005,"Aluminio","Precio internacional_LME (London Metal Exchange)","US$/tn","Banco Mundial","Mensual","Mundial","MUNDO","000","MUNDO",2010-02-01,2049
26,"Industrias Metálicas Básicas, Siderurgia y aluminio",1005,"Aluminio","Precio internacional_LME (London Metal Exchange)","US$/tn","Banco Mundial","Mensual","Mundial","MUNDO","000","MUNDO",2010-03-01,2206
26,"Industrias Metálicas Básicas, Siderurgia y aluminio",1005,"Aluminio","Precio internacional_LME (London Metal Exchange)","US$/tn","Banco Mundial","Mensual","Mundial","MUNDO","000","MUNDO",2010-04-01,2317
26,"Industrias Metálicas Básicas, Siderurgia y aluminio",1005,"Aluminio","Precio internacional_LME (London Metal Exchange)","US$/tn","Banco Mundial","Mensual","Mundial","MUNDO","000","MUNDO",2010-05-01,2041
26,"Industrias Metálicas Básicas, Siderurgia y aluminio",1005,"Aluminio","Precio internacional_LME (London Metal Exchange)","US$/tn","Banco Mundial","Mensual","Mundial","MUNDO","000","MUNDO",2010-06-01,1931
26,"Industrias Metálicas Básicas, Siderurgia y aluminio",1005,"Aluminio","Precio internacional_LME (London Metal Exchange)","US$/tn","Banco Mundial","Mensual","Mundial","MUNDO","000","MUNDO",2010-07-01,1988
26,"Industrias Metálicas Básicas, Siderurgia y aluminio",1005,"Aluminio","Precio internacional_LME (London Metal Exchange)","US$/tn","Banco Mundial","Mensual","Mundial","MUNDO","000","MUNDO",2010-08-01,2118
26,"Industrias Metálicas Básicas, Siderurgia y aluminio",1005,"Aluminio","Precio internacional_LME (London Metal Exchange)","US$/tn","Banco Mundial","Mensual","Mundial","MUNDO","000","MUNDO",2010-09-01,2162
26,"Industrias Metálicas Básicas, Siderurgia y aluminio",1005,"Aluminio","Precio internacional_LME (London Metal Exchange)","US$/tn","Banco Mundial","Mensual","Mundial","MUNDO","000","MUNDO",2010-10-01,2347
26,"Industrias Metálicas Básicas, Siderurgia y aluminio",1005,"Aluminio","Precio internacional_LME (London Metal Exchange)","US$/tn","Banco Mundial","Mensual","Mundial","MUNDO","000","MUNDO",2010-11-01,2333
26,"Industrias Metálicas Básicas, Siderurgia y aluminio",1005,"Aluminio","Precio internacional_LME (London Metal Exchange)","US$/tn","Banco Mundial","Mensual","Mundial","MUNDO","000","MUNDO",2010-12-01,2351
26,"Industrias Metálicas Básicas, Siderurgia y aluminio",1005,"Aluminio","Precio internacional_LME (London Metal Exchange)","US$/tn","Banco Mundial","Mensual","Mundial","MUNDO","000","MUNDO",2011-01-01,2440
26,"Industrias Metálicas Básicas, Siderurgia y aluminio",1005,"Aluminio","Precio internacional_LME (London Metal Exchange)","US$/tn","Banco Mundial","Mensual","Mundial","MUNDO","000","MUNDO",2011-02-01,2508
26,"Industrias Metálicas Básicas, Siderurgia y aluminio",1005,"Aluminio","Precio internacional_LME (London Metal Exchange)","US$/tn","Banco Mundial","Mensual","Mundial","MUNDO","000","MUNDO",2011-03-01,2556
26,"Industrias Metálicas Básicas, Siderurgia y aluminio",1005,"Aluminio","Precio internacional_LME (London Metal Exchange)","US$/tn","Banco Mundial","Mensual","Mundial","MUNDO","000","MUNDO",2011-04-01,2678
26,"Industrias Metálicas Básicas, Siderurgia y aluminio",1005,"Aluminio","Precio internacional_LME (London Metal Exchange)","US$/tn","Banco Mundial","Mensual","Mundial","MUNDO","000","MUNDO",2011-05-01,2596
26,"Industrias Metálicas Básicas, Siderurgia y aluminio",1005,"Aluminio","Precio internacional_LME (London Metal Exchange)","US$/tn","Banco Mundial","Mensual","Mundial","MUNDO","000","MUNDO",2011-06-01,2558
26,"Industrias Metálicas Básicas, Siderurgia y aluminio",1005,"Aluminio","Precio internacional_LME (London Metal Exchange)","US$/tn","Banco Mundial","Mensual","Mundial","MUNDO","000","MUNDO",2011-07-01,2525
26,"Industrias Metálicas Básicas, Siderurgia y aluminio",1005,"Aluminio","Precio internacional_LME (London Metal Exchange)","US$/tn","Banco Mundial","Mensual","Mundial","MUNDO","000","MUNDO",2011-08-01,2379
26,"Industrias Metálicas Básicas, Siderurgia y aluminio",1005,"Aluminio","Precio internacional_LME (London Metal Exchange)","US$/tn","Banco Mundial","Mensual","Mundial","MUNDO","000","MUNDO",2011-09-01,2293
26,"Industrias Metálicas Básicas, Siderurgia y aluminio",1005,"Aluminio","Precio internacional_LME (London Metal Exchange)","US$/tn","Banco Mundial","Mensual","Mundial","MUNDO","000","MUNDO",2011-10-01,2181
26,"Industrias Metálicas Básicas, Siderurgia y aluminio",1005,"Aluminio","Precio internacional_LME (London Metal Exchange)","US$/tn","Banco Mundial","Mensual","Mundial","MUNDO","000","MUNDO",2011-11-01,2080
26,"Industrias Metálicas Básicas, Siderurgia y aluminio",1005,"Aluminio","Precio internacional_LME (London Metal Exchange)","US$/tn","Banco Mundial","Mensual","Mundial","MUNDO","000","MUNDO",2011-12-01,2022
26,"Industrias Metálicas Básicas, Siderurgia y aluminio",1005,"Aluminio","Precio internacional_LME (London Metal Exchange)","US$/tn","Banco Mundial","Mensual","Mundial","MUNDO","000","MUNDO",2012-01-01,2144
26,"Industrias Metálicas Básicas, Siderurgia y aluminio",1005,"Aluminio","Precio internacional_LME (London Metal Exchange)","US$/tn","Banco Mundial","Mensual","Mundial","MUNDO","000","MUNDO",2012-02-01,2208
26,"Industrias Metálicas Básicas, Siderurgia y aluminio",1005,"Aluminio","Precio internacional_LME (London Metal Exchange)","US$/tn","Banco Mundial","Mensual","Mundial","MUNDO","000","MUNDO",2012-03-01,2184
26,"Industrias Metálicas Básicas, Siderurgia y aluminio",1005,"Aluminio","Precio internacional_LME (London Metal Exchange)","US$/tn","Banco Mundial","Mensual","Mundial","MUNDO","000","MUNDO",2012-04-01,2050
26,"Industrias Metálicas Básicas, Siderurgia y aluminio",1005,"Aluminio","Precio internacional_LME (London Metal Exchange)","US$/tn","Banco Mundial","Mensual","Mundial","MUNDO","000","MUNDO",2012-05-01,2008
26,"Industrias Metálicas Básicas, Siderurgia y aluminio",1005,"Aluminio","Precio internacional_LME (London Metal Exchange)","US$/tn","Banco Mundial","Mensual","Mundial","MUNDO","000","MUNDO",2012-06-01,1890
26,"Industrias Metálicas Básicas, Siderurgia y aluminio",1005,"Aluminio","Precio internacional_LME (London Metal Exchange)","US$/tn","Banco Mundial","Mensual","Mundial","MUNDO","000","MUNDO",2012-07-01,1876
26,"Industrias Metálicas Básicas, Siderurgia y aluminio",1005,"Aluminio","Precio internacional_LME (London Metal Exchange)","US$/tn","Banco Mundial","Mensual","Mundial","MUNDO","000","MUNDO",2012-08-01,1845
26,"Industrias Metálicas Básicas, Siderurgia y aluminio",1005,"Aluminio","Precio internacional_LME (London Metal Exchange)","US$/tn","Banco Mundial","Mensual","Mundial","MUNDO","000","MUNDO",2012-09-01,2064
26,"Industrias Metálicas Básicas, Siderurgia y aluminio",1005,"Aluminio","Precio internacional_LME (London Metal Exchange)","US$/tn","Banco Mundial","Mensual","Mundial","MUNDO","000","MUNDO",2012-10-01,1974
26,"Industrias Metálicas Básicas, Siderurgia y aluminio",1005,"Aluminio","Precio internacional_LME (London Metal Exchange)","US$/tn","Banco Mundial","Mensual","Mundial","MUNDO","000","MUNDO",2012-11-01,1949
26,"Industrias Metálicas Básicas, Siderurgia y aluminio",1005,"Aluminio","Precio internacional_LME (London Metal Exchange)","US$/tn","Banco Mundial","Mensual","Mundial","MUNDO","000","MUNDO",2012-12-01,2087
26,"Industrias Metálicas Básicas, Siderurgia y aluminio",1005,"Aluminio","Precio internacional_LME (London Metal Exchange)","US$/tn","Banco Mundial","Mensual","Mundial","MUNDO","000","MUNDO",2013-01-01,2038
26,"Industrias Metálicas Básicas, Siderurgia y aluminio",1005,"Aluminio","Precio internacional_LME (London Metal Exchange)","US$/tn","Banco Mundial","Mensual","Mundial","MUNDO","000","MUNDO",2013-02-01,2054
26,"Industrias Metálicas Básicas, Siderurgia y aluminio",1005,"Aluminio","Precio internacional_LME (London Metal Exchange)","US$/tn","Banco Mundial","Mensual","Mundial","MUNDO","000","MUNDO",2013-03-01,1910
26,"Industrias Metálicas Básicas, Siderurgia y aluminio",1005,"Aluminio","Precio internacional_LME (London Metal Exchange)","US$/tn","Banco Mundial","Mensual","Mundial","MUNDO","000","MUNDO",2013-04-01,1862
26,"Industrias Metálicas Básicas, Siderurgia y aluminio",1005,"Aluminio","Precio internacional_LME (London Metal Exchange)","US$/tn","Banco Mundial","Mensual","Mundial","MUNDO","000","MUNDO",2013-05-01,1832
26,"Industrias Metálicas Básicas, Siderurgia y aluminio",1005,"Aluminio","Precio internacional_LME (London Metal Exchange)","US$/tn","Banco Mundial","Mensual","Mundial","MUNDO","000","MUNDO",2013-06-01,1815
26,"Industrias Metálicas Básicas, Siderurgia y aluminio",1005,"Aluminio","Precio internacional_LME (London Metal Exchange)","US$/tn","Banco Mundial","Mensual","Mundial","MUNDO","000","MUNDO",2013-07-01,1770
26,"Industrias Metálicas Básicas, Siderurgia y aluminio",1005,"Aluminio","Precio internacional_LME (London Metal Exchange)","US$/tn","Banco Mundial","Mensual","Mundial","MUNDO","000","MUNDO",2013-08-01,1818
26,"Industrias Metálicas Básicas, Siderurgia y aluminio",1005,"Aluminio","Precio internacional_LME (London Metal Exchange)","US$/tn","Banco Mundial","Mensual","Mundial","MUNDO","000","MUNDO",2013-09-01,1761
26,"Industrias Metálicas Básicas, Siderurgia y aluminio",1005,"Aluminio","Precio internacional_LME (London Metal Exchange)","US$/tn","Banco Mundial","Mensual","Mundial","MUNDO","000","MUNDO",2013-10-01,1815
26,"Industrias Metálicas Básicas, Siderurgia y aluminio",1005,"Aluminio","Precio internacional_LME (London Metal Exchange)","US$/tn","Banco Mundial","Mensual","Mundial","MUNDO","000","MUNDO",2013-11-01,1748
26,"Industrias Metálicas Básicas, Siderurgia y aluminio",1005,"Aluminio","Precio internacional_LME (London Metal Exchange)","US$/tn","Banco Mundial","Mensual","Mundial","MUNDO","000","MUNDO",2013-12-01,1740
26,"Industrias Metálicas Básicas, Siderurgia y aluminio",1005,"Aluminio","Precio internacional_LME (London Metal Exchange)","US$/tn","Banco Mundial","Mensual","Mundial","MUNDO","000","MUNDO",2014-01-01,1727
26,"Industrias Metálicas Básicas, Siderurgia y aluminio",1005,"Aluminio","Precio internacional_LME (London Metal Exchange)","US$/tn","Banco Mundial","Mensual","Mundial","MUNDO","000","MUNDO",2014-02-01,1695
26,"Industrias Metálicas Básicas, Siderurgia y aluminio",1005,"Aluminio","Precio internacional_LME (London Metal Exchange)","US$/tn","Banco Mundial","Mensual","Mundial","MUNDO","000","MUNDO",2014-03-01,1705
26,"Industrias Metálicas Básicas, Siderurgia y aluminio",1005,"Aluminio","Precio internacional_LME (London Metal Exchange)","US$/tn","Banco Mundial","Mensual","Mundial","MUNDO","000","MUNDO",2014-04-01,1811
26,"Industrias Metálicas Básicas, Siderurgia y aluminio",1005,"Aluminio","Precio internacional_LME (London Metal Exchange)","US$/tn","Banco Mundial","Mensual","Mundial","MUNDO","000","MUNDO",2014-05-01,1751
26,"Industrias Metálicas Básicas, Siderurgia y aluminio",1005,"Aluminio","Precio internacional_LME (London Metal Exchange)","US$/tn","Banco Mundial","Mensual","Mundial","MUNDO","000","MUNDO",2014-06-01,1839
26,"Industrias Metálicas Básicas, Siderurgia y aluminio",1005,"Aluminio","Precio internacional_LME (London Metal Exchange)","US$/tn","Banco Mundial","Mensual","Mundial","MUNDO","000","MUNDO",2014-07-01,1948
26,"Industrias Metálicas Básicas, Siderurgia y aluminio",1005,"Aluminio","Precio internacional_LME (London Metal Exchange)","US$/tn","Banco Mundial","Mensual","Mundial","MUNDO","000","MUNDO",2014-08-01,2030
26,"Industrias Metálicas Básicas, Siderurgia y aluminio",1005,"Aluminio","Precio internacional_LME (London Metal Exchange)","US$/tn","Banco Mundial","Mensual","Mundial","MUNDO","000","MUNDO",2014-09-01,1990
26,"Industrias Metálicas Básicas, Siderurgia y aluminio",1005,"Aluminio","Precio internacional_LME (London Metal Exchange)","US$/tn","Banco Mundial","Mensual","Mundial","MUNDO","000","MUNDO",2014-10-01,1946
26,"Industrias Metálicas Básicas, Siderurgia y aluminio",1005,"Aluminio","Precio internacional_LME (London Metal Exchange)","US$/tn","Banco Mundial","Mensual","Mundial","MUNDO","000","MUNDO",2014-11-01,2056
26,"Industrias Metálicas Básicas, Siderurgia y aluminio",1005,"Aluminio","Precio internacional_LME (London Metal Exchange)","US$/tn","Banco Mundial","Mensual","Mundial","MUNDO","000","MUNDO",2014-12-01,1909
26,"Industrias Metálicas Básicas, Siderurgia y aluminio",1005,"Aluminio","Precio internacional_LME (London Metal Exchange)","US$/tn","Banco Mundial","Mensual","Mundial","MUNDO","000","MUNDO",2015-01-01,1815
26,"Industrias Metálicas Básicas, Siderurgia y aluminio",1005,"Aluminio","Precio internacional_LME (London Metal Exchange)","US$/tn","Banco Mundial","Mensual","Mundial","MUNDO","000","MUNDO",2015-02-01,1818
26,"Industrias Metálicas Básicas, Siderurgia y aluminio",1005,"Aluminio","Precio internacional_LME (London Metal Exchange)","US$/tn","Banco Mundial","Mensual","Mundial","MUNDO","000","MUNDO",2015-03-01,1774
26,"Industrias Metálicas Básicas, Siderurgia y aluminio",1005,"Aluminio","Precio internacional_LME (London Metal Exchange)","US$/tn","Banco Mundial","Mensual","Mundial","MUNDO","000","MUNDO",2015-04-01,1819
26,"Industrias Metálicas Básicas, Siderurgia y aluminio",1005,"Aluminio","Precio internacional_LME (London Metal Exchange)","US$/tn","Banco Mundial","Mensual","Mundial","MUNDO","000","MUNDO",2015-05-01,1804
26,"Industrias Metálicas Básicas, Siderurgia y aluminio",1005,"Aluminio","Precio internacional_LME (London Metal Exchange)","US$/tn","Banco Mundial","Mensual","Mundial","MUNDO","000","MUNDO",2015-06-01,1688
26,"Industrias Metálicas Básicas, Siderurgia y aluminio",1005,"Aluminio","Precio internacional_LME (London Metal Exchange)","US$/tn","Banco Mundial","Mensual","Mundial","MUNDO","000","MUNDO",2015-07-01,1640
26,"Industrias Metálicas Básicas, Siderurgia y aluminio",1005,"Aluminio","Precio internacional_LME (London Metal Exchange)","US$/tn","Banco Mundial","Mensual","Mundial","MUNDO","000","MUNDO",2015-08-01,1548
26,"Industrias Metálicas Básicas, Siderurgia y aluminio",1005,"Aluminio","Precio internacional_LME (London Metal Exchange)","US$/tn","Banco Mundial","Mensual","Mundial","MUNDO","000","MUNDO",2015-09-01,1590
26,"Industrias Metálicas Básicas, Siderurgia y aluminio",1005,"Aluminio","Precio internacional_LME (London Metal Exchange)","US$/tn","Banco Mundial","Mensual","Mundial","MUNDO","000","MUNDO",2015-10-01,1516
26,"Industrias Metálicas Básicas, Siderurgia y aluminio",1005,"Aluminio","Precio internacional_LME (London Metal Exchange)","US$/tn","Banco Mundial","Mensual","Mundial","MUNDO","000","MUNDO",2015-11-01,1468
26,"Industrias Metálicas Básicas, Siderurgia y aluminio",1005,"Aluminio","Precio internacional_LME (London Metal Exchange)","US$/tn","Banco Mundial","Mensual","Mundial","MUNDO","000","MUNDO",2015-12-01,1497
26,"Industrias Metálicas Básicas, Siderurgia y aluminio",1005,"Aluminio","Precio internacional_LME (London Metal Exchange)","US$/tn","Banco Mundial","Mensual","Mundial","MUNDO","000","MUNDO",2016-01-01,1481
26,"Industrias Metálicas Básicas, Siderurgia y aluminio",1005,"Aluminio","Precio internacional_LME (London Metal Exchange)","US$/tn","Banco Mundial","Mensual","Mundial","MUNDO","000","MUNDO",2016-02-01,1531
26,"Industrias Metálicas Básicas, Siderurgia y aluminio",1005,"Aluminio","Precio internacional_LME (London Metal Exchange)","US$/tn","Banco Mundial","Mensual","Mundial","MUNDO","000","MUNDO",2016-03-01,1531
26,"Industrias Metálicas Básicas, Siderurgia y aluminio",1005,"Aluminio","Precio internacional_LME (London Metal Exchange)","US$/tn","Banco Mundial","Mensual","Mundial","MUNDO","000","MUNDO",2016-04-01,1571
26,"Industrias Metálicas Básicas, Siderurgia y aluminio",1005,"Aluminio","Precio internacional_LME (London Metal Exchange)","US$/tn","Banco Mundial","Mensual","Mundial","MUNDO","000","MUNDO",2016-05-01,1551
26,"Industrias Metálicas Básicas, Siderurgia y aluminio",1005,"Aluminio","Precio internacional_LME (London Metal Exchange)","US$/tn","Banco Mundial","Mensual","Mundial","MUNDO","000","MUNDO",2016-06-01,1594
26,"Industrias Metálicas Básicas, Siderurgia y aluminio",1005,"Aluminio","Precio internacional_LME (London Metal Exchange)","US$/tn","Banco Mundial","Mensual","Mundial","MUNDO","000","MUNDO",2016-07-01,1629
26,"Industrias Metálicas Básicas, Siderurgia y aluminio",1005,"Aluminio","Precio internacional_LME (London Metal Exchange)","US$/tn","Banco Mundial","Mensual","Mundial","MUNDO","000","MUNDO",2016-08-01,1639
26,"Industrias Metálicas Básicas, Siderurgia y aluminio",1005,"Aluminio","Precio internacional_LME (London Metal Exchange)","US$/tn","Banco Mundial","Mensual","Mundial","MUNDO","000","MUNDO",2016-09-01,1592
26,"Industrias Metálicas Básicas, Siderurgia y aluminio",1005,"Aluminio","Precio internacional_LME (London Metal Exchange)","US$/tn","Banco Mundial","Mensual","Mundial","MUNDO","000","MUNDO",2016-10-01,1666
26,"Industrias Metálicas Básicas, Siderurgia y aluminio",1005,"Aluminio","Precio internacional_LME (London Metal Exchange)","US$/tn","Banco Mundial","Mensual","Mundial","MUNDO","000","MUNDO",2016-11-01,1737
26,"Industrias Metálicas Básicas, Siderurgia y aluminio",1005,"Aluminio","Precio internacional_LME (London Metal Exchange)","US$/tn","Banco Mundial","Mensual","Mundial","MUNDO","000","MUNDO",2016-12-01,1728
26,"Industrias Metálicas Básicas, Siderurgia y aluminio",1005,"Aluminio","Precio internacional_LME (London Metal Exchange)","US$/tn","Banco Mundial","Mensual","Mundial","MUNDO","000","MUNDO",2017-01-01,1791
26,"Industrias Metálicas Básicas, Siderurgia y aluminio",1005,"Aluminio","Precio internacional_LME (London Metal Exchange)","US$/tn","Banco Mundial","Mensual","Mundial","MUNDO","000","MUNDO",2017-02-01,1861
26,"Industrias Metálicas Básicas, Siderurgia y aluminio",1005,"Aluminio","Precio internacional_LME (London Metal Exchange)","US$/tn","Banco Mundial","Mensual","Mundial","MUNDO","000","MUNDO",2017-03-01,1901
26,"Industrias Metálicas Básicas, Siderurgia y aluminio",1005,"Aluminio","Precio internacional_LME (London Metal Exchange)","US$/tn","Banco Mundial","Mensual","Mundial","MUNDO","000","MUNDO",2017-04-01,1921
26,"Industrias Metálicas Básicas, Siderurgia y aluminio",1005,"Aluminio","Precio internacional_LME (London Metal Exchange)","US$/tn","Banco Mundial","Mensual","Mundial","MUNDO","000","MUNDO",2017-05-01,1913
26,"Industrias Metálicas Básicas, Siderurgia y aluminio",1005,"Aluminio","Precio internacional_LME (London Metal Exchange)","US$/tn","Banco Mundial","Mensual","Mundial","MUNDO","000","MUNDO",2017-06-01,1885
26,"Industrias Metálicas Básicas, Siderurgia y aluminio",1005,"Aluminio","Precio internacional_LME (London Metal Exchange)","US$/tn","Banco Mundial","Mensual","Mundial","MUNDO","000","MUNDO",2017-07-01,1903
26,"Industrias Metálicas Básicas, Siderurgia y aluminio",1005,"Aluminio","Precio internacional_LME (London Metal Exchange)","US$/tn","Banco Mundial","Mensual","Mundial","MUNDO","000","MUNDO",2017-08-01,2030
26,"Industrias Metálicas Básicas, Siderurgia y aluminio",1005,"Aluminio","Precio internacional_LME (London Metal Exchange)","US$/tn","Banco Mundial","Mensual","Mundial","MUNDO","000","MUNDO",2017-09-01,2096
26,"Industrias Metálicas Básicas, Siderurgia y aluminio",1005,"Aluminio","Precio internacional_LME (London Metal Exchange)","US$/tn","Banco Mundial","Mensual","Mundial","MUNDO","000","MUNDO",2017-10-01,2131
26,"Industrias Metálicas Básicas, Siderurgia y aluminio",1005,"Aluminio","Precio internacional_LME (London Metal Exchange)","US$/tn","Banco Mundial","Mensual","Mundial","MUNDO","000","MUNDO",2017-11-01,2097
26,"Industrias Metálicas Básicas, Siderurgia y aluminio",1005,"Aluminio","Precio internacional_LME (London Metal Exchange)","US$/tn","Banco Mundial","Mensual","Mundial","MUNDO","000","MUNDO",2017-12-01,2080
26,"Industrias Metálicas Básicas, Siderurgia y aluminio",1005,"Aluminio","Precio internacional_LME (London Metal Exchange)","US$/tn","Banco Mundial","Mensual","Mundial","MUNDO","000","MUNDO",2018-01-01,2210
26,"Industrias Metálicas Básicas, Siderurgia y aluminio",1005,"Aluminio","Precio internacional_LME (London Metal Exchange)","US$/tn","Banco Mundial","Mensual","Mundial","MUNDO","000","MUNDO",2018-02-01,2182
26,"Industrias Metálicas Básicas, Siderurgia y aluminio",1005,"Aluminio","Precio internacional_LME (London Metal Exchange)","US$/tn","Banco Mundial","Mensual","Mundial","MUNDO","000","MUNDO",2018-03-01,2069
26,"Industrias Metálicas Básicas, Siderurgia y aluminio",1005,"Aluminio","Precio internacional_LME (London Metal Exchange)","US$/tn","Banco Mundial","Mensual","Mundial","MUNDO","000","MUNDO",2018-04-01,2255
26,"Industrias Metálicas Básicas, Siderurgia y aluminio",1005,"Aluminio","Precio internacional_LME (London Metal Exchange)","US$/tn","Banco Mundial","Mensual","Mundial","MUNDO","000","MUNDO",2018-05-01,2300
26,"Industrias Metálicas Básicas, Siderurgia y aluminio",1005,"Aluminio","Precio internacional_LME (London Metal Exchange)","US$/tn","Banco Mundial","Mensual","Mundial","MUNDO","000","MUNDO",2018-06-01,2238
26,"Industrias Metálicas Básicas, Siderurgia y aluminio",1005,"Aluminio","Precio internacional_LME (London Metal Exchange)","US$/tn","Banco Mundial","Mensual","Mundial","MUNDO","000","MUNDO",2018-07-01,2082
26,"Industrias Metálicas Básicas, Siderurgia y aluminio",1005,"Aluminio","Precio internacional_LME (London Metal Exchange)","US$/tn","Banco Mundial","Mensual","Mundial","MUNDO","000","MUNDO",2018-08-01,2052
26,"Industrias Metálicas Básicas, Siderurgia y aluminio",1005,"Aluminio","Precio internacional_LME (London Metal Exchange)","US$/tn","Banco Mundial","Mensual","Mundial","MUNDO","000","MUNDO",2018-09-01,2026
26,"Industrias Metálicas Básicas, Siderurgia y aluminio",1005,"Aluminio","Precio internacional_LME (London Metal Exchange)","US$/tn","Banco Mundial","Mensual","Mundial","MUNDO","000","MUNDO",2018-10-01,2030
26,"Industrias Metálicas Básicas, Siderurgia y aluminio",1005,"Aluminio","Precio internacional_LME (London Metal Exchange)","US$/tn","Banco Mundial","Mensual","Mundial","MUNDO","000","MUNDO",2018-11-01,1939
26,"Industrias Metálicas Básicas, Siderurgia y aluminio",1005,"Aluminio","Precio internacional_LME (London Metal Exchange)","US$/tn","Banco Mundial","Mensual","Mundial","MUNDO","000","MUNDO",2018-12-01,1920
26,"Industrias Metálicas Básicas, Siderurgia y aluminio",1005,"Aluminio","Precio internacional_LME (London Metal Exchange)","US$/tn","Banco Mundial","Mensual","Mundial","MUNDO","000","MUNDO",2019-01-01,1854
26,"Industrias Metálicas Básicas, Siderurgia y aluminio",1005,"Aluminio","Precio internacional_LME (London Metal Exchange)","US$/tn","Banco Mundial","Mensual","Mundial","MUNDO","000","MUNDO",2019-02-01,1863
26,"Industrias Metálicas Básicas, Siderurgia y aluminio",1005,"Aluminio","Precio internacional_LME (London Metal Exchange)","US$/tn","Banco Mundial","Mensual","Mundial","MUNDO","000","MUNDO",2019-03-01,1871
26,"Industrias Metálicas Básicas, Siderurgia y aluminio",1005,"Aluminio","Precio internacional_LME (London Metal Exchange)","US$/tn","Banco Mundial","Mensual","Mundial","MUNDO","000","MUNDO",2019-04-01,1845
26,"Industrias Metálicas Básicas, Siderurgia y aluminio",1005,"Aluminio","Precio internacional_LME (London Metal Exchange)","US$/tn","Banco Mundial","Mensual","Mundial","MUNDO","000","MUNDO",2019-05-01,1781
26,"Industrias Metálicas Básicas, Siderurgia y aluminio",1005,"Aluminio","Precio internacional_LME (London Metal Exchange)","US$/tn","Banco Mundial","Mensual","Mundial","MUNDO","000","MUNDO",2019-06-01,1756
26,"Industrias Metálicas Básicas, Siderurgia y aluminio",1005,"Aluminio","Precio internacional_LME (London Metal Exchange)","US$/tn","Banco Mundial","Mensual","Mundial","MUNDO","000","MUNDO",2019-07-01,1797
26,"Industrias Metálicas Básicas, Siderurgia y aluminio",1005,"Aluminio","Precio internacional_LME (London Metal Exchange)","US$/tn","Banco Mundial","Mensual","Mundial","MUNDO","000","MUNDO",2019-08-01,1741
26,"Industrias Metálicas Básicas, Siderurgia y aluminio",1005,"Aluminio","Precio internacional_LME (London Metal Exchange)","US$/tn","Banco Mundial","Mensual","Mundial","MUNDO","000","MUNDO",2019-09-01,1754
26,"Industrias Metálicas Básicas, Siderurgia y aluminio",1005,"Aluminio","Precio internacional_LME (London Metal Exchange)","US$/tn","Banco Mundial","Mensual","Mundial","MUNDO","000","MUNDO",2019-10-01,1726
26,"Industrias Metálicas Básicas, Siderurgia y aluminio",1005,"Aluminio","Precio internacional_LME (London Metal Exchange)","US$/tn","Banco Mundial","Mensual","Mundial","MUNDO","000","MUNDO",2019-11-01,1775
26,"Industrias Metálicas Básicas, Siderurgia y aluminio",1005,"Aluminio","Precio internacional_LME (London Metal Exchange)","US$/tn","Banco Mundial","Mensual","Mundial","MUNDO","000","MUNDO",2019-12-01,1771
26,"Industrias Metálicas Básicas, Siderurgia y aluminio",1005,"Aluminio","Precio internacional_LME (London Metal Exchange)","US$/tn","Banco Mundial","Mensual","Mundial","MUNDO","000","MUNDO",2020-01-01,1773
26,"Industrias Metálicas Básicas, Siderurgia y aluminio",1005,"Aluminio","Precio internacional_LME (London Metal Exchange)","US$/tn","Banco Mundial","Mensual","Mundial","MUNDO","000","MUNDO",2020-02-01,1688
26,"Industrias Metálicas Básicas, Siderurgia y aluminio",1005,"Aluminio","Precio internacional_LME (London Metal Exchange)","US$/tn","Banco Mundial","Mensual","Mundial","MUNDO","000","MUNDO",2020-03-01,1611
26,"Industrias Metálicas Básicas, Siderurgia y aluminio",1005,"Aluminio","Precio internacional_LME (London Metal Exchange)","US$/tn","Banco Mundial","Mensual","Mundial","MUNDO","000","MUNDO",2020-04-01,1460
26,"Industrias Metálicas Básicas, Siderurgia y aluminio",1005,"Aluminio","Precio internacional_LME (London Metal Exchange)","US$/tn","Banco Mundial","Mensual","Mundial","MUNDO","000","MUNDO",2020-05-01,1466
26,"Industrias Metálicas Básicas, Siderurgia y aluminio",1005,"Aluminio","Precio internacional_LME (London Metal Exchange)","US$/tn","Banco Mundial","Mensual","Mundial","MUNDO","000","MUNDO",2020-06-01,1569
26,"Industrias Metálicas Básicas, Siderurgia y aluminio",1005,"Aluminio","Precio internacional_LME (London Metal Exchange)","US$/tn","Banco Mundial","Mensual","Mundial","MUNDO","000","MUNDO",2020-07-01,1644
26,"Industrias Metálicas Básicas, Siderurgia y aluminio",1005,"Aluminio","Precio internacional_LME (London Metal Exchange)","US$/tn","Banco Mundial","Mensual","Mundial","MUNDO","000","MUNDO",2020-08-01,1737
26,"Industrias Metálicas Básicas, Siderurgia y aluminio",1005,"Aluminio","Precio internacional_LME (London Metal Exchange)","US$/tn","Banco Mundial","Mensual","Mundial","MUNDO","000","MUNDO",2020-09-01,1744
26,"Industrias Metálicas Básicas, Siderurgia y aluminio",1005,"Aluminio","Precio internacional_LME (London Metal Exchange)","US$/tn","Banco Mundial","Mensual","Mundial","MUNDO","000","MUNDO",2020-10-01,1806
26,"Industrias Metálicas Básicas, Siderurgia y aluminio",1005,"Aluminio","Precio internacional_LME (London Metal Exchange)","US$/tn","Banco Mundial","Mensual","Mundial","MUNDO","000","MUNDO",2020-11-01,1935
26,"Industrias Metálicas Básicas, Siderurgia y aluminio",1005,"Aluminio","Precio internacional_LME (London Metal Exchange)","US$/tn","Banco Mundial","Mensual","Mundial","MUNDO","000","MUNDO",2020-12-01,2015
26,"Industrias Metálicas Básicas, Siderurgia y aluminio",1005,"Aluminio","Precio internacional_LME (London Metal Exchange)","US$/tn","Banco Mundial","Mensual","Mundial","MUNDO","000","MUNDO",2021-01-01,2004
26,"Industrias Metálicas Básicas, Siderurgia y aluminio",1005,"Aluminio","Precio internacional_LME (London Metal Exchange)","US$/tn","Banco Mundial","Mensual","Mundial","MUNDO","000","MUNDO",2021-02-01,2079
26,"Industrias Metálicas Básicas, Siderurgia y aluminio",1005,"Aluminio","Precio internacional_LME (London Metal Exchange)","US$/tn","Banco Mundial","Mensual","Mundial","MUNDO","000","MUNDO",2021-03-01,2190
26,"Industrias Metálicas Básicas, Siderurgia y aluminio",1005,"Aluminio","Precio internacional_LME (London Metal Exchange)","US$/tn","Banco Mundial","Mensual","Mundial","MUNDO","000","MUNDO",2021-04-01,2319
26,"Industrias Metálicas Básicas, Siderurgia y aluminio",1005,"Aluminio","Precio internacional_LME (London Metal Exchange)","US$/tn","Banco Mundial","Mensual","Mundial","MUNDO","000","MUNDO",2021-05-01,2434
26,"Industrias Metálicas Básicas, Siderurgia y aluminio",1005,"Aluminio","Precio internacional_LME (London Metal Exchange)","US$/tn","Banco Mundial","Mensual","Mundial","MUNDO","000","MUNDO",2021-06-01,2447
26,"Industrias Metálicas Básicas, Siderurgia y aluminio",1005,"Aluminio","Precio internacional_LME (London Metal Exchange)","US$/tn","Banco Mundial","Mensual","Mundial","MUNDO","000","MUNDO",2021-07-01,2498
26,"Industrias Metálicas Básicas, Siderurgia y aluminio",1005,"Aluminio","Precio internacional_LME (London Metal Exchange)","US$/tn","Banco Mundial","Mensual","Mundial","MUNDO","000","MUNDO",2021-08-01,2603
26,"Industrias Metálicas Básicas, Siderurgia y aluminio",1005,"Aluminio","Precio internacional_LME (London Metal Exchange)","US$/tn","Banco Mundial","Mensual","Mundial","MUNDO","000","MUNDO",2021-09-01,2835
26,"Industrias Metálicas Básicas, Siderurgia y aluminio",1005,"Aluminio","Precio internacional_LME (London Metal Exchange)","US$/tn","Banco Mundial","Mensual","Mundial","MUNDO","000","MUNDO",2021-10-01,2934
26,"Industrias Metálicas Básicas, Siderurgia y aluminio",1005,"Aluminio","Precio internacional_LME (London Metal Exchange)","US$/tn","Banco Mundial","Mensual","Mundial","MUNDO","000","MUNDO",2021-11-01,2636
26,"Industrias Metálicas Básicas, Siderurgia y aluminio",1005,"Aluminio","Precio internacional_LME (London Metal Exchange)","US$/tn","Banco Mundial","Mensual","Mundial","MUNDO","000","MUNDO",2021-12-01,2696
26,"Industrias Metálicas Básicas, Siderurgia y aluminio",1005,"Aluminio","Precio internacional_LME (London Metal Exchange)","US$/tn","Banco Mundial","Mensual","Mundial","MUNDO","000","MUNDO",2022-01-01,3006
26,"Industrias Metálicas Básicas, Siderurgia y aluminio",1005,"Aluminio","Precio internacional_LME (London Metal Exchange)","US$/tn","Banco Mundial","Mensual","Mundial","MUNDO","000","MUNDO",2022-02-01,3246
26,"Industrias Metálicas Básicas, Siderurgia y aluminio",1005,"Aluminio","Precio internacional_LME (London Metal Exchange)","US$/tn","Banco Mundial","Mensual","Mundial","MUNDO","000","MUNDO",2022-03-01,3498
26,"Industrias Metálicas Básicas, Siderurgia y aluminio",1005,"Aluminio","Precio internacional_LME (London Metal Exchange)","US$/tn","Banco Mundial","Mensual","Mundial","MUNDO","000","MUNDO",2022-04-01,3244
26,"Industrias Metálicas Básicas, Siderurgia y aluminio",1005,"Aluminio","Precio internacional_LME (London Metal Exchange)","US$/tn","Banco Mundial","Mensual","Mundial","MUNDO","000","MUNDO",2022-05-01,2830
26,"Industrias Metálicas Básicas, Siderurgia y aluminio",1005,"Aluminio","Precio internacional_LME (London Metal Exchange)","US$/tn","Banco Mundial","Mensual","Mundial","MUNDO","000","MUNDO",2022-06-01,2563
26,"Industrias Metálicas Básicas, Siderurgia y aluminio",1005,"Aluminio","Precio internacional_LME (London Metal Exchange)","US$/tn","Banco Mundial","Mensual","Mundial","MUNDO","000","MUNDO",2022-07-01,2408
26,"Industrias Metálicas Básicas, Siderurgia y aluminio",1005,"Aluminio","Precio internacional_LME (London Metal Exchange)","US$/tn","Banco Mundial","Mensual","Mundial","MUNDO","000","MUNDO",2022-08-01,2431
26,"Industrias Metálicas Básicas, Siderurgia y aluminio",1005,"Aluminio","Precio internacional_LME (London Metal Exchange)","US$/tn","Banco Mundial","Mensual","Mundial","MUNDO","000","MUNDO",2022-09-01,2225
26,"Industrias Metálicas Básicas, Siderurgia y aluminio",1005,"Aluminio","Precio internacional_LME (London Metal Exchange)","US$/tn","Banco Mundial","Mensual","Mundial","MUNDO","000","MUNDO",2022-10-01,2256
26,"Industrias Metálicas Básicas, Siderurgia y aluminio",1005,"Aluminio","Precio internacional_LME (London Metal Exchange)","US$/tn","Banco Mundial","Mensual","Mundial","MUNDO","000","MUNDO",2022-11-01,2351
26,"Industrias Metálicas Básicas, Siderurgia y aluminio",1005,"Aluminio","Precio internacional_LME (London Metal Exchange)","US$/tn","Banco Mundial","Mensual","Mundial","MUNDO","000","MUNDO",2022-12-01,2402
26,"Industrias Metálicas Básicas, Siderurgia y aluminio",1005,"Aluminio","Precio internacional_LME (London Metal Exchange)","US$/tn","Banco Mundial","Mensual","Mundial","MUNDO","000","MUNDO",2023-01-01,2502
26,"Industrias Metálicas Básicas, Siderurgia y aluminio",1005,"Aluminio","Precio internacional_LME (London Metal Exchange)","US$/tn","Banco Mundial","Mensual","Mundial","MUNDO","000","MUNDO",2023-02-01,2416
26,"Industrias Metálicas Básicas, Siderurgia y aluminio",1005,"Aluminio","Precio internacional_LME (London Metal Exchange)","US$/tn","Banco Mundial","Mensual","Mundial","MUNDO","000","MUNDO",2023-03-01,2296
26,"Industrias Metálicas Básicas, Siderurgia y aluminio",1005,"Aluminio","Precio internacional_LME (London Metal Exchange)","US$/tn","Banco Mundial","Mensual","Mundial","MUNDO","000","MUNDO",2023-04-01,2343
26,"Industrias Metálicas Básicas, Siderurgia y aluminio",1005,"Aluminio","Precio internacional_LME (London Metal Exchange)","US$/tn","Banco Mundial","Mensual","Mundial","MUNDO","000","MUNDO",2023-05-01,2269
26,"Industrias Metálicas Básicas, Siderurgia y aluminio",1005,"Aluminio","Precio internacional_LME (London Metal Exchange)","US$/tn","Banco Mundial","Mensual","Mundial","MUNDO","000","MUNDO",2023-06-01,2185
26,"Industrias Metálicas Básicas, Siderurgia y aluminio",1005,"Aluminio","Precio internacional_LME (London Metal Exchange)","US$/tn","Banco Mundial","Mensual","Mundial","MUNDO","000","MUNDO",2023-07-01,2160
26,"Industrias Metálicas Básicas, Siderurgia y aluminio",1005,"Aluminio","Precio internacional_LME (London Metal Exchange)","US$/tn","Banco Mundial","Mensual","Mundial","MUNDO","000","MUNDO",2023-08-01,2137
26,"Industrias Metálicas Básicas, Siderurgia y aluminio",1005,"Aluminio","Precio internacional_LME (London Metal Exchange)","US$/tn","Banco Mundial","Mensual","Mundial","MUNDO","000","MUNDO",2023-09-01,2185
26,"Industrias Metálicas Básicas, Siderurgia y aluminio",1005,"Aluminio","Precio internacional_LME (London Metal Exchange)","US$/tn","Banco Mundial","Mensual","Mundial","MUNDO","000","MUNDO",2023-10-01,2192
26,"Industrias Metálicas Básicas, Siderurgia y aluminio",1005,"Aluminio","Precio internacional_LME (London Metal Exchange)","US$/tn","Banco Mundial","Mensual","Mundial","MUNDO","000","MUNDO",2023-11-01,2202
26,"Industrias Metálicas Básicas, Siderurgia y aluminio",1005,"Aluminio","Precio internacional_LME (London Metal Exchange)","US$/tn","Banco Mundial","Mensual","Mundial","MUNDO","000","MUNDO",2023-12-01,2182
26,"Industrias Metálicas Básicas, Siderurgia y aluminio",1005,"Aluminio","Precio internacional_LME (London Metal Exchange)","US$/tn","Banco Mundial","Mensual","Mundial","MUNDO","000","MUNDO",2024-01-01,2193
26,"Industrias Metálicas Básicas, Siderurgia y aluminio",1005,"Aluminio","Precio internacional_LME (London Metal Exchange)","US$/tn","Banco Mundial","Mensual","Mundial","MUNDO","000","MUNDO",2024-02-01,2179
26,"Industrias Metálicas Básicas, Siderurgia y aluminio",1005,"Aluminio","Precio internacional_LME (London Metal Exchange)","US$/tn","Banco Mundial","Mensual","Mundial","MUNDO","000","MUNDO",2024-03-01,2226
26,"Industrias Metálicas Básicas, Siderurgia y aluminio",1005,"Aluminio","Precio internacional_LME (London Metal Exchange)","US$/tn","Banco Mundial","Mensual","Mundial","MUNDO","000","MUNDO",2024-04-01,2506
26,"Industrias Metálicas Básicas, Siderurgia y aluminio",1005,"Aluminio","Precio internacional_LME (London Metal Exchange)","US$/tn","Banco Mundial","Mensual","Mundial","MUNDO","000","MUNDO",2024-05-01,2565
26,"Industrias Metálicas Básicas, Siderurgia y aluminio",1005,"Aluminio","Precio internacional_LME (London Metal Exchange)","US$/tn","Banco Mundial","Mensual","Mundial","MUNDO","000","MUNDO",2024-06-01,2498
26,"Industrias Metálicas Básicas, Siderurgia y aluminio",1005,"Aluminio","Precio internacional_LME (London Metal Exchange)","US$/tn","Banco Mundial","Mensual","Mundial","MUNDO","000","MUNDO",2024-07-01,2349
26,"Industrias Metálicas Básicas, Siderurgia y aluminio",1005,"Aluminio","Precio internacional_LME (London Metal Exchange)","US$/tn","Banco Mundial","Mensual","Mundial","MUNDO","000","MUNDO",2024-08-01,2344
26,"Industrias Metálicas Básicas, Siderurgia y aluminio",1005,"Aluminio","Precio internacional_LME (London Metal Exchange)","US$/tn","Banco Mundial","Mensual","Mundial","MUNDO","000","MUNDO",2024-09-01,2450
26,"Industrias Metálicas Básicas, Siderurgia y aluminio",1005,"Aluminio","Precio internacional_LME (London Metal Exchange)","US$/tn","Banco Mundial","Mensual","Mundial","MUNDO","000","MUNDO",2024-10-01,2596
26,"Industrias Metálicas Básicas, Siderurgia y aluminio",1005,"Aluminio","Precio internacional_LME (London Metal Exchange)","US$/tn","Banco Mundial","Mensual","Mundial","MUNDO","000","MUNDO",2024-11-01,2582
26,"Industrias Metálicas Básicas, Siderurgia y aluminio",1005,"Aluminio","Precio internacional_LME (London Metal Exchange)","US$/tn","Banco Mundial","Mensual","Mundial","MUNDO","000","MUNDO",2024-12-01,2541
26,"Industrias Metálicas Básicas, Siderurgia y aluminio",1005,"Aluminio","Precio internacional_LME (London Metal Exchange)","US$/tn","Banco Mundial","Mensual","Mundial","MUNDO","000","MUNDO",2025-01-01,2573
26,"Industrias Metálicas Básicas, Siderurgia y aluminio",1005,"Aluminio","Precio internacional_LME (London Metal Exchange)","US$/tn","Banco Mundial","Mensual","Mundial","MUNDO","000","MUNDO",2025-02-01,2658
26,"Industrias Metálicas Básicas, Siderurgia y aluminio",1005,"Aluminio","Precio internacional_LME (London Metal Exchange)","US$/tn","Banco Mundial","Mensual","Mundial","MUNDO","000","MUNDO",2025-03-01,2658
26,"Industrias Metálicas Básicas, Siderurgia y aluminio",1005,"Aluminio","Precio internacional_LME (London Metal Exchange)","US$/tn","Banco Mundial","Mensual","Mundial","MUNDO","000","MUNDO",2025-04-01,2372
26,"Industrias Metálicas Básicas, Siderurgia y aluminio",1005,"Aluminio","Precio internacional_LME (London Metal Exchange)","US$/tn","Banco Mundial","Mensual","Mundial","MUNDO","000","MUNDO",2025-05-01,2449
26,"Industrias Metálicas Básicas, Siderurgia y aluminio",1005,"Aluminio","Precio internacional_LME (London Metal Exchange)","US$/tn","Banco Mundial","Mensual","Mundial","MUNDO","000","MUNDO",2025-06-01,2526
26,"Industrias Metálicas Básicas, Siderurgia y aluminio",1005,"Aluminio","Precio internacional_LME (London Metal Exchange)","US$/tn","Banco Mundial","Mensual","Mundial","MUNDO","000","MUNDO",2025-07-01,2606
26,"Industrias Metálicas Básicas, Siderurgia y aluminio",1005,"Aluminio","Precio internacional_LME (London Metal Exchange)","US$/tn","Banco Mundial","Mensual","Mundial","MUNDO","000","MUNDO",2025-08-01,2597
26,"Industrias Metálicas Básicas, Siderurgia y aluminio",1005,"Aluminio","Precio internacional_LME (London Metal Exchange)","US$/tn","Banco Mundial","Mensual","Mundial","MUNDO","000","MUNDO",2025-09-01,2653
26,"Industrias Metálicas Básicas, Siderurgia y aluminio",1005,"Aluminio","Precio internacional_LME (London Metal Exchange)","US$/tn","Banco Mundial","Mensual","Mundial","MUNDO","000","MUNDO",2025-10-01,2793
26,"Industrias Metálicas Básicas, Siderurgia y aluminio",1005,"Aluminio","Precio internacional_LME (London Metal Exchange)","US$/tn","Banco Mundial","Mensual","Mundial","MUNDO","000","MUNDO",2025-11-01,2819
26,"Industrias Metálicas Básicas, Siderurgia y aluminio",1005,"Aluminio","Precio internacional_LME (London Metal Exchange)","US$/tn","Banco Mundial","Mensual","Mundial","MUNDO","000","MUNDO",2025-12-01,2876
26,"Industrias Metálicas Básicas, Siderurgia y aluminio",1005,"Aluminio","Precio internacional_LME (London Metal Exchange)","US$/tn","Banco Mundial","Mensual","Mundial","MUNDO","000","MUNDO",2026-01-01,3142
26,"Industrias Metálicas Básicas, Siderurgia y aluminio",1005,"Aluminio","Precio internacional_LME (London Metal Exchange)","US$/tn","Banco Mundial","Mensual","Mundial","MUNDO","000","MUNDO",2026-02-01,3065
26,"Industrias Metálicas Básicas, Siderurgia y aluminio",1005,"Aluminio","Precio internacional_LME (London Metal Exchange)","US$/tn","Banco Mundial","Mensual","Mundial","MUNDO","000","MUNDO",2026-03-01,3373
26,"Industrias Metálicas Básicas, Siderurgia y aluminio",1005,"Aluminio","Precio internacional_LME (London Metal Exchange)","US$/tn","Banco Mundial","Mensual","Mundial","MUNDO","000","MUNDO",2026-04-01,3600
26,"Industrias Metálicas Básicas, Siderurgia y aluminio",1005,"Aluminio","Precio internacional_LME (London Metal Exchange)","US$/tn","Banco Mundial","Mensual","Mundial","MUNDO","000","MUNDO",2026-05-01,3666
26,"Industrias Metálicas Básicas, Siderurgia y aluminio",1005,"Aluminio","Precio internacional_LME (London Metal Exchange)","US$/tn","Banco Mundial","Mensual","Mundial","MUNDO","000","MUNDO",2026-06-01,3439
26,"Industrias Metálicas Básicas, Siderurgia y aluminio",1005,"Aluminio","Precio internacional_LME (London Metal Exchange)","US$/tn","Banco Mundial","Mensual","Mundial","MUNDO","000","MUNDO",2026-07-01,3161
26,"Industrias Metálicas Básicas, Siderurgia y aluminio",1004,"Aluminio primario","Producción","tn","CAIAMA","Anual","Nacional","PROVINCIA","26","CHUBUT",1993-01-01,170600
26,"Industrias Metálicas Básicas, Siderurgia y aluminio",1004,"Aluminio primario","Producción","tn","CAIAMA","Anual","Nacional","PROVINCIA","26","CHUBUT",1994-01-01,173300
26,"Industrias Metálicas Básicas, Siderurgia y aluminio",1004,"Aluminio primario","Producción","tn","CAIAMA","Anual","Nacional","PROVINCIA","26","CHUBUT",1995-01-01,183100
26,"Industrias Metálicas Básicas, Siderurgia y aluminio",1004,"Aluminio primario","Producción","tn","CAIAMA","Anual","Nacional","PROVINCIA","26","CHUBUT",1996-01-01,183910
26,"Industrias Metálicas Básicas, Siderurgia y aluminio",1004,"Aluminio primario","Producción","tn","CAIAMA","Anual","Nacional","PROVINCIA","26","CHUBUT",1997-01-01,183724
26,"Industrias Metálicas Básicas, Siderurgia y aluminio",1004,"Aluminio primario","Producción","tn","CAIAMA","Anual","Nacional","PROVINCIA","26","CHUBUT",1998-01-01,185140
26,"Industrias Metálicas Básicas, Siderurgia y aluminio",1004,"Aluminio primario","Producción","tn","CAIAMA","Anual","Nacional","PROVINCIA","26","CHUBUT",1999-01-01,204600
26,"Industrias Metálicas Básicas, Siderurgia y aluminio",1004,"Aluminio primario","Producción","tn","CAIAMA","Anual","Nacional","PROVINCIA","26","CHUBUT",2000-01-01,263744
26,"Industrias Metálicas Básicas, Siderurgia y aluminio",1004,"Aluminio primario","Producción","tn","CAIAMA","Anual","Nacional","PROVINCIA","26","CHUBUT",2001-01-01,245052
26,"Industrias Metálicas Básicas, Siderurgia y aluminio",1004,"Aluminio primario","Producción","tn","CAIAMA","Anual","Nacional","PROVINCIA","26","CHUBUT",2002-01-01,268806
26,"Industrias Metálicas Básicas, Siderurgia y aluminio",1004,"Aluminio primario","Producción","tn","CAIAMA","Anual","Nacional","PROVINCIA","26","CHUBUT",2003-01-01,272252
26,"Industrias Metálicas Básicas, Siderurgia y aluminio",1004,"Aluminio primario","Producción","tn","CAIAMA","Anual","Nacional","PROVINCIA","26","CHUBUT",2004-01-01,271675
26,"Industrias Metálicas Básicas, Siderurgia y aluminio",1004,"Aluminio primario","Producción","tn","CAIAMA","Anual","Nacional","PROVINCIA","26","CHUBUT",2005-01-01,270580
26,"Industrias Metálicas Básicas, Siderurgia y aluminio",1004,"Aluminio primario","Producción","tn","CAIAMA","Anual","Nacional","PROVINCIA","26","CHUBUT",2006-01-01,277779
26,"Industrias Metálicas Básicas, Siderurgia y aluminio",1004,"Aluminio primario","Producción","tn","CAIAMA","Anual","Nacional","PROVINCIA","26","CHUBUT",2007-01-01,293000
26,"Industrias Metálicas Básicas, Siderurgia y aluminio",1004,"Aluminio primario","Producción","tn","CAIAMA","Anual","Nacional","PROVINCIA","26","CHUBUT",2008-01-01,399715
26,"Industrias Metálicas Básicas, Siderurgia y aluminio",1004,"Aluminio primario","Producción","tn","CAIAMA","Anual","Nacional","PROVINCIA","26","CHUBUT",2009-01-01,406700
26,"Industrias Metálicas Básicas, Siderurgia y aluminio",1004,"Aluminio primario","Producción","tn","CAIAMA","Anual","Nacional","PROVINCIA","26","CHUBUT",2010-01-01,414301
26,"Industrias Metálicas Básicas, Siderurgia y aluminio",1004,"Aluminio primario","Producción","tn","CAIAMA","Anual","Nacional","PROVINCIA","26","CHUBUT",2011-01-01,419193
26,"Industrias Metálicas Básicas, Siderurgia y aluminio",1004,"Aluminio primario","Producción","tn","CAIAMA","Anual","Nacional","PROVINCIA","26","CHUBUT",2012-01-01,410318
26,"Industrias Metálicas Básicas, Siderurgia y aluminio",1004,"Aluminio primario","Producción","tn","CAIAMA","Anual","Nacional","PROVINCIA","26","CHUBUT",2013-01-01,439824
26,"Industrias Metálicas Básicas, Siderurgia y aluminio",1004,"Aluminio primario","Producción","tn","CAIAMA","Anual","Nacional","PROVINCIA","26","CHUBUT",2014-01-01,445012
26,"Industrias Metálicas Básicas, Siderurgia y aluminio",1004,"Aluminio primario","Producción","tn","CAIAMA","Anual","Nacional","PROVINCIA","26","CHUBUT",2015-01-01,431901
26,"Industrias Metálicas Básicas, Siderurgia y aluminio",1004,"Aluminio primario","Producción","tn","CAIAMA","Anual","Nacional","PROVINCIA","26","CHUBUT",2016-01-01,428957
26,"Industrias Metálicas Básicas, Siderurgia y aluminio",1004,"Aluminio primario","Producción","tn","CAIAMA","Anual","Nacional","PROVINCIA","26","CHUBUT",2017-01-01,431239
26,"Industrias Metálicas Básicas, Siderurgia y aluminio",1004,"Aluminio primario","Producción","tn","CAIAMA","Anual","Nacional","PROVINCIA","26","CHUBUT",2018-01-01,439600
26,"Industrias Metálicas Básicas, Siderurgia y aluminio",1004,"Aluminio primario","Producción","tn","CAIAMA","Anual","Nacional","PROVINCIA","26","CHUBUT",2019-01-01,438434
26,"Industrias Metálicas Básicas, Siderurgia y aluminio",1004,"Aluminio primario","Producción","tn","CAIAMA","Anual","Nacional","PROVINCIA","26","CHUBUT",2020-01-01,309804
26,"Industrias Metálicas Básicas, Siderurgia y aluminio",1004,"Aluminio primario","Producción","tn","CAIAMA","Anual","Nacional","PROVINCIA","26","CHUBUT",2021-01-01,338239
26,"Industrias Metálicas Básicas, Siderurgia y aluminio",1004,"Aluminio primario","Producción","tn","CAIAMA","Anual","Nacional","PROVINCIA","26","CHUBUT",2022-01-01,400038
26,"Industrias Metálicas Básicas, Siderurgia y aluminio",1004,"Aluminio primario","Producción","tn","CAIAMA","Anual","Nacional","PROVINCIA","26","CHUBUT",2023-01-01,440933
26,"Industrias Metálicas Básicas, Siderurgia y aluminio",1004,"Aluminio primario","Producción","tn","CAIAMA","Anual","Nacional","PROVINCIA","26","CHUBUT",2024-01-01,447549
26,"Industrias Metálicas Básicas, Siderurgia y aluminio",1004,"Aluminio primario","Producción","tn","CAIAMA","Anual","Nacional","PROVINCIA","26","CHUBUT",2025-01-01,446332
